{"initial_reset_timestamp": 1641463528.1689658, "timestamps": [1641463531.405688, 1641463531.6223645, 1641463531.9413826, 1641463532.2397394, 1641463532.5307992, 1641463532.8175442, 1641463534.8776352, 1641463535.16141, 1641463535.4435287, 1641463535.7279718, 1641463536.0107422, 1641463536.2904065, 1641463536.5381489, 1641463538.9684913, 1641463540.0404031, 1641463541.117848, 1641463542.184359, 1641463543.2503743, 1641463544.3264673, 1641463545.4070294, 1641463548.3278284, 1641463549.4026551, 1641463550.4825113, 1641463551.5649996, 1641463552.6518834, 1641463553.731738, 1641463556.5533435, 1641463557.6329405, 1641463558.7169983, 1641463559.804052, 1641463560.8880837, 1641463561.9615612, 1641463563.0405006, 1641463565.9518967, 1641463566.9867234, 1641463568.0725503, 1641463569.1492856, 1641463570.22617, 1641463571.3042903, 1641463572.379819, 1641463575.236544, 1641463576.3106933, 1641463577.3801217, 1641463578.4567432, 1641463579.5341945, 1641463580.194063, 1641463581.2707264, 1641463584.1807055, 1641463585.262543, 1641463586.3433301, 1641463587.422314, 1641463588.4970686, 1641463589.5642376, 1641463592.4831812, 1641463593.5483925, 1641463594.6119976, 1641463595.6781259, 1641463596.7478194, 1641463597.8152962, 1641463598.8906808, 1641463601.800402, 1641463602.8820195, 1641463603.948773, 1641463605.015968, 1641463606.0764496, 1641463607.1414676, 1641463608.1997075, 1641463611.0213947, 1641463612.0915837, 1641463613.161226, 1641463614.2343504, 1641463615.3103387, 1641463616.381078, 1641463619.194438, 1641463620.265187, 1641463621.3338554, 1641463622.4011414, 1641463623.4716706, 1641463624.5454333, 1641463625.6369107, 1641463628.4211845, 1641463629.4821906, 1641463630.546547, 1641463631.616062, 1641463632.696538, 1641463633.739071, 1641463634.7889314, 1641463637.5257032, 1641463638.5777576, 1641463639.6327457, 1641463640.71305, 1641463641.7635887, 1641463642.81832, 1641463645.561128, 1641463646.6115766, 1641463647.6749017, 1641463648.7544968, 1641463649.8076644, 1641463650.8581738, 1641463651.9172502, 1641463654.7193513, 1641463655.8225093, 1641463656.8892384, 1641463657.938809, 1641463658.9852479, 1641463660.032651, 1641463661.0797935, 1641463664.1104267, 1641463665.157996, 1641463666.2058806, 1641463667.2530425, 1641463668.298422, 1641463669.3431964, 1641463672.3394237, 1641463673.385444, 1641463674.4317267, 1641463675.4815993, 1641463676.5272772, 1641463677.5743294, 1641463678.6233068, 1641463681.5054038, 1641463682.5511534, 1641463683.5996625, 1641463684.643412, 1641463685.7109737, 1641463686.7542844, 1641463687.802742, 1641463690.6170611, 1641463691.6611712, 1641463692.708542, 1641463693.7507696, 1641463694.8019054, 1641463695.8535655, 1641463698.6777818, 1641463699.724513, 1641463700.7727346, 1641463701.8256867, 1641463702.8731225, 1641463703.9180915, 1641463704.963185, 1641463707.7421095, 1641463708.7882106, 1641463709.838278, 1641463710.8795087, 1641463711.9233127, 1641463712.9915643, 1641463714.0367672, 1641463716.8482077, 1641463717.8939908, 1641463718.9407332, 1641463719.985887, 1641463721.0337026, 1641463722.0800273, 1641463724.8594773, 1641463725.9064696, 1641463726.9530551, 1641463727.9972045, 1641463729.041707, 1641463730.0892274, 1641463731.1609128, 1641463733.9076605, 1641463734.9526072, 1641463735.9995563, 1641463737.044944, 1641463738.0922687, 1641463739.171734, 1641463740.2168667, 1641463742.9438272, 1641463743.9905345, 1641463745.0338466, 1641463746.1093643, 1641463747.1541965, 1641463748.197928, 1641463751.014406, 1641463752.0605497, 1641463753.105116, 1641463754.1782126, 1641463755.2206323, 1641463756.2629788, 1641463757.3072524, 1641463760.1249564, 1641463761.2020068, 1641463762.24485, 1641463763.2888758, 1641463764.338172, 1641463765.3815053, 1641463766.4270613, 1641463769.2830625, 1641463770.3293316, 1641463771.3752055, 1641463772.4217951, 1641463773.468371, 1641463774.512849, 1641463777.2823875, 1641463778.324762, 1641463779.3775764, 1641463780.4269602, 1641463781.067886, 1641463782.119818, 1641463783.1719701, 1641463784.2264574, 1641463787.0061088, 1641463788.057521, 1641463789.1067288, 1641463790.153138, 1641463791.2025259, 1641463792.2433255, 1641463795.0797424, 1641463796.1235554, 1641463797.1701024, 1641463798.2140152, 1641463799.2519186, 1641463800.2970731, 1641463801.337872, 1641463804.2348511, 1641463805.2790966, 1641463806.3141274, 1641463807.356232, 1641463808.4023657, 1641463809.444612, 1641463810.490149, 1641463813.7025187, 1641463814.7500064, 1641463815.7955897, 1641463816.8380613, 1641463817.912297, 1641463818.9562547, 1641463822.7615695, 1641463823.8046272, 1641463824.8515422, 1641463825.902861, 1641463826.946518, 1641463827.9892895, 1641463829.0314937, 1641463831.7368517, 1641463832.7785137, 1641463833.8198123, 1641463834.8603354, 1641463835.9058352, 1641463836.942926, 1641463838.00811, 1641463841.7167997, 1641463842.7580967, 1641463843.8058493, 1641463844.8555691, 1641463845.9048288, 1641463846.9525042, 1641463850.6416268, 1641463851.6908038, 1641463852.7425895, 1641463853.7939022, 1641463854.846063, 1641463855.8978798, 1641463856.9425733, 1641463860.2169802, 1641463861.2570732, 1641463862.300927, 1641463863.3445547, 1641463864.3855429, 1641463865.4285996, 1641463866.4729083, 1641463869.2410321, 1641463870.2894952, 1641463871.3328726, 1641463872.384028, 1641463873.444086, 1641463874.5059714, 1641463877.2980537, 1641463878.3590064, 1641463879.4183562, 1641463880.4803288, 1641463881.5418327, 1641463882.6006434, 1641463883.6598768, 1641463886.4886765, 1641463887.5496907, 1641463888.608627, 1641463889.6673396, 1641463890.725495, 1641463891.7863317, 1641463892.8699617, 1641463895.8089008, 1641463896.8680713, 1641463897.9276245, 1641463898.9856567, 1641463900.0706196, 1641463901.1320765, 1641463903.9760888, 1641463905.037638, 1641463906.0972142, 1641463907.1840172, 1641463908.2380295, 1641463909.2955976, 1641463910.355132, 1641463913.371798, 1641463914.4304607, 1641463915.4875722, 1641463916.544443, 1641463917.6043663, 1641463918.6595025, 1641463919.716501, 1641463923.9968026, 1641463925.0554788, 1641463926.116412, 1641463927.1743467, 1641463928.2337785, 1641463929.2918563, 1641463934.118673, 1641463935.1769557, 1641463936.232887, 1641463937.290671, 1641463938.3535833, 1641463939.4111004, 1641463940.4675493, 1641463945.272255, 1641463946.3258388, 1641463947.3818471, 1641463948.4386852, 1641463949.4983857, 1641463950.5543756, 1641463951.611359, 1641463956.3541975, 1641463957.4105587, 1641463958.472496, 1641463959.5356498, 1641463960.5930924, 1641463961.6495414, 1641463966.5636022, 1641463967.620161, 1641463968.675315, 1641463969.7321842, 1641463970.8126817, 1641463971.8691275, 1641463972.9259431],