{"initial_reset_timestamp": 1641463529.9836931, "timestamps": [1641463530.3156662, 1641463530.47892, 1641463530.6423836, 1641463530.8048122, 1641463530.9716003, 1641463531.1355102, 1641463531.3191867, 1641463533.795747, 1641463533.9583526, 1641463534.1226194, 1641463534.2869642, 1641463534.451502, 1641463534.6426466, 1641463534.8069592, 1641463537.471375, 1641463537.6341827, 1641463537.7961779, 1641463537.9607797, 1641463538.1531558, 1641463538.3172212, 1641463538.480675, 1641463546.4184656, 1641463546.5940647, 1641463546.7959526, 1641463546.9708319, 1641463547.1459482, 1641463547.3211162, 1641463547.4971695, 1641463555.3996303, 1641463555.5601776, 1641463555.7481027, 1641463555.9096546, 1641463556.0706866, 1641463556.2334757, 1641463556.3941221, 1641463564.420846, 1641463564.5939937, 1641463564.7673168, 1641463564.9405391, 1641463565.111213, 1641463565.2851112, 1641463565.4573178, 1641463573.4872627, 1641463573.6464736, 1641463573.8089619, 1641463573.9692917, 1641463574.131289, 1641463574.2967477, 1641463574.4584613, 1641463582.4452975, 1641463582.620613, 1641463582.7944322, 1641463582.9669235, 1641463583.1393232, 1641463583.3126612, 1641463583.486674, 1641463591.4153094, 1641463591.5891209, 1641463591.7636309, 1641463591.9381108, 1641463592.1119292, 1641463592.2862942, 1641463592.4588828, 1641463600.4026253, 1641463600.5743573, 1641463600.7480934, 1641463600.920878, 1641463601.0944974, 1641463601.2680387, 1641463601.439205, 1641463609.3642175, 1641463609.525413, 1641463609.6851764, 1641463609.8450716, 1641463610.010499, 1641463610.177305, 1641463610.3369963, 1641463618.2144253, 1641463618.3760846, 1641463618.532556, 1641463618.6914887, 1641463618.8524616, 1641463619.009595, 1641463619.170166, 1641463627.0958838, 1641463627.255463, 1641463627.4157095, 1641463627.575964, 1641463627.737391, 1641463627.9028666, 1641463628.0634177, 1641463635.912719, 1641463636.0683572, 1641463636.2255163, 1641463636.3837564, 1641463636.540118, 1641463636.6983101, 1641463636.8534138, 1641463644.5898073, 1641463644.7471223, 1641463644.904001, 1641463645.0613635, 1641463645.2176802, 1641463645.37698, 1641463645.536778, 1641463653.3962016, 1641463653.5557077, 1641463653.7162306, 1641463653.8781164, 1641463654.041463, 1641463654.2038708, 1641463654.3626611, 1641463662.1823742, 1641463662.3552272, 1641463662.5263112, 1641463662.6893487, 1641463662.8622515, 1641463663.002055, 1641463663.1176763, 1641463663.2740798, 1641463663.4397686, 1641463671.154632, 1641463671.267836, 1641463671.469767, 1641463671.621624, 1641463671.795391, 1641463671.9686248, 1641463672.1415942, 1641463672.3159664, 1641463680.1151311, 1641463680.2883723, 1641463680.4634445, 1641463680.6370745, 1641463680.8112535, 1641463680.9855049, 1641463681.1577961, 1641463688.9590585, 1641463689.124076, 1641463689.2875748, 1641463689.4527643, 1641463689.6159732, 1641463689.78098, 1641463689.9470747, 1641463697.6587284, 1641463697.8262374, 1641463697.993141, 1641463698.156483, 1641463698.3214214, 1641463698.4860153, 1641463698.6541142, 1641463706.4352589, 1641463706.5951135, 1641463706.7583172, 1641463706.9170353, 1641463707.0760143, 1641463707.2341964, 1641463707.3932412, 1641463715.1967564, 1641463715.359989, 1641463715.5237353, 1641463715.6869652, 1641463715.8511617, 1641463716.0121906, 1641463716.173495, 1641463723.8785162, 1641463724.036825, 1641463724.1962123, 1641463724.3578553, 1641463724.5193906, 1641463724.6775675, 1641463724.836017, 1641463732.6011903, 1641463732.7597167, 1641463732.9203656, 1641463733.078095, 1641463733.2383285, 1641463733.3982844, 1641463733.5585904, 1641463741.3378956, 1641463741.4929812, 1641463741.6492674, 1641463741.8064966, 1641463741.9622407, 1641463742.117456, 1641463742.2724006, 1641463749.984472, 1641463750.1519682, 1641463750.319484, 1641463750.4869518, 1641463750.655624, 1641463750.8239927, 1641463750.9909382, 1641463758.7766051, 1641463758.9419732, 1641463759.1092916, 1641463759.2766974, 1641463759.443925, 1641463759.6110845, 1641463759.7772608, 1641463767.561723, 1641463767.7329574, 1641463767.905084, 1641463768.0755236, 1641463768.2447119, 1641463768.4441328, 1641463768.6127422, 1641463776.2782037, 1641463776.4346898, 1641463776.595766, 1641463776.7556403, 1641463776.9135222, 1641463777.0975606, 1641463777.258656, 1641463785.1093605, 1641463785.2650504, 1641463785.4482756, 1641463785.60375, 1641463785.7693684, 1641463785.929995, 1641463786.0865977, 1641463793.7916071, 1641463793.962088, 1641463794.152907, 1641463794.319077, 1641463794.484423, 1641463794.650284, 1641463794.8165526, 1641463802.5752003, 1641463802.7401242, 1641463802.887115, 1641463803.037142, 1641463803.2019978, 1641463803.366777, 1641463803.5329936, 1641463803.6489084, 1641463811.3480556, 1641463811.4772162, 1641463811.59964, 1641463811.7425122, 1641463811.871412, 1641463811.9732172, 1641463812.07975, 1641463812.1939209, 1641463812.308937, 1641463812.4357271, 1641463812.5472417, 1641463812.6806495, 1641463812.7921474, 1641463820.45116, 1641463820.545377, 1641463820.6359706, 1641463820.7320094, 1641463820.8225117, 1641463820.9310732, 1641463821.0356712, 1641463821.1396646, 1641463821.2456832, 1641463821.3776886, 1641463821.4865706, 1641463821.5942192, 1641463821.6912482, 1641463821.7755644, 1641463821.8703396, 1641463821.9917169, 1641463822.0950787, 1641463822.1881819, 1641463822.2802017, 1641463822.3839135, 1641463822.4999073, 1641463830.2604258, 1641463830.4098601, 1641463830.5587633, 1641463830.7072923, 1641463830.8563097, 1641463831.003382, 1641463831.152079, 1641463838.8285503, 1641463838.9266937, 1641463839.0251937, 1641463839.120658, 1641463839.2409165, 1641463839.3527067, 1641463839.439384, 1641463839.535673, 1641463839.6427243, 1641463839.7412748, 1641463839.8666873, 1641463839.9898884, 1641463840.091927, 1641463840.1967795, 1641463840.292797, 1641463840.3792424, 1641463840.491096, 1641463840.5833962, 1641463840.695392, 1641463840.8056765, 1641463848.442352, 1641463848.5344923, 1641463848.6234584, 1641463848.7246976, 1641463848.8271415, 1641463848.9511354, 1641463849.0564682, 1641463849.1625206, 1641463849.2560854, 1641463849.3618274, 1641463849.4588325, 1641463849.5474133, 1641463849.6425962, 1641463849.7428715, 1641463849.8455415, 1641463849.9802427, 1641463850.094081, 1641463850.2614646, 1641463850.3769393, 1641463858.1163156, 1641463858.231463, 1641463858.329325, 1641463858.4658048, 1641463858.6012025, 1641463858.7313142, 1641463858.8235126, 1641463858.9463656, 1641463859.0320911, 1641463859.127911, 1641463859.230974, 1641463859.3905811, 1641463859.5141077, 1641463859.6273224, 1641463867.374068, 1641463867.533491, 1641463867.6927762, 1641463867.8529642, 1641463868.0130801, 1641463868.1733124, 1641463868.332657, 1641463876.067498, 1641463876.227029, 1641463876.3874147, 1641463876.550544, 1641463876.7104342, 1641463876.8713648, 1641463877.0310225, 1641463884.923439, 1641463885.0855088, 1641463885.2481873, 1641463885.40891, 1641463885.5713713, 1641463885.7331848, 1641463885.893556, 1641463893.6745749, 1641463893.844759, 1641463894.0179827, 1641463894.1919737, 1641463894.3636942, 1641463894.5357058, 1641463894.7094576, 1641463894.8823152, 1641463902.6978672, 1641463902.8680215, 1641463903.0418715, 1641463903.197584, 1641463903.3701186, 1641463903.5436537, 1641463903.7090628, 1641463911.5908697, 1641463911.7636287, 1641463911.9372652, 1641463912.1088915, 1641463912.269194, 1641463912.4424825, 1641463912.580612, 1641463912.7797742, 1641463920.5292013, 1641463920.6215732, 1641463920.7324224, 1641463920.82373, 1641463920.9234147, 1641463921.0665195, 1641463921.1726806, 1641463921.263209, 1641463921.3533447, 1641463921.4502666, 1641463921.5334797, 1641463921.6406338, 1641463921.7281077, 1641463921.8182702, 1641463921.911576, 1641463922.0028963, 1641463922.0914288, 1641463922.1912587, 1641463922.2826955, 1641463922.378479, 1641463922.4676964, 1641463922.5748444, 1641463922.663877, 1641463922.7590494, 1641463922.8486805, 1641463922.974661, 1641463923.0709717, 1641463930.760598, 1641463930.842889, 