{"initial_reset_timestamp": 1641458789.4919612, "timestamps": [1641458792.8280587, 1641458793.0447605, 1641458793.3767753, 1641458793.6872442, 1641458793.984575, 1641458794.2818165, 1641458796.4002132, 1641458796.6944623, 1641458796.9856372, 1641458797.275572, 1641458797.5627952, 1641458797.8142464, 1641458798.1001408, 1641458800.5751252, 1641458801.6580994, 1641458802.717693, 1641458803.7771096, 1641458804.836468, 1641458805.9003477, 1641458806.9537773, 1641458809.8822298, 1641458810.9353688, 1641458812.0005233, 1641458813.0629508, 1641458814.1242416, 1641458815.1878052, 1641458818.0816536, 1641458819.1556017, 1641458820.2301562, 1641458821.3052447, 1641458822.3795588, 1641458823.4515371, 1641458824.5267394, 1641458827.4736786, 1641458828.5517957, 1641458829.6179821, 1641458830.6919367, 1641458831.7662964, 1641458832.8357346, 1641458833.9055002, 1641458836.8311417, 1641458837.9081585, 1641458838.9779768, 1641458840.051776, 1641458841.1221864, 1641458842.1917229, 1641458845.2054117, 1641458846.272805, 1641458847.343716, 1641458848.4154925, 1641458849.4753597, 1641458850.5309606, 1641458851.5806181, 1641458854.470537, 1641458855.53078, 1641458856.600197, 1641458857.6605427, 1641458858.7257743, 1641458859.7887228, 1641458860.8500605, 1641458864.5463226, 1641458865.6098797, 1641458866.6766362, 1641458867.7368603, 1641458868.7956889, 1641458869.8729436, 1641458873.8181398, 1641458874.8743446, 1641458875.930318, 1641458876.9856694, 1641458878.0422287, 1641458879.0950956, 1641458880.149431, 1641458884.1659558, 1641458885.2166796, 1641458886.3028922, 1641458887.3500903, 1641458888.3977904, 1641458889.4523997, 1641458890.5051253, 1641458894.558116, 1641458895.610362, 1641458896.6624148, 1641458897.7406678, 1641458898.7933693, 1641458899.8461683, 1641458903.7446418, 1641458904.7965653, 1641458905.8525538, 1641458906.9058626, 1641458907.9581711, 1641458909.014771, 1641458910.0678713, 1641458913.0967982, 1641458914.1454563, 1641458915.2211747, 1641458916.2762709, 1641458917.3311508, 1641458918.3848476, 1641458919.441639, 1641458923.1721506, 1641458924.233522, 1641458925.2860966, 1641458926.3374991, 1641458927.3918388, 1641458928.4453852, 1641458932.492335, 1641458933.54323, 1641458934.5972166, 1641458935.6503627, 1641458936.7030091, 1641458937.7557783, 1641458938.8111591, 1641458942.905106, 1641458943.9589171, 1641458945.0124042, 1641458946.065141, 1641458947.1193886, 1641458948.1748796, 1641458949.2296102, 1641458953.3880842, 1641458954.4424415, 1641458955.497154, 1641458956.5473304, 1641458957.5966942, 1641458958.6514928, 1641458962.1985025, 1641458963.2520967, 1641458964.3047748, 1641458965.3591955, 1641458966.4110043, 1641458967.4638953, 1641458968.5176992, 1641458971.6671517, 1641458972.7154448, 1641458973.7645907, 1641458974.8130383, 1641458975.8668785, 1641458976.9135847, 1641458977.9593608, 1641458980.9448977, 1641458981.9904807, 1641458983.0371811, 1641458984.0877578, 1641458985.1307056, 1641458986.1770875, 1641458989.1966298, 1641458990.245013, 1641458991.294365, 1641458992.3424911, 1641458993.3914268, 1641458994.4376843, 1641458995.486798, 1641458998.3855937, 1641458999.4342558, 1641459000.4822354, 1641459001.5284905, 1641459002.5766351, 1641459003.6221077, 1641459004.6952531, 1641459007.4800072, 1641459008.5255578, 1641459009.5723803, 1641459010.6223488, 1641459011.669729, 1641459012.7503924, 1641459015.548325, 1641459016.598725, 1641459017.6474485, 1641459018.6951408, 1641459019.7712975, 1641459020.8196075, 1641459021.8691208, 1641459024.6711402, 1641459025.7192955, 1641459026.768663, 1641459027.8466737, 1641459028.8959372, 1641459029.943969, 1641459030.9909995, 1641459033.8325057, 1641459034.9081304, 1641459035.9546154, 1641459037.0037465, 1641459038.0559304, 1641459039.111727, 1641459041.9891589, 1641459043.0405858, 1641459044.09475, 1641459045.1476886, 1641459046.2121253, 1641459047.2776759, 1641459048.344441, 1641459051.266748, 1641459052.3341222, 1641459053.4007003, 1641459054.467109, 1641459055.5328584, 1641459056.599866, 1641459057.665652, 1641459060.575111, 1641459061.6416256, 1641459062.7105324, 1641459063.777532, 1641459064.846141, 1641459065.915136, 1641459068.7822812, 1641459069.849308, 1641459070.9156177, 1641459071.9842677, 1641459073.0509028, 1641459074.1169538, 1641459075.182048, 1641459078.047068, 1641459079.1133287, 1641459080.1802704, 1641459081.2453594, 1641459082.3112705, 1641459083.3768435, 1641459084.4432538, 1641459087.314138, 1641459088.3809924, 1641459089.4551885, 1641459090.5240893, 1641459091.5872905, 1641459092.6590252, 1641459095.5552642, 1641459096.6275845, 1641459097.695381, 1641459098.7617586, 1641459099.8261654, 1641459100.8949265, 1641459101.9605396, 1641459104.8307483, 1641459105.8974123, 1641459106.9622374, 1641459108.0297487, 1641459109.0940053, 1641459110.1580274, 1641459111.2263653, 1641459114.0987725, 1641459115.1667962, 1641459116.230675, 1641459117.2970347, 1641459118.366184, 1641459119.4333346, 1641459122.2980437, 1641459123.362366, 1641459124.4256165, 1641459125.482449, 1641459126.5179634, 1641459127.5538466, 1641459128.5925326, 1641459131.3834426, 1641459132.4219375, 1641459133.4588225, 1641459134.4937918, 1641459135.5325553, 1641459136.5670192, 1641459137.6276789, 1641459140.3899107, 1641459141.4268355, 1641459142.4606218, 1641459143.4968092, 1641459144.5326188, 1641459145.5959427, 1641459148.3547075, 1641459149.3894103, 1641459150.422807, 1641459151.4549968, 1641459152.5125632, 1641459153.551283, 1641459154.585388, 1641459157.3453908, 1641459158.3789907, 1641459159.4100604, 1641459160.473567, 1641459161.5057142, 1641459162.5390997, 1641459163.573757, 1641459166.4130096, 1641459167.445208, 1641459168.47636, 1641459169.5093133, 1641459170.5444045, 1641459171.5766623, 1641459174.6621344, 1641459175.6967225, 1641459176.7302465, 1641459177.7668507, 1641459178.8063185, 1641459179.842619, 1641459180.8814416, 1641459184.8532765, 1641459185.88876, 1641459186.9227228, 1641459187.9579358, 1641459188.9935386, 1641459190.0324707, 1641459191.0654795, 1641459195.526907, 1641459196.5611115, 1641459197.5964444, 1641459198.6315658, 1641459199.6698358, 1641459200.7092733, 1641459204.9620526, 1641459205.9991193, 1641459207.0380816, 1641459208.0807283, 1641459209.119204, 1641459210.1551714, 1641459211.1947944, 1641459215.5894594, 1641459216.62758, 1641459217.6624942, 1641459218.7066364, 1641459219.7448757, 1641459220.7822347, 1641459221.85048, 1641459225.8880107, 1641459226.930729, 1641459227.9708965, 1641459229.0110838, 1641459230.048567, 1641459231.086508, 1641459234.9805286, 1641459236.0166113, 1641459237.0515206, 1641459238.0850873, 1641459239.1219187, 1641459240.1558042, 1641459241.1909344],