{"initial_reset_timestamp": 1641477729.2577064, "timestamps": [1641477729.6037467, 1641477729.7798593, 1641477729.9791973, 1641477730.1560943, 1641477730.3338478, 1641477730.5123703, 1641477730.6898956, 1641477730.8671691, 1641477731.0466213, 1641477731.2267702, 1641477734.5066898, 1641477734.6849346, 1641477734.8640318, 1641477735.040342, 1641477735.2168565, 1641477735.392892, 1641477735.5719836, 1641477735.74939, 1641477735.9619384, 1641477736.141258, 1641477739.4935524, 1641477739.6720116, 1641477739.8512695, 1641477740.0294676, 1641477740.205962, 1641477740.4176111, 1641477740.5968869, 1641477740.7750633, 1641477740.9522352, 1641477741.129985, 1641477749.754108, 1641477749.9265144, 1641477750.1318169, 1641477750.3042, 1641477750.4780967, 1641477750.6508317, 1641477750.8219335, 1641477750.9936957, 1641477751.1668932, 1641477751.3388329, 1641477760.0069919, 1641477760.1790502, 1641477760.3495758, 1641477760.5214677, 1641477760.6946545, 1641477760.866892, 1641477761.040532, 1641477761.2124088, 1641477761.4171867, 1641477761.5893874, 1641477770.2375965, 1641477770.4082673, 1641477770.5819168, 1641477770.7551298, 1641477770.9281387, 1641477771.1003222, 1641477771.298451, 1641477771.4740963, 1641477771.65603, 1641477771.8278627, 1641477780.4864745, 1641477780.6588137, 1641477780.863449, 1641477781.035482, 1641477781.208176, 1641477781.380814, 1641477781.5531905, 1641477781.7296362, 1641477781.9084158, 1641477782.0807443, 1641477790.7407732, 1641477790.9123704, 1641477791.0836425, 1641477791.256087, 1641477791.426441, 1641477791.6072762, 1641477791.781983, 1641477791.9540088, 1641477792.1362524, 1641477792.343744, 1641477800.9626958, 1641477801.1377625, 1641477801.3099296, 1641477801.4826503, 1641477801.6595411, 1641477801.8705494, 1641477802.0443344, 1641477802.2229652, 1641477802.395591, 1641477802.5748355, 1641477811.2394817, 1641477811.419073, 1641477811.6246002, 1641477811.7973683, 1641477811.9732683, 1641477812.1463163, 1641477812.323508, 1641477812.498019, 1641477812.674805, 1641477812.8482795, 1641477821.546458, 1641477821.7249866, 1641477821.9027097, 1641477822.0856965, 1641477822.2633402, 1641477822.4431245, 1641477822.6221387, 1641477822.8022206, 1641477822.985062, 1641477823.2010493, 1641477831.8293643, 1641477832.009235, 1641477832.1562173, 1641477832.3338943, 1641477832.5019712, 1641477832.7145708, 1641477832.8938196, 1641477833.055178, 1641477833.234605, 1641477833.41455, 1641477833.576153, 1641477833.7560954, 1641477842.4973133, 1641477842.6843765, 1641477842.8630762, 1641477843.0430498, 1641477843.2210162, 1641477843.398565, 1641477843.5775192, 1641477843.7573447, 1641477843.934406, 1641477844.1481638, 1641477844.3262486, 1641477853.0463328, 1641477853.222478, 1641477853.3983037, 1641477853.5777311, 1641477853.7890427, 1641477853.9697392, 1641477854.154244, 1641477854.334722, 1641477854.5143743, 1641477854.6958542, 1641477863.3680649, 1641477863.54769, 1641477863.7264411, 1641477863.9055867, 1641477864.089614, 1641477864.2673078, 1641477864.4465601, 1641477864.6259284, 1641477864.802762, 1641477864.982106, 1641477873.6430519, 1641477873.8219125, 1641477873.9992023, 1641477874.1796925, 1641477874.3572767, 1641477874.5335264, 1641477874.71254, 1641477874.9262316, 1641477875.1059825, 1641477875.283771, 1641477883.9209285, 1641477884.1029987, 1641477884.277655, 1641477884.4572732, 1641477884.6704934, 1641477884.848035, 1641477885.0269873, 1641477885.2041998, 1641477885.3830552, 1641477885.561631, 1641477885.7502792, 1641477894.426723, 1641477894.6102793, 1641477894.759482, 1641477894.9366958, 1641477895.1071684, 1641477895.291628, 1641477895.4696765, 1641477895.6482878, 1641477895.8240376, 1641477896.0369866, 1641477896.2165055, 1641477904.8253975, 1641477905.0011117, 1641477905.1622207, 1641477905.3370514, 1641477905.4859276, 1641477905.6976752, 1641477905.8733337, 1641477906.0469637, 1641477906.2220736, 1641477906.3639197, 1641477906.5395627, 1641477906.7173064, 1641477915.2365625, 1641477915.4095633, 1641477915.583812, 1641477915.7592185, 1641477915.9341211, 1641477916.1079488, 1641477916.2835066, 1641477916.460084, 1641477916.6331751, 1641477916.807407, 1641477925.303039, 1641477925.4855971, 1641477925.6603408, 1641477925.838811, 1641477926.0142913, 1641477926.1891718, 1641477926.3984945, 1641477926.5723872, 1641477926.7462034, 1641477926.9219666, 1641477935.5867, 1641477935.7616715, 1641477935.976153, 1641477936.1431215, 1641477936.3223832, 1641477936.4986358, 1641477936.649408, 1641477936.8173015, 1641477936.9956527, 1641477937.1789012, 1641477937.3548703, 1641477946.1682212, 1641477946.3503191, 1641477946.5267863, 1641477946.67461, 1641477946.8585246, 1641477947.0337124, 1641477947.2519705, 1641477947.4151936, 1641477947.5932226, 1641477947.7378523, 1641477947.9218035, 1641477948.0988057, 1641477956.7600758, 1641477956.936398, 1641477957.1099353, 1641477957.2920618, 1641477957.4422088, 1641477957.6238918, 1641477957.8072765, 1641477957.978076, 1641477958.162493, 1641477958.3463976, 1641477958.5571904, 1641477958.7081637, 1641477967.3827562, 1641477967.5660694, 1641477967.7501774, 1641477967.9483669, 1641477968.1320312, 1641477968.3149216, 1641477968.4988325, 1641477968.6813805, 1641477968.867543, 1641477969.0513005, 1641477969.2368116, 1641477977.973804, 1641477978.1519182, 1641477978.3300273, 1641477978.5119386, 1641477978.6959622, 1641477978.8816397, 1641477979.0669332, 1641477979.2514343, 1641477979.4329696, 1641477979.5806875, 1641477979.7593153, 1641477979.9441566, 1641477988.598699, 1641477988.77551, 1641477988.959298, 1641477989.1738799, 1641477989.352742, 1641477989.5381968, 1641477989.726023, 1641477989.9072504, 1641477990.0893764, 1641477990.2738829, 1641477998.9389608, 1641477999.115106, 1641477999.288032, 1641477999.4591296, 1641477999.6382957, 1641477999.8118055, 1641477999.9842029, 1641478000.1554883, 1641478000.3303688, 1641478000.5452023, 1641478009.1476471, 1641478009.3226106, 1641478009.4951477, 1641478009.6672268, 1641478009.839653, 1641478010.0108309, 1641478010.2186043, 1641478010.3908682, 1641478010.5619504, 1641478010.7364988, 1641478019.336143, 1641478019.5096774, 1641478019.683383, 1641478019.890494, 1641478020.0647054, 1641478020.2367227, 1641478020.4095113, 1641478020.5825927, 1641478020.7615044, 1641478020.9357102, 1641478029.555941, 1641478029.725434, 1641478029.8993344, 1641478030.08025, 1641478030.254323, 1641478030.4258482, 1641478030.59813, 1641478030.7749546, 1641478030.9496543, 1641478031.1557767, 1641478039.6814241, 1641478039.8678517, 1641478040.043008, 1641478040.220114, 1641478040.3977168, 1641478040.5816154, 1641478040.764674, 1641478040.946072, 1641478041.1310623, 1641478041.2771127, 1641478041.4539049, 1641478041.6326659, 1641478050.338816, 1641478050.5141773, 1641478050.6854637, 1641478050.8636725, 1641478051.0356846, 1641478051.209554, 1641478051.3813689, 1641478051.5615747, 1641478051.7338636, 1641478051.907582, 1641478060.5207202, 1641478060.6909988, 1641478060.8642933, 1641478061.0403306, 1641478061.2259552, 1641478061.3994005, 1641478061.5686533, 1641478061.7735991, 1641478061.9508283, 1641478062.1287131, 1641478070.7041535, 1641478070.8782077, 1641478071.0501876, 1641478071.2218966, 1641478071.4280584, 1641478071.6073337, 1641478071.7817185, 1641478071.9293745, 1641478072.1016762, 1641478072.2712305, 1641478072.4549055, 1641478081.0683148, 1641478081.2393932, 1641478081.4103117, 1641478081.5822663, 1641478081.755253, 1641478081.9295294, 1641478082.1012156, 1641478082.2733328, 1641478082.444443, 1641478082.656908, 1641478091.2409952, 1641478091.4209785, 1641478091.594499, 1641478091.7670064, 1641478091.940725, 1641478092.1217704, 1641478092.3277154, 1641478092.5005956, 1641478092.6730757, 1641478092.8502872, 1641478101.5679383, 1641478101.7402897, 1641478101.9509223, 1641478102.1242697, 1641478102.296778, 1641478102.4661105, 1641478102.638483, 1641478102.8084886, 1641478102.9881182, 1641478103.1615899, 1641478111.7949252, 1641478111.9817078, 1641478112.1672595, 1641478112.3526318, 