{"initial_reset_timestamp": 1641477727.391888, "timestamps": [1641477731.2849398, 1641477731.4483573, 1641477731.68899, 1641477732.0090733, 1641477732.2806594, 1641477732.547602, 1641477732.8118534, 1641477733.0753455, 1641477733.3325686, 1641477733.589653, 1641477736.283481, 1641477736.5398023, 1641477736.7943275, 1641477737.0516527, 1641477737.3043451, 1641477737.5571544, 1641477737.8095882, 1641477738.0636873, 1641477738.3167472, 1641477738.6068442, 1641477741.7863228, 1641477742.5701573, 1641477743.3531842, 1641477743.776894, 1641477744.562877, 1641477745.3470726, 1641477746.165685, 1641477746.9436398, 1641477747.7191188, 1641477748.5007527, 1641477751.6378567, 1641477752.420253, 1641477753.2054558, 1641477754.0292637, 1641477754.8125007, 1641477755.5909412, 1641477756.3731682, 1641477757.157121, 1641477757.9416714, 1641477758.724211, 1641477761.885331, 1641477762.5079622, 1641477763.2929611, 1641477764.0788167, 1641477764.8621023, 1641477765.6437714, 1641477766.4268363, 1641477767.2141566, 1641477767.9984775, 1641477768.8147647, 1641477771.9646192, 1641477772.744881, 1641477773.5214229, 1641477774.3050618, 1641477775.0911746, 1641477775.8745701, 1641477776.653735, 1641477777.3560612, 1641477778.1405165, 1641477778.9256938, 1641477782.0980585, 1641477782.879283, 1641477783.660145, 1641477784.4763405, 1641477785.2635539, 1641477786.0478525, 1641477786.8260174, 1641477787.6073315, 1641477788.3888466, 1641477789.1724408, 1641477792.360854, 1641477793.1444664, 1641477793.929471, 1641477794.709441, 1641477795.4923716, 1641477796.2719464, 1641477797.0491855, 1641477797.8259113, 1641477798.607062, 1641477799.3883, 1641477802.591561, 1641477803.3703172, 1641477804.1517694, 1641477804.932991, 1641477805.7173147, 1641477806.4997113, 1641477807.3222153, 1641477808.105325, 1641477808.8892035, 1641477809.6733904, 1641477812.8653522, 1641477813.6522903, 1641477814.4323437, 1641477815.2537036, 1641477816.0378878, 1641477816.8206303, 1641477817.6055562, 1641477818.3874028, 1641477819.1724606, 1641477819.9544458, 1641477823.218549, 1641477824.0039375, 1641477824.7876713, 1641477825.5698917, 1641477826.350789, 1641477827.1352553, 1641477827.918342, 1641477828.6969154, 1641477829.471259, 1641477830.252345, 1641477833.7736013, 1641477834.5476308, 1641477835.3312047, 1641477836.1099193, 1641477836.8941417, 1641477837.67874, 1641477838.4544566, 1641477839.2345843, 1641477840.0140474, 1641477840.7918124, 1641477841.2253244, 1641477844.6236393, 1641477845.4009893, 1641477845.943276, 1641477846.629241, 1641477847.4091275, 1641477848.1873195, 1641477848.9658391, 1641477849.6868644, 1641477850.466339, 1641477851.2809398, 1641477852.0610142, 1641477855.0364196, 1641477855.8175154, 1641477856.5951416, 1641477857.3789804, 1641477858.1617863, 1641477858.9858372, 1641477859.768664, 1641477860.5490706, 1641477861.3299596, 1641477862.1103227, 1641477865.3235145, 1641477866.1396224, 1641477866.9192803, 1641477867.7029688, 1641477868.482567, 1641477869.2632334, 1641477870.0473638, 1641477870.8267646, 1641477871.6043997, 1641477872.3849325, 1641477875.62799, 1641477876.407687, 1641477877.1895275, 1641477877.9682043, 1641477878.7518072, 1641477879.5308058, 1641477880.3127673, 1641477881.0944414, 1641477881.910861, 1641477882.693926, 1641477886.0933757, 1641477886.8736405, 1641477887.6564279, 1641477888.4338896, 1641477889.254168, 1641477890.0375113, 1641477890.820982, 1641477891.6034484, 1641477892.3883116, 1641477893.1729817, 1641477896.5591931, 1641477897.3450837, 1641477898.127473, 1641477898.9081054, 1641477899.693014, 1641477900.4786158, 1641477901.26428, 1641477902.0408645, 1641477902.8130739, 1641477903.6173456, 1641477907.0531101, 1641477907.8236377, 1641477908.5937517, 1641477909.3605976, 1641477910.1670854, 1641477910.9319882, 1641477911.695771, 1641477912.464235, 1641477913.231449, 1641477913.9973402, 1641477917.1409366, 1641477917.9428608, 1641477918.709589, 1641477919.47567, 1641477920.2386072, 1641477921.0049574, 1641477921.7705214, 1641477922.5385418, 1641477923.3075497, 1641477924.070557, 1641477927.2583685, 1641477928.0222466, 1641477928.7911508, 1641477929.4160354, 1641477930.1929789, 1641477930.9680376, 1641477931.6272378, 1641477932.3527696, 1641477932.9821615, 1641477933.648791, 1641477934.424465, 1641477937.7378645, 1641477938.5076334, 1641477939.3192313, 1641477939.784068, 1641477940.133562, 1641477940.7786114, 1641477941.5536292, 1641477942.3248029, 1641477942.8990424, 1641477943.6746151, 1641477944.2830708, 1641477945.053842, 1641477948.1236286, 1641477948.8902357, 1641477949.6643605, 1641477950.4347193, 1641477951.2115538, 1641477951.7290826, 1641477952.4195607, 1641477953.190009, 1641477953.9600065, 1641477954.7346113, 1641477955.2963798, 1641477958.7988436, 1641477959.5667791, 1641477960.3363404, 1641477961.1124406, 1641477961.8872373, 1641477962.4380977, 1641477963.2090816, 1641477963.6286829, 1641477964.4035354, 1641477965.095694, 1641477965.870262, 1641477969.2812219, 1641477970.0548732, 1641477970.830564, 1641477971.6458778, 1641477972.418103, 1641477973.195203, 1641477973.9175167, 1641477974.6967838, 1641477975.4802654, 1641477976.2591689, 1641477977.037872, 1641477980.601169, 1641477981.380711, 1641477982.1623483, 1641477982.9483597, 1641477983.7265718, 1641477984.5075696, 1641477985.291726, 1641477986.113767, 1641477986.8959599, 1641477987.4290965, 1641477990.671482, 1641477991.453915, 1641477992.2316403, 1641477993.0095582, 1641477993.8362594, 1641477994.618377, 1641477995.398351, 1641477996.1837912, 1641477996.9661305, 1641477997.4437284, 1641478000.6419768, 1641478001.4164207, 1641478002.199562, 1641478002.9808607, 1641478003.7593653, 1641478004.54009, 1641478005.320185, 1641478006.0961654, 1641478006.8767896, 1641478007.6567864, 1641478010.8325727, 1641478011.6095307, 1641478012.3853736, 1641478013.1594133, 1641478013.9334068, 1641478014.708443, 1641478015.4873405, 1641478016.3084402, 1641478017.0917308, 1641478017.8666751, 1641478021.0315335, 1641478021.8155391, 1641478022.5961654, 1641478023.3721912, 1641478024.186389, 1641478024.9286313, 1641478025.7116733, 1641478026.4884152, 1641478027.2556381, 1641478028.0248342, 1641478031.2057867, 1641478031.9765437, 1641478032.7425578, 1641478033.512592, 1641478034.2806242, 1641478035.0561855, 1641478035.8303096, 1641478036.597836, 1641478037.363841, 1641478038.1368217, 1641478041.683076, 1641478042.4627776, 1641478043.2350168, 1641478044.003037, 1641478044.773686, 1641478045.5819132, 1641478046.3555963, 1641478047.1340613, 1641478047.9080148, 1641478048.6821117, 1641478049.158425, 1641478052.175904, 1641478052.988798, 1641478053.7580955, 1641478054.5317051, 1641478055.3080645, 1641478056.0838146, 1641478056.8654978, 1641478057.6376953, 1641478058.4143767, 1641478059.193721, 1641478062.3983698, 1641478063.175971, 1641478063.9512105, 1641478064.7253513, 1641478065.5024693, 1641478066.2746937, 1641478067.0523715, 1641478067.8275924, 1641478068.638498, 1641478069.4155343, 1641478072.7215698, 1641478073.5046551, 1641478074.2851875, 1641478075.0672555, 1641478075.8775632, 1641478076.6478117, 1641478077.425988, 1641478078.2023149, 1641478078.9753742, 1641478079.7563748, 1641478082.9271991, 1641478083.7049537, 1641478084.480471, 1641478085.2644002, 1641478086.0459142, 1641478086.8237183, 1641478087.5991964, 1641478088.3739538, 1641478089.148242, 1641478089.919696, 1641478093.1171257, 1641478093.8941822, 1641478094.6701114, 1641478095.4468596, 1641478096.2303534, 1641478096.6058629, 1641478097.3794763, 1641478098.1392508, 1641478098.918155, 1641478099.6883087, 1641478100.4616718, 1641478103.614495, 1641478104.3936906, 1641478105.1395752, 1641478105.9552362, 1641478106.7303212, 1641478107.508069, 1641478108.2843614, 1641478109.0556595, 1641478109.835709, 1641478110.6182117, 1641478114.0533307, 1641478114.8365679, 1641478115.242848, 1641478115.8956625, 1641478116.6734571, 1641478117.054232, 1641478117.8331687, 1641478118.5987346, 1641478119.422317, 1641478120.2069755, 1641478120.7440019, 1641478121.530464, 