{"initial_reset_timestamp": 1641459685.2393014, "timestamps": [1641459688.3763368, 1641459688.5893302, 1641459688.907529, 1641459689.2070227, 1641459689.4963987, 1641459689.7787373, 1641459691.734394, 1641459692.0143626, 1641459692.2947345, 1641459692.5771995, 1641459692.8226516, 1641459693.0993378, 1641459693.3791604, 1641459695.7240546, 1641459696.7963006, 1641459697.8688684, 1641459698.9341197, 1641459700.0037591, 1641459701.0843763, 1641459702.1637154, 1641459705.0781047, 1641459706.1505446, 1641459707.226493, 1641459708.3036413, 1641459709.4070742, 1641459710.4900386, 1641459713.3032868, 1641459714.3456886, 1641459715.103454, 1641459715.7352026, 1641459716.7772202, 1641459717.8228176, 1641459718.8670182, 1641459719.9140222, 1641459722.6572063, 1641459723.7118106, 1641459724.7679057, 1641459725.825647, 1641459726.8791814, 1641459727.9337902, 1641459730.6805053, 1641459731.7390494, 1641459732.7903626, 1641459733.8444808, 1641459734.8991046, 1641459735.952201, 1641459737.008257, 1641459739.7732904, 1641459740.8294058, 1641459741.8867738, 1641459742.9405665, 1641459743.992441, 1641459745.0469332, 1641459746.1011777, 1641459748.8714728, 1641459749.926863, 1641459750.9773972, 1641459752.0301867, 1641459753.0822377, 1641459754.1348145, 1641459756.9036107, 1641459757.956472, 1641459759.0090046, 1641459760.0576932, 1641459761.10983, 1641459762.1581514, 1641459763.2095346, 1641459765.9339151, 1641459766.9796937, 1641459768.020646, 1641459769.063485, 1641459770.1052258, 1641459771.147556, 1641459772.2106066, 1641459774.9449792, 1641459775.9882317, 1641459777.0340755, 1641459778.0754814, 1641459779.1463256, 1641459780.191137, 1641459782.9628654, 1641459784.008904, 1641459785.054268, 1641459786.1205916, 1641459787.161478, 1641459788.2049162, 1641459789.2513375, 1641459792.0806136, 1641459793.1519394, 1641459794.1979344, 1641459795.2471197, 1641459796.2935936, 1641459797.3415031, 1641459798.3834808, 1641459801.1475906, 1641459802.1938891, 1641459803.2356567, 1641459804.2804897, 1641459805.3220804, 1641459806.3613832, 1641459809.1904948, 1641459810.2228599, 1641459811.2594905, 1641459812.293104, 1641459813.3267572, 1641459814.3585992, 1641459815.3929183, 1641459818.144775, 1641459819.180774, 1641459820.2117445, 1641459821.2459853, 1641459822.2807717, 1641459823.31237, 1641459824.3493526, 1641459827.1146357, 1641459828.1533418, 1641459829.1961408, 1641459830.2366683, 1641459831.2755518, 1641459832.3088403, 1641459835.069124, 1641459836.1114783, 1641459837.1518717, 1641459838.190769, 1641459839.2351153, 1641459840.2748742, 1641459841.3136036, 1641459844.0811572, 1641459845.1215656, 1641459846.1689098, 1641459847.2121706, 1641459848.2533565, 1641459849.3002412, 1641459850.3491695, 1641459853.222404, 1641459854.271468, 1641459855.3216515, 1641459856.3725016, 1641459857.42435, 1641459858.4686816, 1641459861.3211505, 1641459862.3701227, 1641459863.4215136, 1641459864.4723225, 1641459865.5212781, 1641459866.5689225, 1641459867.617273, 1641459870.482188, 1641459871.5288677, 1641459872.5800984, 1641459873.6301115, 1641459874.678668, 1641459875.7295635, 1641459876.7775943, 1641459879.637578, 1641459880.6850488, 1641459881.7354405, 1641459882.7834644, 1641459883.8336496, 1641459884.9070935, 1641459887.7479422, 1641459888.80488, 1641459889.8575485, 1641459890.912572, 1641459891.9609694, 1641459893.0369363, 1641459894.08822, 1641459896.929802, 1641459897.97975, 1641459899.0291328, 1641459900.1091232, 1641459901.155553, 1641459902.2030454, 1641459903.250869, 1641459906.0643039, 1641459907.140967, 1641459908.1896, 1641459909.2387178, 1641459910.2904224, 1641459911.3394644, 1641459914.2187085, 1641459915.267534, 1641459916.3154597, 1641459917.3636978, 1641459918.4151435, 1641459919.4636571, 1641459920.5115187, 1641459923.3029547, 1641459924.3499372, 1641459925.3986745, 1641459926.4454858, 1641459927.496779, 1641459928.5479991, 1641459929.6027763, 1641459932.3937573, 1641459933.4427927, 1641459934.4841564, 1641459935.527306, 1641459936.5663881, 1641459937.6075535, 1641459940.411158, 1641459941.4552557, 1641459942.4973307, 1641459943.5451117, 1641459944.5924318, 1641459945.6425433, 1641459946.6903534, 1641459949.4521866, 1641459950.5009024, 1641459951.3979366, 1641459952.4633605, 1641459953.5233986, 1641459954.5884798, 1641459955.6524193, 1641459958.4581506, 1641459959.522643, 1641459960.5880406, 1641459961.6542084, 1641459962.7193952, 1641459963.7833803, 1641459964.840939, 1641459967.7439778, 1641459968.7975583, 1641459969.8601968, 1641459970.9266634, 1641459971.9991224, 1641459973.063976, 1641459975.896133, 1641459976.9664474, 1641459978.0387204, 1641459979.0930216, 1641459980.1340995, 1641459981.171949, 1641459982.214806, 1641459984.9794037, 1641459986.0217192, 1641459987.0620556, 1641459988.1106381, 1641459989.1599166, 1641459990.2046695, 1641459991.2559178, 1641459994.0280263, 1641459995.0719395, 1641459996.116704, 1641459997.1610441, 1641459998.205842, 1641459999.279082, 1641460002.0310547, 1641460003.0806592, 1641460004.125932, 1641460005.1728232, 1641460006.2184463, 1641460007.2968695, 1641460008.3370416, 1641460011.086087, 1641460012.1324918, 1641460013.178147, 1641460014.2525697, 1641460015.2962613, 1641460016.3459802, 1641460017.391675, 1641460020.146446, 1641460021.2140703, 1641460022.2576823, 1641460023.3021626, 1641460024.3421617, 1641460025.3868, 1641460028.1269007, 1641460029.1990345, 1641460030.242876, 1641460031.2848852, 1641460032.330983, 1641460033.3743927, 1641460034.4185126, 1641460037.2680275, 1641460038.3108435, 1641460039.3538918, 1641460040.3952754, 1641460041.4402611, 1641460042.4848392, 1641460043.5304513, 1641460046.5258098, 1641460047.5806704, 1641460048.628617, 1641460049.6869643, 1641460050.7499855, 1641460051.8102567, 1641460055.4003441, 1641460056.4577832, 1641460057.5161903, 1641460058.6011755, 1641460059.6666749, 1641460060.7305763, 1641460061.7920415, 1641460064.5543213, 1641460065.6441827, 1641460066.703494, 1641460067.7654698, 1641460068.8251462, 1641460069.8812194, 1641460070.931667, 1641460073.7133074, 1641460074.7676353, 1641460075.8225858, 1641460076.8775191, 1641460077.9566147, 1641460079.024743, 1641460081.8370068, 1641460082.906312, 1641460083.9771285, 1641460085.0440462, 1641460086.1163352, 1641460087.18687, 1641460088.2579675, 1641460091.0775902, 1641460092.1399403, 1641460093.2046432, 1641460094.2770271, 1641460095.3463385, 1641460096.4171636, 1641460097.4915025, 1641460100.3230155, 1641460101.3943136, 1641460102.4567795, 1641460103.5210645, 1641460104.5814044, 1641460105.635523, 1641460108.54955, 1641460109.6099904, 1641460110.665155, 1641460111.7276294, 1641460112.7876573, 1641460113.8473194, 1641460114.9102993],