{"initial_reset_timestamp": 1641459687.051306, "timestamps": [1641459687.369655, 1641459687.519759, 1641459687.6707206, 1641459687.8183882, 1641459687.9695575, 1641459688.1203523, 1641459688.2935536, 1641459690.7369776, 1641459690.886373, 1641459691.0357249, 1641459691.1875262, 1641459691.338923, 1641459691.5162966, 1641459691.665769, 1641459694.2982314, 1641459694.4476895, 1641459694.5989408, 1641459694.7480648, 1641459694.9238796, 1641459695.0750291, 1641459695.228487, 1641459703.1873605, 1641459703.3617263, 1641459703.5615618, 1641459703.7341907, 1641459703.9063988, 1641459704.0784864, 1641459704.2519145, 1641459712.167507, 1641459712.3528464, 1641459712.5106814, 1641459712.6694202, 1641459712.8302085, 1641459712.9907408, 1641459713.1504858, 1641459720.9733286, 1641459721.1262908, 1641459721.2793393, 1641459721.4319613, 1641459721.5851321, 1641459721.7393668, 1641459721.8918204, 1641459729.6475203, 1641459729.8011692, 1641459729.956578, 1641459730.1109025, 1641459730.2644718, 1641459730.4181054, 1641459730.5711877, 1641459738.4003077, 1641459738.5562851, 1641459738.7114372, 1641459738.8674703, 1641459739.0242925, 1641459739.18048, 1641459739.337135, 1641459747.1733143, 1641459747.3284538, 1641459747.483094, 1641459747.6382172, 1641459747.7961626, 1641459747.95341, 1641459748.1091163, 1641459755.8521397, 1641459756.007595, 1641459756.1640904, 1641459756.320613, 1641459756.4782348, 1641459756.6367855, 1641459756.7953928, 1641459764.5963168, 1641459764.7489045, 1641459764.9004886, 1641459765.0553904, 1641459765.207343, 1641459765.355195, 1641459765.5014606, 1641459773.250471, 1641459773.4089856, 1641459773.5639243, 1641459773.7199147, 1641459773.8785372, 1641459774.036645, 1641459774.1903403, 1641459781.8772976, 1641459782.044082, 1641459782.2065265, 1641459782.3659792, 1641459782.5320365, 1641459782.690809, 1641459782.855816, 1641459790.6093884, 1641459790.7136576, 1641459790.8680975, 1641459791.0243454, 1641459791.179894, 1641459791.3355963, 1641459791.4918985, 1641459791.647701, 1641459799.4195213, 1641459799.5733864, 1641459799.730101, 1641459799.8925588, 1641459800.050051, 1641459800.230911, 1641459800.3883889, 1641459808.030456, 1641459808.1204214, 1641459808.2746613, 1641459808.4329913, 1641459808.5907042, 1641459808.7744277, 1641459808.928367, 1641459809.0842526, 1641459816.7517538, 1641459816.9068449, 1641459817.0902057, 1641459817.2508423, 1641459817.4052224, 1641459817.562255, 1641459817.7198696, 1641459825.4170778, 1641459825.5729349, 1641459825.729904, 1641459825.8872707, 1641459826.0490572, 1641459826.2060676, 1641459826.3612497, 1641459834.016918, 1641459834.1717446, 1641459834.3291502, 1641459834.4851956, 1641459834.6428134, 1641459834.8042488, 1641459834.9619422, 1641459842.7083893, 1641459842.8661315, 1641459843.0211236, 1641459843.1801796, 1641459843.3396301, 1641459843.495451, 1641459843.6506612, 1641459851.4344811, 1641459851.6062484, 1641459851.776484, 1641459851.9471726, 1641459852.1197493, 1641459852.290819, 1641459852.4631946, 1641459860.193387, 1641459860.3632717, 1641459860.5341792, 1641459860.703845, 1641459860.874466, 1641459861.042992, 1641459861.2134416, 1641459869.0311587, 1641459869.2027845, 1641459869.3729494, 1641459869.5393434, 1641459869.7111592, 1641459869.8803077, 1641459870.048659, 1641459877.8644419, 1641459878.03424, 1641459878.2023866, 1641459878.3724475, 1641459878.543542, 1641459878.7116663, 1641459878.879892, 1641459886.6139498, 1641459886.7832794, 1641459886.9534943, 1641459887.1236608, 1641459887.294649, 1641459887.4673145, 1641459887.6392, 1641459895.4744174, 1641459895.6439369, 1641459895.8143375, 1641459895.9832914, 1641459896.1531916, 1641459896.3238325, 1641459896.495, 1641459904.3169272, 1641459904.4805768, 1641459904.6476724, 1641459904.8112957, 1641459904.9743881, 1641459905.1430275, 1641459905.3065996, 1641459913.0571997, 1641459913.2288618, 1641459913.3994277, 1641459913.5705976, 1641459913.7400198, 1641459913.9108918, 1641459914.1106243, 1641459921.8857024, 1641459922.0462983, 1641459922.2059438, 1641459922.3624709, 1641459922.54812, 1641459922.707323, 1641459922.867729, 1641459930.6504428, 1641459930.8068373, 1641459930.9647815, 1641459931.1523907, 1641459931.3125036, 1641459931.4721365, 1641459931.6334805, 1641459939.3011436, 1641459939.465533, 1641459939.660926, 1641459939.8200412, 1641459939.9856083, 1641459940.1465867, 1641459940.3028255, 1641459948.0449183, 1641459948.2280333, 1641459948.386174, 1641459948.5445206, 1641459948.7003388, 1641459948.8611386, 1641459949.0179343, 1641459956.880248, 1641459957.0378823, 1641459957.2027645, 1641459957.361889, 1641459957.5224323, 1641459957.6840508, 1641459957.843857, 1641459965.7455065, 1641459965.8601015, 1641459966.0176587, 1641459966.174171, 1641459966.3327134, 1641459966.4916356, 1641459966.6523209, 1641459966.810614, 1641459974.6473138, 1641459974.808175, 1641459974.9686077, 1641459975.1282933, 1641459975.289338, 1641459975.4498115, 1641459975.6114132, 1641459983.4418187, 1641459983.5990927, 1641459983.7531266, 1641459983.9100652, 1641459984.0698361, 1641459984.2228994, 1641459984.3806047, 1641459992.1671145, 1641459992.323763, 1641459992.4791117, 1641459992.6384308, 1641459992.7911627, 1641459992.9458458, 1641459993.1020107, 1641460000.8059049, 1641460000.9649744, 1641460001.1228464, 1641460001.2793427, 1641460001.4376192, 1641460001.5966172, 1641460001.7539444, 1641460009.5328453, 1641460009.6924465, 1641460009.8507857, 1641460010.008686, 1641460010.167725, 1641460010.3266556, 1641460010.4858832, 1641460018.2582119, 1641460018.418751, 1641460018.5784168, 1641460018.738878, 1641460018.8982253, 1641460019.0599582, 1641460019.2217155, 1641460026.8976889, 1641460027.055537, 1641460027.214941, 1641460027.374478, 1641460027.5335069, 1641460027.693252, 1641460027.8514228, 1641460035.6327207, 1641460035.8005304, 1641460035.9673982, 1641460036.1357841, 1641460036.3020144, 1641460036.4962122, 1641460036.6652288, 1641460044.4138236, 1641460044.528689, 1641460044.6888516, 1641460044.8504562, 1641460045.0398116, 1641460045.1389997, 1641460045.2827706, 1641460045.4429774, 1641460045.5988991, 1641460053.2744684, 1641460053.404885, 1641460053.5106752, 1641460053.609275, 1641460053.7050228, 1641460053.800496, 1641460053.9090207, 1641460054.001367, 1641460054.1071222, 1641460054.205583, 1641460054.3362713, 1641460054.4574428, 1641460054.5812356, 1641460054.6772292, 1641460054.7718859, 1641460054.8599396, 1641460054.9682012, 1641460055.1196442, 1641460063.0014954, 1641460063.1576617, 1641460063.312903, 1641460063.4717786, 1641460063.6309834, 1641460063.7887142, 1641460063.947054, 1641460071.80673, 1641460071.961912, 1641460072.1184056, 1641460072.27444, 1641460072.4321928, 1641460072.6193697, 1641460072.7760005, 1641460080.5760815, 1641460080.7349918, 1641460080.8928857, 1641460081.0526464, 1641460081.2117698, 1641460081.3959327, 1641460081.5547729, 1641460089.4777608, 1641460089.6366196, 1641460089.794706, 1641460089.9843166, 1641460090.1433656, 1641460090.3007708, 1641460090.459982, 1641460098.3870988, 1641460098.5450304, 1641460098.7334027, 1641460098.893064, 1641460099.054837, 1641460099.2144134, 1641460099.3725526, 1641460107.1669006, 1641460107.355096, 1641460107.5134585, 1641460107.6466458, 1641460107.8065193, 1641460107.9648228, 1641460108.1095877, 1641460108.2683954],