{"initial_reset_timestamp": 1641470770.013946, "timestamps": [1641470770.3386586, 1641470770.5023327, 1641470770.6635706, 1641470770.824761, 1641470770.9891107, 1641470771.1492314, 1641470771.330331, 1641470773.8501117, 1641470774.0122156, 1641470774.173442, 1641470774.3346865, 1641470774.5235336, 1641470774.683798, 1641470774.8459656, 1641470777.4190485, 1641470777.5787258, 1641470777.739122, 1641470777.9027505, 1641470778.0889862, 1641470778.2523062, 1641470778.413645, 1641470786.28481, 1641470786.4358969, 1641470786.6109965, 1641470786.7605298, 1641470786.9101143, 1641470787.0593503, 1641470787.208816, 1641470795.1309998, 1641470795.2818465, 1641470795.436789, 1641470795.5869286, 1641470795.7398646, 1641470795.892136, 1641470796.0430431, 1641470803.903776, 1641470804.0546508, 1641470804.2076066, 1641470804.3596795, 1641470804.5097582, 1641470804.6640708, 1641470804.8163161, 1641470812.7453728, 1641470812.8948843, 1641470813.0465968, 1641470813.1975465, 1641470813.3491602, 1641470813.5020344, 1641470813.6528332, 1641470821.5809584, 1641470821.7337904, 1641470821.8864055, 1641470822.0385091, 1641470822.1925533, 1641470822.3424501, 1641470822.4932768, 1641470830.4048226, 1641470830.5567265, 1641470830.7082055, 1641470830.8600063, 1641470831.0104463, 1641470831.1604366, 1641470831.3132913, 1641470839.2488587, 1641470839.4005497, 1641470839.550396, 1641470839.6992567, 1641470839.8507638, 1641470839.999232, 1641470840.146553, 1641470847.9946601, 1641470848.142408, 1641470848.2921147, 1641470848.4405162, 1641470848.5884461, 1641470848.7346716, 1641470848.8844926, 1641470856.5489547, 1641470856.6971455, 1641470856.8472266, 1641470856.9977527, 1641470857.146434, 1641470857.2952905, 1641470857.443622, 1641470865.1833692, 1641470865.3334773, 1641470865.48153, 1641470865.6303751, 1641470865.7773483, 1641470865.9266014, 1641470866.0767245, 1641470873.8379345, 1641470873.9838812, 1641470874.1326764, 1641470874.2811766, 1641470874.4298992, 1641470874.5773695, 1641470874.7281318, 1641470882.4469233, 1641470882.595625, 1641470882.7450368, 1641470882.8930767, 1641470883.042363, 1641470883.1899436, 1641470883.3372605, 1641470891.1586797, 1641470891.3185976, 1641470891.4762895, 1641470891.6360745, 1641470891.7956727, 1641470891.9568374, 1641470892.141547, 1641470899.968118, 1641470900.1181803, 1641470900.2862866, 1641470900.435146, 1641470900.6105907, 1641470900.7561953, 1641470900.9303663, 1641470908.7565098, 1641470908.9270117, 1641470909.1252255, 1641470909.2961388, 1641470909.463935, 1641470909.6190064, 1641470909.7836504, 1641470917.5769467, 1641470917.754233, 1641470917.9038582, 1641470918.0547912, 1641470918.207322, 1641470918.3596277, 1641470918.5083172, 1641470926.2663956, 1641470926.4167755, 1641470926.5653667, 1641470926.7134302, 1641470926.860091, 1641470927.0069337, 1641470927.154959, 1641470934.9095669, 1641470935.0561016, 1641470935.2033658, 1641470935.3517163, 1641470935.5009348, 1641470935.6498542, 1641470935.7970114, 1641470943.5763009, 1641470943.732914, 1641470943.8849792, 1641470944.0314734, 1641470944.178079, 1641470944.3247612, 1641470944.4746673, 1641470952.1672013, 1641470952.3142312, 1641470952.4621992, 1641470952.6104202, 1641470952.757826, 1641470952.905854, 1641470953.0531108, 1641470960.8096633, 1641470960.9557545, 1641470961.1021793, 1641470961.2489593, 1641470961.3950655, 1641470961.542007, 1641470961.6898043, 1641470969.4528866, 1641470969.6185715, 1641470969.7775633, 1641470969.9371078, 1641470970.1024323, 1641470970.2588956, 1641470970.413675, 1641470978.1577208, 1641470978.3037207, 1641470978.4506373, 1641470978.5959759, 1641470978.745039, 1641470978.8942058, 1641470979.0408251, 1641470986.7526698, 1641470986.9004867, 1641470987.0465147, 1641470987.1911662, 1641470987.3358977, 1641470987.4807875, 1641470987.6263094, 1641470995.3560593, 1641470995.5023134, 1641470995.6491864, 1641470995.7957609, 1641470995.9446664, 1641470996.0917687, 1641470996.2659218, 1641471003.9297836, 1641471004.0767663, 1641471004.223035, 1641471004.3685098, 1641471004.5427694, 1641471004.6894493, 1641471004.834423, 1641471012.516198, 1641471012.6614282, 1641471012.8352644, 1641471012.9844637, 1641471013.132814, 1641471013.2802567, 1641471013.4277105, 1641471021.0436344, 1641471021.1891448, 1641471021.365442, 1641471021.5135422, 1641471021.6623895, 1641471021.8089204, 1641471021.956922, 1641471029.6616552, 1641471029.809104, 1641471029.9583511, 1641471030.1030903, 1641471030.2488532, 1641471030.3947985, 1641471030.5403512, 1641471038.2455869, 1641471038.39081, 1641471038.5394485, 1641471038.6876676, 1641471038.833895, 1641471038.9830828, 1641471039.1269372, 1641471046.7731557, 1641471046.9185228, 1641471047.0665238, 1641471047.2132437, 1641471047.3618999, 1641471047.5093772, 1641471047.6548386, 1641471055.3740559, 1641471055.5211945, 1641471055.666037, 1641471055.812876, 1641471055.9614227, 1641471056.1091511, 1641471056.256205, 1641471063.9652078, 1641471064.113144, 1641471064.2599056, 1641471064.4064739, 1641471064.5525575, 1641471064.6971142, 1641471064.8427544, 1641471072.4593031, 1641471072.606023, 1641471072.751901, 1641471072.8990889, 1641471073.0505013, 1641471073.2001395, 1641471073.3455887, 1641471081.0438612, 1641471081.1903944, 1641471081.3364134, 1641471081.4814138, 1641471081.6268902, 1641471081.7738373, 1641471081.918335, 1641471089.6020505, 1641471089.7484493, 1641471089.8948932, 1641471090.0427794, 1641471090.1912172, 1641471090.3360443, 1641471090.4860404, 1641471098.0911767, 1641471098.2373192, 1641471098.384316, 1641471098.5300546, 1641471098.6748176, 1641471098.82049, 1641471098.9663684, 1641471106.6580117, 1641471106.804966, 1641471106.9528773, 1641471107.1017408, 1641471107.2481945, 1641471107.3958013, 1641471107.5366528, 1641471115.2437785, 1641471115.388475, 1641471115.535924, 1641471115.6835835, 1641471115.8314664, 1641471116.007706, 1641471116.1519241, 1641471123.7545178, 1641471123.90152, 1641471124.0467536, 1641471124.1928596, 1641471124.3384838, 1641471124.509049, 1641471124.656301, 1641471132.3299446, 1641471132.4762034, 1641471132.6218243, 1641471132.7937613, 1641471132.940365, 1641471133.0883102, 1641471133.232326, 1641471140.885806, 1641471141.0332382, 1641471141.2077904, 1641471141.35361, 1641471141.4998229, 1641471141.6465926, 1641471141.7928329, 1641471149.3638833, 1641471149.5307226, 1641471149.6813312, 1641471149.7969728, 1641471149.9302402, 1641471150.0194588, 1641471150.171519, 1641471150.318859, 1641471150.4683216, 1641471158.1466265, 1641471158.2961617, 1641471158.4475067, 1641471158.596087, 1641471158.7444603, 1641471158.8987732, 1641471159.0465875, 1641471166.723313, 1641471166.8699293, 1641471167.0261958, 1641471167.1781654, 1641471167.3250616, 1641471167.473942, 1641471167.6206179, 1641471175.2422476, 1641471175.387191, 1641471175.5323684, 1641471175.6794267, 1641471175.8260107, 1641471175.9728851, 1641471176.119131, 1641471183.8318982, 1641471183.98073, 1641471184.130741, 1641471184.2811487, 1641471184.4316332, 1641471184.5800726, 1641471184.7310252],