{"initial_reset_timestamp": 1641470768.195033, "timestamps": [1641470771.393673, 1641470771.6083643, 1641470771.92765, 1641470772.2264788, 1641470772.440686, 1641470772.7276912, 1641470773.0094101, 1641470775.0574787, 1641470775.3413374, 1641470775.6220624, 1641470775.8992176, 1641470776.1798503, 1641470776.4563472, 1641470778.7220502, 1641470779.784196, 1641470780.8636625, 1641470781.9150665, 1641470782.9686837, 1641470784.02028, 1641470785.0043392, 1641470787.7703311, 1641470788.8410032, 1641470789.9100246, 1641470790.9775271, 1641470792.048508, 1641470793.117469, 1641470794.1848724, 1641470796.827277, 1641470797.8991766, 1641470798.973282, 1641470800.0448365, 1641470801.1145658, 1641470802.1821518, 1641470804.9385123, 1641470806.0116746, 1641470807.0838423, 1641470808.154922, 1641470809.225714, 1641470810.2965498, 1641470811.363244, 1641470814.1065767, 1641470815.176407, 1641470816.24387, 1641470817.3162138, 1641470818.3889558, 1641470819.15263, 1641470820.2227817, 1641470822.9739287, 1641470824.0410583, 1641470824.9541192, 1641470826.0115592, 1641470826.689109, 1641470827.7539997, 1641470828.8257577, 1641470831.5834637, 1641470832.6494923, 1641470833.7223513, 1641470834.7943826, 1641470835.8617322, 1641470836.9308796, 1641470838.0008786, 1641470840.7462528, 1641470841.8175302, 1641470842.8743992, 1641470843.9292712, 1641470844.9816322, 1641470846.032083, 1641470847.083946, 1641470849.7919188, 1641470850.8323627, 1641470851.874071, 1641470852.9189484, 1641470853.9577715, 1641470855.025927, 1641470857.7062507, 1641470858.7483876, 1641470859.791082, 1641470860.8318377, 1641470861.8970394, 1641470862.9371936, 1641470863.9750113, 1641470866.6628227, 1641470867.7040844, 1641470868.744709, 1641470869.8222272, 1641470870.8686016, 1641470871.9113877, 1641470872.9600768, 1641470875.642733, 1641470876.7159932, 1641470877.769009, 1641470878.817735, 1641470879.8676417, 1641470880.9191399, 1641470883.6023147, 1641470884.6806464, 1641470885.7333875, 1641470886.7821186, 1641470887.7035537, 1641470888.7575302, 1641470889.8134818, 1641470892.6046033, 1641470893.5910397, 1641470894.6432424, 1641470895.6986837, 1641470896.7503552, 1641470897.806318, 1641470898.863906, 1641470901.6438372, 1641470902.6999369, 1641470903.745774, 1641470904.8051214, 1641470905.8627415, 1641470906.8471036, 1641470907.9062703, 1641470910.759249, 1641470911.1475627, 1641470912.1964297, 1641470912.8851485, 1641470913.9381979, 1641470914.994691, 1641470916.0465744, 1641470918.7746756, 1641470919.8290055, 1641470920.8823173, 1641470921.924472, 1641470922.9626617, 1641470924.0020902, 1641470925.0411906, 1641470927.7389946, 1641470928.7811441, 1641470929.8270597, 1641470930.8689868, 1641470931.5040731, 1641470932.548834, 1641470933.5904489, 1641470936.3011541, 1641470937.1841393, 1641470938.2284472, 1641470939.278435, 1641470940.328637, 1641470941.3756776, 1641470942.4195154, 1641470945.1382837, 1641470946.1828897, 1641470947.2278297, 1641470948.271685, 1641470949.317308, 1641470950.364431, 1641470953.0706236, 1641470954.1173515, 1641470955.164194, 1641470956.2090204, 1641470957.24871, 1641470958.2900639, 1641470959.3350372, 1641470962.030556, 1641470963.0725644, 1641470964.112538, 1641470964.8340704, 1641470965.8772447, 1641470966.9165123, 1641470967.9861186, 1641470970.747849, 1641470971.7897375, 1641470972.830104, 1641470973.875002, 1641470974.9159045, 1641470975.9866471, 1641470977.0289612, 1641470979.1540728, 1641470980.194494, 1641470981.2340496, 1641470982.3010204, 1641470983.334733, 1641470984.3708735, 1641470985.411771, 1641470988.064051, 1641470989.136522, 1641470989.7372835, 1641470990.774092, 1641470991.8147826, 1641470992.8536117, 1641470993.8907213, 1641470996.5822067, 1641470997.6107447, 1641470998.6425676, 1641470999.6770093, 1641471000.7175145, 1641471001.756911, 1641471002.792156, 1641471005.475165, 1641471006.5131717, 1641471007.2941718, 1641471008.3324409, 1641471009.3684392, 1641471010.4071584, 1641471011.4461532, 1641471014.1339295, 1641471015.172208, 1641471016.213921, 1641471017.2482436, 1641471018.2874613, 1641471019.323244, 1641471022.0188084, 1641471023.0556304, 1641471024.0960312, 1641471025.1341257, 1641471026.1703568, 1641471027.2047281, 1641471028.2436304, 1641471030.9227178, 1641471031.961667, 1641471032.997493, 1641471034.035764, 1641471035.0707817, 1641471036.108794, 1641471037.1469133, 1641471039.8324676, 1641471040.8713868, 1641471041.9089994, 1641471042.9464684, 1641471043.9913, 1641471045.0290189, 1641471047.716387, 1641471048.7529564, 1641471049.794055, 1641471050.8305173, 1641471051.8712869, 1641471052.9095933, 1641471053.944146, 1641471056.6407688, 1641471057.6772978, 1641471058.7140477, 1641471059.7504592, 1641471060.789084, 1641471061.8274844, 1641471062.8643658, 1641471065.5488057, 1641471066.5804048, 1641471067.6174233, 1641471068.6513407, 1641471069.6895623, 1641471070.7203908, 1641471073.4077916, 1641471074.4432576, 1641471075.4805162, 1641471076.516039, 1641471077.5463414, 1641471078.5806668, 1641471079.6451092, 1641471082.302256, 1641471083.3308566, 1641471084.3624272, 1641471085.3952608, 1641471086.4300718, 1641471087.4987235, 1641471088.5312605, 1641471091.1891637, 1641471092.2234104, 1641471093.2531781, 1641471094.3175564, 1641471095.3476846, 1641471096.3793302, 1641471099.0289085, 1641471100.0636902, 1641471101.0974114, 1641471102.1591501, 1641471103.1954336, 1641471104.229396, 1641471105.2626138, 1641471107.918792, 1641471108.9838014, 1641471110.0202317, 1641471111.057197, 1641471112.095235, 1641471113.1320531, 1641471114.1693428, 1641471116.8573754, 1641471117.8935888, 1641471118.9278584, 1641471119.9630945, 1641471120.9978592, 1641471122.0371156, 1641471124.7175782, 1641471125.7555778, 1641471126.790332, 1641471127.8277676, 1641471128.8638098, 1641471129.8978076, 1641471130.9324431, 1641471133.6118846, 1641471134.642898, 1641471135.6775331, 1641471136.712249, 1641471137.7453046, 1641471138.7771213, 1641471139.8156254, 1641471142.492309, 1641471143.5269775, 1641471144.5590205, 1641471145.5932083, 1641471146.6301389, 1641471147.6638763, 1641471150.5293229, 1641471151.5619848, 1641471152.5932896, 1641471153.6261516, 1641471154.6583898, 1641471155.6909025, 1641471156.7240942, 1641471159.4282866, 1641471160.4658775, 1641471161.4971175, 1641471162.530046, 1641471163.5648825, 1641471164.597306, 1641471165.6298542, 1641471168.3267016, 1641471169.3594375, 1641471170.3939843, 1641471171.427588, 1641471172.4615712, 1641471173.498423, 1641471176.180587, 1641471177.2140827, 1641471178.2463388, 1641471179.2763417, 1641471180.3097317, 1641471181.3398128, 1641471182.3822503, 1641471185.1245773, 1641471186.1867309, 1641471187.2477396, 1641471188.3150508, 1641471189.3805826, 1641471190.4445963, 1641471191.5348449],