{"initial_reset_timestamp": 1641457016.072022, "timestamps": [1641457019.21075, 1641457019.426819, 1641457019.7477634, 1641457020.0498135, 1641457020.3174217, 1641457020.6064348, 1641457022.5887706, 1641457022.873878, 1641457023.1567094, 1641457023.44032, 1641457023.722363, 1641457023.9999607, 1641457024.276903, 1641457026.679783, 1641457027.7476332, 1641457028.806067, 1641457029.8616323, 1641457030.9144402, 1641457031.966453, 1641457033.0182774, 1641457035.8922842, 1641457036.946997, 1641457038.0047095, 1641457039.0662231, 1641457040.1256301, 1641457041.1870449, 1641457044.0784464, 1641457045.1455572, 1641457046.2102246, 1641457047.2725978, 1641457048.3472164, 1641457049.4378464, 1641457050.5130699, 1641457053.416754, 1641457054.4701407, 1641457055.522458, 1641457056.5701296, 1641457057.6183102, 1641457058.6639073, 1641457059.7134762, 1641457062.6330197, 1641457063.6890342, 1641457064.742914, 1641457065.8068595, 1641457066.863355, 1641457067.9201438, 1641457070.8500006, 1641457071.9039867, 1641457072.9596112, 1641457074.0174572, 1641457075.068102, 1641457076.114343, 1641457077.1609328, 1641457080.068733, 1641457081.1191077, 1641457082.167028, 1641457083.21443, 1641457084.2594728, 1641457085.3062305, 1641457086.3542068, 1641457090.5885475, 1641457091.6372879, 1641457092.6878324, 1641457093.7396986, 1641457094.7874577, 1641457095.8422832, 1641457099.9598851, 1641457101.0078955, 1641457102.05706, 1641457103.1091137, 1641457104.1559734, 1641457105.2015371, 1641457106.2500901, 1641457110.271985, 1641457111.3230429, 1641457112.369912, 1641457113.4174602, 1641457114.4660947, 1641457115.5131748, 1641457116.5669527, 1641457120.5068107, 1641457121.5594656, 1641457122.6086833, 1641457123.661301, 1641457124.7081332, 1641457125.7557971, 1641457129.491246, 1641457130.5414908, 1641457131.615171, 1641457132.6613834, 1641457133.7096207, 1641457134.7619822, 1641457135.8101277, 1641457139.053762, 1641457140.1026802, 1641457141.1550574, 1641457142.203631, 1641457143.2503219, 1641457144.29821, 1641457145.346394, 1641457149.3804538, 1641457150.427963, 1641457151.4770784, 1641457152.530101, 1641457153.5817904, 1641457154.6293051, 1641457158.9540815, 1641457160.0054007, 1641457161.0514278, 1641457162.1005561, 1641457163.1502428, 1641457164.1926246, 1641457165.243494, 1641457169.432298, 1641457170.4849484, 1641457171.5342305, 1641457172.5862687, 1641457173.6395855, 1641457174.690385, 1641457175.7392662, 1641457179.8592577, 1641457180.9053476, 1641457181.9587615, 1641457183.011355, 1641457184.0507195, 1641457185.0807292, 1641457189.2466176, 1641457190.2785556, 1641457191.3113577, 1641457192.343771, 1641457193.377477, 1641457194.4128442, 1641457195.4413848, 1641457199.5732992, 1641457200.6078017, 1641457201.639524, 1641457202.674014, 1641457203.7094357, 1641457204.7399244, 1641457205.771534, 1641457209.3991919, 1641457210.4595118, 1641457211.4889956, 1641457212.520574, 1641457213.554095, 1641457214.586925, 1641457217.861005, 1641457218.8919847, 1641457219.924798, 1641457220.9600306, 1641457221.9939847, 1641457223.0233972, 1641457224.0506992, 1641457227.5832012, 1641457228.6381507, 1641457229.661811, 1641457230.6883512, 1641457231.7132795, 1641457232.7376275, 1641457233.7660043, 1641457237.2615798, 1641457238.2899795, 1641457239.3178887, 1641457240.3458974, 1641457241.3746135, 1641457242.3969605, 1641457245.6723993, 1641457246.7040453, 1641457247.7541175, 1641457248.7847033, 1641457249.8142602, 1641457250.843886, 1641457251.8727798, 1641457254.9605055, 1641457255.9892774, 1641457257.0302744, 1641457258.07561, 1641457259.1156168, 1641457260.1559372, 1641457261.1982534, 1641457264.6873064, 1641457265.730107, 1641457266.7707577, 1641457267.8103404, 1641457268.8556948, 1641457269.8962336, 1641457273.3408036, 1641457274.3819933, 1641457275.427601, 1641457276.470005, 1641457277.5144618, 1641457278.5550985, 1641457279.6019497, 1641457283.4879265, 1641457284.5540752, 1641457285.5985024, 1641457286.6401744, 1641457287.6810641, 1641457288.724775, 1641457289.7645774, 1641457293.3405573, 1641457294.3824053, 1641457295.4272466, 1641457296.4678938, 1641457297.5113454, 1641457298.5521202, 1641457302.422897, 1641457303.4662118, 1641457304.510741, 1641457305.553975, 1641457306.6154716, 1641457307.656, 1641457308.7002265, 1641457312.9845946, 1641457314.0286305, 1641457315.074207, 1641457316.1220083, 1641457317.1668167, 1641457318.2157664, 1641457319.2575548, 1641457323.4123945, 1641457324.4569788, 1641457325.497256, 1641457326.5418026, 1641457327.5861511, 1641457328.6285455, 1641457332.7134247, 1641457333.7577505, 1641457334.8040493, 1641457335.8522434, 1641457336.8985577, 1641457337.9502633, 1641457338.995129, 1641457343.3535647, 1641457344.400226, 1641457345.4422693, 1641457346.4851372, 1641457347.5279906, 1641457348.570207, 1641457349.611905, 1641457353.629448, 1641457354.6722314, 1641457355.7167816, 1641457356.765235, 1641457357.8064518, 1641457358.8482769, 1641457363.1956007, 1641457364.2409813, 1641457365.2840247, 1641457366.3254414, 1641457367.3668017, 1641457368.4125152, 1641457369.4583912, 1641457373.528672, 1641457374.56816, 1641457375.612773, 1641457376.6526937, 1641457377.6960607, 1641457378.7431545, 1641457379.81113, 1641457383.6122253, 1641457384.6526065, 1641457385.6984217, 1641457386.7382236, 1641457387.7827253, 1641457388.8280556, 1641457392.799089, 1641457393.8442469, 1641457394.8930295, 1641457395.9391384, 1641457396.9894772, 1641457398.0351186, 1641457399.0822532, 1641457403.3862326, 1641457404.435201, 1641457405.4842777, 1641457406.5268118, 1641457407.5736833, 1641457408.619324, 1641457409.6692991, 1641457414.25499, 1641457415.3018024, 1641457416.3524082, 1641457417.40166, 1641457418.4505486, 1641457419.5015461, 1641457423.8612192, 1641457424.911667, 1641457425.9596145, 1641457427.0097368, 1641457428.0548806, 1641457429.1056082, 1641457430.1767511, 1641457434.393096, 1641457435.439821, 1641457436.486308, 1641457437.5342124, 1641457438.5842447, 1641457439.6638782, 1641457440.7095017, 1641457445.2877, 1641457446.336892, 1641457447.3864515, 1641457448.4339764, 1641457449.483478, 1641457450.5282815, 1641457454.9678085, 1641457456.0194323, 1641457457.0690107, 1641457458.1196718, 1641457459.1692054, 1641457460.2181115, 1641457461.2679777, 1641457465.502157, 1641457466.548958, 1641457467.5985725, 1641457468.6482732, 1641457469.6988754, 1641457470.7498775, 1641457471.8039134, 1641457476.2966702, 1641457477.3468168, 1641457478.3949795, 1641457479.4435735, 1641457480.491025, 1641457481.5427978, 1641457485.518755, 1641457486.5673654, 1641457487.6186628, 1641457488.6648796, 1641457489.7193992, 1641457490.7734947, 1641457491.821825],