{"initial_reset_timestamp": 1641452656.2751403, "timestamps": [1641452659.5567732, 1641452659.7749295, 1641452660.0949538, 1641452660.3953354, 1641452660.6854928, 1641452660.971563, 1641452663.078264, 1641452663.3637989, 1641452663.6479123, 1641452663.931427, 1641452664.214898, 1641452664.4958131, 1641452664.775453, 1641452667.409902, 1641452667.996211, 1641452668.874097, 1641452669.9269886, 1641452670.9804769, 1641452672.031384, 1641452673.0870795, 1641452675.9276683, 1641452676.9901555, 1641452677.419679, 1641452678.481813, 1641452679.544507, 1641452680.6106527, 1641452681.673796, 1641452681.928613, 1641452684.6445825, 1641452685.4980073, 1641452686.5676227, 1641452687.6195066, 1641452688.6720214, 1641452689.7224574, 1641452690.7680118, 1641452693.4933932, 1641452694.5389078, 1641452695.5890005, 1641452696.6346078, 1641452697.4593992, 1641452698.405033, 1641452699.4514186, 1641452702.1972134, 1641452703.2466774, 1641452704.2563136, 1641452705.305649, 1641452706.3491442, 1641452707.1869621, 1641452707.967135, 1641452708.9100754, 1641452711.6427414, 1641452712.3620028, 1641452713.3251262, 1641452714.3443038, 1641452715.1191308, 1641452715.998331, 1641452716.6016898, 1641452717.0378094, 1641452719.7670438, 1641452720.7333949, 1641452721.4508376, 1641452721.8886602, 1641452722.2614503, 1641452723.0107157, 1641452723.9871514, 1641452724.5269227, 1641452725.584223, 1641452726.330661, 1641452728.741754, 1641452729.4396408, 1641452730.5042672, 1641452731.0799706, 1641452731.5361366, 1641452732.596928, 1641452733.4085355, 1641452733.865399, 1641452734.5310283, 1641452734.952034, 1641452735.7691638, 1641452738.6029727, 1641452739.6171691, 1641452740.6305346, 1641452741.6446433, 1641452742.6589768, 1641452743.671845, 1641452746.4988654, 1641452747.5122263, 1641452748.5239742, 1641452749.5375376, 1641452750.552094, 1641452751.5679398, 1641452752.5830936, 1641452755.769029, 1641452756.7834342, 1641452757.7963777, 1641452758.813103, 1641452759.8276603, 1641452760.8936777, 1641452761.9383678, 1641452765.7074988, 1641452766.7560844, 1641452767.8111072, 1641452768.8599458, 1641452769.9092364, 1641452770.9606369, 1641452774.964059, 1641452776.015252, 1641452777.0672204, 1641452778.119988, 1641452779.1704102, 1641452780.2225552, 1641452781.275531, 1641452785.1428514, 1641452786.1974514, 1641452787.2489855, 1641452788.2969978, 1641452789.3504832, 1641452790.4011688, 1641452791.4532237, 1641452795.8080354, 1641452796.8599374, 1641452797.9151542, 1641452798.9675596, 1641452800.0166104, 1641452801.0709312, 1641452805.3748834, 1641452806.4281876, 1641452807.4835193, 1641452808.5362113, 1641452809.589522, 1641452810.6406898, 1641452811.6972601, 1641452816.0665455, 1641452817.1245859, 1641452818.1791666, 1641452819.2309363, 1641452820.2851386, 1641452821.3366241, 1641452822.4166489, 1641452826.4752972, 1641452827.524455, 1641452828.5605996, 1641452829.5989547, 1641452830.6331325, 1641452831.678528, 1641452836.183939, 1641452837.218519, 1641452838.2836123, 1641452839.3206747, 1641452840.3545885, 1641452841.3905878, 1641452842.4278338, 1641452846.7559798, 1641452847.791202, 1641452848.8252916, 1641452849.8620145, 1641452850.8979502, 1641452851.931269, 1641452852.9637969, 1641452857.1173642, 1641452858.1516025, 1641452859.1884174, 1641452860.2228155, 1641452861.2593417, 1641452862.3181844, 1641452866.5477362, 1641452867.5837185, 1641452868.6182685, 1641452869.6537774, 1641452870.6879518, 1641452871.7231417, 1641452872.76129, 1641452877.057493, 1641452878.0954115, 1641452879.1340733, 1641452880.170969, 1641452881.208774, 1641452882.2443547, 1641452883.2825062, 1641452887.7861028, 1641452888.8230824, 1641452889.865139, 1641452890.9029474, 1641452891.9428952, 1641452893.0037804, 1641452897.4006155, 1641452898.4633198, 1641452899.505995, 1641452900.5422425, 1641452901.575995, 1641452902.612146, 1641452903.6481776, 1641452907.9372306, 1641452908.9696655, 1641452910.007302, 1641452911.0408382, 1641452912.0780737, 1641452913.1155615, 1641452914.152457, 1641452918.6857777, 1641452919.719609, 1641452920.7571886, 1641452921.7962883, 1641452922.8325202, 1641452923.8702836, 1641452928.2841833, 1641452929.3213058, 1641452930.3589215, 1641452931.3947396, 1641452932.4322746, 1641452933.4661536, 1641452934.5284607, 1641452938.4461043, 1641452939.4869318, 1641452940.5277054, 1641452941.5621989, 1641452942.602763, 1641452943.640318, 1641452944.6773112, 1641452948.9620585, 1641452950.0030973, 1641452951.0582392, 1641452952.1142073, 1641452953.1948445, 1641452954.2487757, 1641452958.4835594, 1641452959.5389543, 1641452960.6175401, 1641452961.6724873, 1641452962.7313726, 1641452963.7881343, 1641452964.8439572, 1641452969.1118104, 1641452970.1654754, 1641452971.220421, 1641452972.2772045, 1641452973.3283932, 1641452974.388294, 1641452975.4466474, 1641452979.9880552, 1641452981.0442257, 1641452982.1064596, 1641452983.1470218, 1641452984.2098186, 1641452985.2502668, 1641452989.2913318, 1641452990.3333127, 1641452991.375, 1641452992.4171448, 1641452993.4576066, 1641452994.4999475, 1641452995.5433109, 1641452999.8543289, 1641453000.8953536, 1641453001.9358683, 1641453002.975867, 1641453004.0123935, 1641453005.052736, 1641453006.0899558, 1641453010.603928, 1641453011.640566, 1641453012.6766047, 1641453013.7123137, 1641453014.747535, 1641453015.8087554, 1641453020.1366434, 1641453021.1713674, 1641453022.233338, 1641453023.2685854, 1641453024.306739, 1641453025.347031, 1641453026.3813758, 1641453030.6703858, 1641453031.7069983, 1641453032.7480824, 1641453033.7913625, 1641453034.8366313, 1641453035.8794804, 1641453036.9296193, 1641453041.2593172, 1641453042.3037393, 1641453043.3503757, 1641453044.3948438, 1641453045.4381597, 1641453046.4820695, 1641453051.0773988, 1641453052.12598, 1641453053.1682992, 1641453054.2115622, 1641453055.254338, 1641453056.293401, 1641453057.336451, 1641453061.637897, 1641453062.6814315, 1641453063.7211611, 1641453064.7654176, 1641453065.8357227, 1641453066.8751786, 1641453067.917886, 1641453072.426936, 1641453073.463373, 1641453074.5060263, 1641453075.5469203, 1641453076.591652, 1641453077.640032, 1641453081.8059704, 1641453082.8511548, 1641453083.899009, 1641453084.9460347, 1641453085.990324, 1641453087.033761, 1641453088.0727017, 1641453092.3828921, 1641453093.4223387, 1641453094.495158, 1641453095.5658116, 1641453096.6333966, 1641453097.7031534, 1641453098.7622097, 1641453103.5410123, 1641453104.5934584, 1641453105.6460545, 1641453106.6981714, 1641453107.7792003, 1641453108.8317895, 1641453113.1597996, 1641453114.2136106, 1641453115.2952216, 1641453116.3491824, 1641453117.404063, 1641453118.4575055, 1641453119.5142272, 1641453124.2445161, 1641453125.2975943, 1641453126.352806, 1641453127.4065406, 1641453128.4614654, 1641453129.5155149, 1641453130.5694504, 1641453134.9286273, 1641453135.968569, 1641453137.0075965, 1641453138.044214, 1641453139.083578, 1641453140.1204126],