{"initial_reset_timestamp": 1641478827.2388785, "timestamps": [1641478827.5537102, 1641478827.7050216, 1641478827.8559496, 1641478828.004717, 1641478828.158408, 1641478828.3101704, 1641478828.481337, 1641478830.9348462, 1641478831.0866585, 1641478831.237434, 1641478831.3893309, 1641478831.541465, 1641478831.7192802, 1641478831.8683617, 1641478834.5111647, 1641478834.6621394, 1641478834.814583, 1641478834.9637575, 1641478835.14192, 1641478835.294554, 1641478835.4470549, 1641478843.3403802, 1641478843.4949365, 1641478843.675947, 1641478843.8267472, 1641478843.978251, 1641478844.1322627, 1641478844.283391, 1641478852.174472, 1641478852.3249846, 1641478852.5022237, 1641478852.6526535, 1641478852.8041546, 1641478852.953526, 1641478853.105397, 1641478861.097673, 1641478861.2491596, 1641478861.4027967, 1641478861.5538316, 1641478861.70458, 1641478861.8564508, 1641478862.007657, 1641478870.0333233, 1641478870.1840787, 1641478870.3348217, 1641478870.4867153, 1641478870.6375587, 1641478870.7895622, 1641478870.942218, 1641478878.8498964, 1641478879.0027297, 1641478879.1576865, 1641478879.3101654, 1641478879.4670157, 1641478879.620582, 1641478879.771759, 1641478887.7775662, 1641478887.9288545, 1641478888.0832784, 1641478888.234693, 1641478888.3860707, 1641478888.5386891, 1641478888.6896129, 1641478896.6742723, 1641478896.82594, 1641478896.9782393, 1641478897.1296763, 1641478897.2820265, 1641478897.433985, 1641478897.58751, 1641478905.5635686, 1641478905.7153504, 1641478905.868124, 1641478906.0203054, 1641478906.1743865, 1641478906.3256307, 1641478906.474935, 1641478914.3855972, 1641478914.540484, 1641478914.7111847, 1641478914.8634777, 1641478915.015249, 1641478915.1872203, 1641478915.3569062, 1641478923.352391, 1641478923.5040677, 1641478923.655949, 1641478923.8112078, 1641478923.9611113, 1641478924.1124096, 1641478924.2629387, 1641478932.2273142, 1641478932.391302, 1641478932.5435429, 1641478932.6933796, 1641478932.8456004, 1641478932.9972188, 1641478933.1502266, 1641478940.9770987, 1641478941.1247962, 1641478941.2750316, 1641478941.4226277, 1641478941.5707858, 1641478941.7185516, 1641478941.890603, 1641478949.5969694, 1641478949.745367, 1641478949.8914058, 1641478950.041027, 1641478950.1901248, 1641478950.3649275, 1641478950.5112348, 1641478958.281009, 1641478958.4288273, 1641478958.5764916, 1641478958.7241392, 1641478958.9006875, 1641478959.0477197, 1641478959.1938217, 1641478966.9813745, 1641478967.1293588, 1641478967.30411, 1641478967.4523547, 1641478967.6006622, 1641478967.7508612, 1641478967.9006412, 1641478975.6225421, 1641478975.7975526, 1641478975.946244, 1641478976.094462, 1641478976.2441702, 1641478976.3921375, 1641478976.5377166, 1641478984.3594496, 1641478984.508511, 1641478984.6564107, 1641478984.8046556, 1641478984.9542794, 1641478985.1026835, 1641478985.2526789, 1641478993.066634, 1641478993.2185836, 1641478993.3662148, 1641478993.5161245, 1641478993.6642828, 1641478993.8129077, 1641478993.9607716, 1641479001.6474998, 1641479001.795414, 1641479001.945827, 1641479002.0939133, 1641479002.2407825, 1641479002.3888736, 1641479002.5385888, 1641479010.2916396, 1641479010.4415379, 1641479010.5901814, 1641479010.737421, 1641479010.8881388, 1641479011.036537, 1641479011.1850967, 1641479018.9230592, 1641479019.0722568, 1641479019.2197173, 1641479019.369237, 1641479019.518631, 1641479019.6650598, 1641479019.8147264, 1641479027.4981565, 1641479027.6471868, 1641479027.7947958, 1641479027.9431837, 1641479028.092154, 1641479028.2410724, 1641479028.389499, 1641479036.1212206, 1641479036.2712092, 1641479036.4199488, 1641479036.5678868, 1641479036.717909, 1641479036.8669312, 1641479037.0140293, 1641479044.7278554, 1641479044.8763556, 1641479045.0262213, 1641479045.176517, 1641479045.3258216, 1641479045.4723954, 1641479045.620461, 1641479053.3439357, 1641479053.4968512, 1641479053.6433308, 1641479053.791649, 1641479053.9425595, 1641479054.0912364, 1641479054.2400367, 1641479061.973042, 1641479062.121653, 1641479062.2709365, 1641479062.419678, 1641479062.566894, 1641479062.714784, 1641479062.8933797, 1641479070.55338, 1641479070.7023304, 1641479070.8537214, 1641479071.0031943, 1641479071.1496723, 1641479071.3265998, 1641479071.4745033, 1641479079.221758, 1641479079.3696609, 1641479079.5183566, 1641479079.6630185, 1641479079.8402917, 1641479079.9899232, 1641479080.1371198, 1641479087.8672159, 1641479088.0152528, 1641479088.1867836, 1641479088.3372915, 1641479088.485532, 1641479088.6326928, 1641479088.7783344, 1641479096.4339228, 1641479096.608967, 1641479096.7569234, 1641479096.9059756, 1641479097.055031, 1641479097.202201, 1641479097.3522015, 1641479105.0885642, 1641479105.2356756, 1641479105.384268, 1641479105.532333, 1641479105.680067, 1641479105.8275146, 1641479105.9767468, 1641479113.7218237, 1641479113.870146, 1641479114.0173304, 1641479114.1661494, 1641479114.3133893, 1641479114.4624763, 1641479114.6120095, 1641479122.3807318, 1641479122.5318873, 1641479122.6863818, 1641479122.8385413, 1641479122.9919136, 1641479123.1453938, 1641479123.2966597, 1641479131.247825, 1641479131.401859, 1641479131.5575976, 1641479131.708302, 1641479131.8591301, 1641479132.0138443, 1641479132.1686068, 1641479140.1120825, 1641479140.2654843, 1641479140.4196777, 1641479140.5731332, 1641479140.7260146, 1641479140.8793178, 1641479141.0312212, 1641479148.9094844, 1641479149.0665631, 1641479149.2201042, 1641479149.3720672, 1641479149.5253537, 1641479149.6790502, 1641479149.8314307, 1641479157.7906988, 1641479157.9436896, 1641479158.099732, 1641479158.25137, 1641479158.4068809, 1641479158.5581026, 1641479158.7119608, 1641479166.6487355, 1641479166.8010826, 1641479166.95339, 1641479167.1048276, 1641479167.260317, 1641479167.4137995, 1641479167.5679727, 1641479175.449432, 1641479175.60297, 1641479175.7570224, 1641479175.9101374, 1641479176.0624423, 1641479176.2155657, 1641479176.3681488, 1641479184.305451, 1641479184.4574642, 1641479184.611242, 1641479184.7643235, 1641479184.9179676, 1641479185.070757, 1641479185.224939, 1641479193.1520486, 1641479193.3050988, 1641479193.4653187, 1641479193.6192458, 1641479193.7726815, 1641479193.9244132, 1641479194.1078992, 1641479201.987051, 1641479202.1427677, 1641479202.296086, 1641479202.4496462, 1641479202.6298199, 1641479202.781961, 1641479202.935241, 1641479210.8423262, 1641479210.9940858, 1641479211.1740804, 1641479211.329736, 1641479211.4814866, 1641479211.6336167, 1641479211.7873232, 1641479219.6217272, 1641479219.773893, 1641479219.9526024, 1641479220.1056163, 1641479220.28203, 1641479220.4337604, 1641479220.5871284, 1641479228.5439029, 1641479228.6979995, 1641479228.8521032, 1641479229.0082195, 1641479229.16408, 1641479229.3178256, 1641479229.475773, 1641479237.3941064, 1641479237.54526, 1641479237.6976335, 1641479237.8480952, 1641479238.0000916, 1641479238.1522477, 1641479238.3036003, 1641479246.0837555, 1641479246.2343955, 1641479246.3846464, 1641479246.538722, 1641479246.6894236, 1641479246.8415253, 1641479246.9925427],