{"initial_reset_timestamp": 1641478825.4239368, "timestamps": [1641478828.548719, 1641478828.7637138, 1641478829.0852244, 1641478829.385914, 1641478829.6815703, 1641478829.9673958, 1641478831.9373088, 1641478832.219468, 1641478832.5017853, 1641478832.7854295, 1641478833.065443, 1641478833.3446288, 1641478833.6265461, 1641478836.106378, 1641478837.1761904, 1641478838.2406452, 1641478839.305179, 1641478840.3723772, 1641478841.4451423, 1641478842.51029, 1641478845.264007, 1641478846.341816, 1641478847.42177, 1641478848.499326, 1641478849.5752022, 1641478850.649517, 1641478853.429249, 1641478854.506358, 1641478855.584995, 1641478856.6593688, 1641478857.7425597, 1641478858.8187628, 1641478859.899515, 1641478862.665668, 1641478863.7469122, 1641478864.8252392, 1641478865.9060242, 1641478866.9858756, 1641478868.0887215, 1641478869.1703038, 1641478871.9386098, 1641478873.0169365, 1641478874.0932245, 1641478875.1743305, 1641478876.252981, 1641478877.3310235, 1641478880.0972276, 1641478881.1793945, 1641478882.259175, 1641478883.341986, 1641478884.4182515, 1641478885.4935453, 1641478886.5744812, 1641478889.1059322, 1641478890.1862707, 1641478891.2603567, 1641478892.3364236, 1641478893.409834, 1641478894.4836483, 1641478895.5596907, 1641478898.3400307, 1641478899.417261, 1641478900.2285378, 1641478901.303995, 1641478902.3751755, 1641478903.4456015, 1641478904.5194216, 1641478907.3003361, 1641478908.3757133, 1641478909.4502563, 1641478910.5265844, 1641478911.6065059, 1641478912.6810396, 1641478915.5144806, 1641478916.5928154, 1641478917.3779495, 1641478918.4544246, 1641478919.5275493, 1641478920.6295867, 1641478921.7138512, 1641478924.4617834, 1641478925.5353525, 1641478926.6113536, 1641478927.6829226, 1641478928.7808332, 1641478929.8551903, 1641478930.9218333, 1641478933.675588, 1641478934.7420127, 1641478935.8263707, 1641478936.8784845, 1641478937.9297106, 1641478938.9810376, 1641478940.0269408, 1641478942.736594, 1641478943.785222, 1641478944.8356261, 1641478945.8860834, 1641478946.9311388, 1641478947.9831874, 1641478950.7044785, 1641478951.7557192, 1641478952.804829, 1641478953.8547826, 1641478954.9051807, 1641478955.950114, 1641478957.0008519, 1641478959.7107897, 1641478960.761848, 1641478961.8106604, 1641478962.8629205, 1641478963.9183316, 1641478964.973053, 1641478966.0272577, 1641478968.7483704, 1641478969.8007784, 1641478970.854967, 1641478971.909765, 1641478972.959202, 1641478974.0112817, 1641478976.730918, 1641478977.7829666, 1641478978.8367994, 1641478979.8918986, 1641478980.9457467, 1641478981.9984186, 1641478983.0502927, 1641478985.7723699, 1641478986.8233254, 1641478987.874529, 1641478988.9261317, 1641478989.9779966, 1641478991.0314655, 1641478992.0808434, 1641478994.7981794, 1641478995.8265433, 1641478996.880061, 1641478997.923761, 1641478998.958617, 1641479000.0054023, 1641479002.7125177, 1641479003.7609074, 1641479004.8039422, 1641479005.8458378, 1641479006.8905573, 1641479007.9367743, 1641479008.9728987, 1641479011.6846585, 1641479012.730724, 1641479013.7743924, 1641479014.8210087, 1641479015.8623936, 1641479016.8988137, 1641479017.9350095, 1641479020.6417763, 1641479021.6896818, 1641479022.727984, 1641479023.7607017, 1641479024.8064187, 1641479025.8528337, 1641479028.5641983, 1641479029.6099353, 1641479030.6528194, 1641479031.6941903, 1641479032.7308185, 1641479033.7665272, 1641479034.8305461, 1641479037.5086713, 1641479038.5460546, 1641479039.58765, 1641479040.6319864, 1641479041.6639295, 1641479042.7301636, 1641479043.7664511, 1641479046.4469, 1641479047.48853, 1641479048.532674, 1641479049.593072, 1641479050.6245058, 1641479051.6589334, 1641479052.1274798, 1641479054.8036978, 1641479055.8425355, 1641479056.9080102, 1641479057.9510708, 1641479058.9987752, 1641479060.040122, 1641479061.0724275, 1641479063.7775342, 1641479064.8203754, 1641479065.868048, 1641479066.9139326, 1641479067.9558465, 1641479069.001745, 1641479071.7193623, 1641479072.7141612, 1641479073.765026, 1641479074.8121603, 1641479075.8620906, 1641479076.902153, 1641479077.9484992, 1641479080.6588502, 1641479081.6964586, 1641479082.7294738, 1641479083.7697468, 1641479084.8197627, 1641479085.8697152, 1641479086.916765, 1641479089.6171389, 1641479090.6611032, 1641479091.7042012, 1641479092.7523878, 1641479093.8021343, 1641479094.8525813, 1641479097.5409858, 1641479098.5793428, 1641479099.613714, 1641479100.6560683, 1641479101.6941335, 1641479102.737642, 1641479103.7885754, 1641479106.4935708, 1641479107.5325842, 1641479108.579448, 1641479109.6214056, 1641479110.6601784, 1641479111.7051492, 1641479112.7457108, 1641479115.4544349, 1641479116.4970028, 1641479117.546154, 1641479118.5942614, 1641479119.646904, 1641479120.713666, 1641479123.4938476, 1641479124.5612662, 1641479125.6383917, 1641479126.7060158, 1641479127.7713838, 1641479128.8448136, 1641479129.9177985, 1641479132.6969166, 1641479133.771441, 1641479134.8449833, 1641479135.9206681, 1641479136.9839294, 1641479138.057118, 1641479139.1222205, 1641479141.889239, 1641479142.9550424, 1641479144.02891, 1641479145.1036015, 1641479146.1778276, 1641479147.2496881, 1641479150.0291052, 1641479151.0966852, 1641479152.1698403, 1641479153.242821, 1641479154.3157763, 1641479155.383104, 1641479156.4838643, 1641479159.2432904, 1641479160.3106048, 1641479161.371745, 1641479162.4377017, 1641479163.5087388, 1641479164.6047575, 1641479165.5181646, 1641479168.2746081, 1641479169.345493, 1641479170.4155307, 1641479171.509471, 1641479172.580658, 1641479173.6579056, 1641479176.4048629, 1641479177.4655902, 1641479178.535802, 1641479179.6413856, 1641479180.7090921, 1641479181.7761893, 1641479182.8464122, 1641479185.59243, 1641479186.6851223, 1641479187.1934564, 1641479188.2617846, 1641479189.3268864, 1641479190.3903131, 1641479191.45711, 1641479194.2445319, 1641479195.3026674, 1641479196.3674357, 1641479197.4329872, 1641479198.4994946, 1641479199.5633135, 1641479200.626401, 1641479203.4007466, 1641479204.4761837, 1641479205.5449867, 1641479206.6201138, 1641479207.6886706, 1641479208.7463112, 1641479209.8105721, 1641479212.5850608, 1641479213.6465178, 1641479214.7213655, 1641479215.7885122, 1641479216.849082, 1641479217.9222217, 1641479220.7222617, 1641479221.7780514, 1641479222.8532305, 1641479223.9264097, 1641479224.9979262, 1641479226.0725455, 1641479227.1435444, 1641479229.9448612, 1641479231.0065696, 1641479232.0645173, 1641479233.131641, 1641479234.2079659, 1641479235.278389, 1641479236.345112, 1641479239.1048234, 1641479240.1588078, 1641479241.2071936, 1641479242.2597435, 1641479243.3134701, 1641479244.3731747, 1641479247.1294954, 1641479248.1939368, 1641479249.244975, 1641479250.3053396, 1641479251.3532898, 1641479252.4033244, 1641479253.451264],