{"initial_reset_timestamp": 1641480797.7719326, "timestamps": [1641480800.995662, 1641480801.1897182, 1641480801.502285, 1641480801.8061767, 1641480802.0999093, 1641480802.3882654, 1641480804.4379847, 1641480804.720507, 1641480805.0024705, 1641480805.285826, 1641480805.5678897, 1641480805.8496644, 1641480806.1302464, 1641480808.5362115, 1641480809.598897, 1641480810.6636472, 1641480811.722063, 1641480812.777596, 1641480813.8199644, 1641480814.867418, 1641480817.5620463, 1641480818.6007886, 1641480819.635999, 1641480820.6753645, 1641480821.7146006, 1641480822.7510662, 1641480825.43126, 1641480826.4679017, 1641480827.5072465, 1641480828.549016, 1641480829.5945086, 1641480830.6389241, 1641480831.679585, 1641480834.366681, 1641480835.4106576, 1641480836.4533465, 1641480837.2686872, 1641480838.3118906, 1641480839.355093, 1641480840.395435, 1641480843.0626767, 1641480844.103541, 1641480845.1421165, 1641480845.804636, 1641480846.8464496, 1641480847.886442, 1641480848.9294765, 1641480851.6325917, 1641480852.5663495, 1641480853.6094217, 1641480854.648693, 1641480855.6850903, 1641480856.7273977, 1641480857.768787, 1641480860.4284241, 1641480861.179708, 1641480862.2235513, 1641480862.971044, 1641480864.0121775, 1641480865.05137, 1641480865.841114, 1641480868.520223, 1641480869.5647724, 1641480870.6094716, 1641480871.6506088, 1641480872.6919396, 1641480873.5571544, 1641480874.593671, 1641480877.2797277, 1641480878.316169, 1641480879.355616, 1641480880.3926775, 1641480881.4339027, 1641480882.3341048, 1641480883.37475, 1641480886.0034542, 1641480886.63684, 1641480887.6767266, 1641480888.738705, 1641480889.2704206, 1641480890.3029158, 1641480891.3365664, 1641480892.37017, 1641480894.5652795, 1641480895.0503564, 1641480896.087571, 1641480897.1227617, 1641480898.1597278, 1641480899.174004, 1641480900.1687465, 1641480902.865205, 1641480903.4631073, 1641480904.4980814, 1641480905.2322588, 1641480906.2708218, 1641480907.304733, 1641480908.3389232, 1641480909.3732831, 1641480912.0774329, 1641480913.113733, 1641480914.154646, 1641480915.1887846, 1641480915.970784, 1641480916.951843, 1641480917.7401128, 1641480920.487758, 1641480920.9559066, 1641480922.0037398, 1641480922.5829844, 1641480923.6323512, 1641480924.5199325, 1641480925.5694082, 1641480926.6184533, 1641480929.432391, 1641480929.8683689, 1641480930.4216664, 1641480931.4653313, 1641480932.5093443, 1641480933.5595717, 1641480934.607694, 1641480935.657344, 1641480938.4456131, 1641480939.4923878, 1641480940.0480592, 1641480940.9780142, 1641480942.0311697, 1641480943.0726995, 1641480944.1223202, 1641480944.845327, 1641480947.179021, 1641480948.0530112, 1641480949.1045022, 1641480950.1540103, 1641480951.1330829, 1641480951.4798825, 1641480951.8764217, 1641480952.9499133, 1641480953.5088627, 1641480955.9872866, 1641480956.9017959, 1641480957.6542244, 1641480958.1986697, 1641480958.906977, 1641480959.391035, 1641480960.1081002, 1641480960.864452, 1641480961.916833, 1641480962.9616709, 1641480965.8273382, 1641480966.8739233, 1641480967.9269068, 1641480968.2406836, 1641480969.294675, 1641480969.6641588, 1641480970.7155232, 1641480971.7662268, 1641480974.6192033, 1641480975.42457, 1641480976.4790852, 1641480977.363657, 1641480978.0017629, 1641480978.3317628, 1641480979.1558456, 1641480980.2209177, 1641480983.1214414, 1641480983.9880643, 1641480985.0547364, 1641480986.1210766, 1641480986.8698778, 1641480987.78958, 1641480988.8576078, 1641480989.6579015, 1641480992.5648608, 1641480993.3047817, 1641480994.0184672, 1641480994.4365394, 1641480995.24909, 1641480995.6682389, 1641480996.7339542, 1641480996.999111, 1641480998.0620356, 1641481000.904686, 1641481001.7279606, 1641481002.4346697, 1641481002.9366996, 1641481003.5042076, 1641481004.5662029, 1641481005.651283, 1641481006.5223522, 1641481007.2975047, 1641481007.6403422, 1641481008.239441, 1641481010.6367867, 1641481010.9886374, 1641481011.5430748, 1641481012.2609558, 1641481013.0180364, 1641481013.460253, 1641481014.5203757, 1641481015.1643178, 1641481015.6074328, 1641481016.6220574, 1641481019.2639155, 1641481020.0320568, 1641481020.5259466, 1641481021.5574217, 1641481022.4447029, 1641481023.2302275, 1641481024.0171163, 1641481024.9632907, 1641481025.4147432, 1641481028.2184062, 1641481029.2853022, 1641481029.8432145, 1641481030.9062848, 1641481031.868508, 1641481032.93571, 1641481033.9972124, 1641481034.9578705, 1641481038.0638855, 1641481038.3924441, 1641481039.1606162, 1641481040.22911, 1641481041.2223547, 1641481042.2852035, 1641481043.2467878, 1641481043.6441746, 1641481046.7135777, 1641481047.4681406, 1641481047.9546292, 1641481048.567603, 1641481049.0386891, 1641481049.4677007, 1641481049.9202657, 1641481050.6331394, 1641481051.6976898, 1641481052.0550418, 1641481052.5552042, 1641481053.6208143, 1641481053.942374, 1641481056.2087998, 1641481057.2721558, 1641481058.3290486, 1641481059.084342, 1641481059.5151124, 1641481060.0901802, 1641481061.150865, 1641481061.4588745, 1641481061.8539972, 1641481062.6257818, 1641481063.2418396, 1641481065.6633375, 1641481066.7260342, 1641481067.6187263, 1641481068.4961216, 1641481069.0889914, 1641481069.525886, 1641481069.8725593, 1641481070.277902, 1641481071.3397377, 1641481071.7275057, 1641481072.208713, 1641481074.6931977, 1641481075.7592854, 1641481076.5049913, 1641481077.567991, 1641481078.6288576, 1641481079.1505861, 1641481079.577234, 1641481079.8988626, 1641481080.3854218, 1641481080.7211268, 1641481081.017507, 1641481081.6636467, 1641481084.5706255, 1641481085.6379848, 1641481086.3170872, 1641481086.7120156, 1641481087.4439738, 1641481087.9189079, 1641481088.5037582, 1641481088.9713635, 1641481089.8348641, 1641481090.9019861, 1641481093.0960808, 1641481093.867204, 1641481094.5760214, 1641481095.6402621, 1641481096.3942566, 1641481097.45887, 1641481098.01526, 1641481098.457672, 1641481098.7609906, 1641481099.850523, 1641481102.720065, 1641481103.4285548, 1641481104.4924226, 1641481105.4022272, 1641481106.350353, 1641481107.4461815, 1641481107.9565609, 1641481108.6954455, 1641481109.186313, 1641481111.3028033, 1641481111.8602817, 1641481112.9250708, 1641481113.446286, 1641481114.2909765, 1641481114.5951293, 1641481114.9167407, 1641481115.8356056, 1641481116.898456, 1641481117.3148506, 1641481117.7846181, 1641481118.1146007, 1641481118.2933178, 1641481121.1981437, 1641481122.2636807, 1641481122.6733756, 1641481123.2438166, 1641481124.3081613, 1641481125.0577273, 1641481126.1245406, 1641481126.4219317, 1641481127.416949, 1641481129.8562064, 1641481130.9221027, 1641481131.6239429, 1641481132.3122284, 1641481133.3271039, 1641481133.791357, 1641481134.195482, 1641481134.4847965, 1641481135.5487928, 1641481136.6389272, 1641481139.1483042, 1641481139.6391544, 1641481140.1540816, 1641481140.4310038, 1641481140.9039657, 1641481141.510425, 1641481142.0514452, 1641481142.35258, 1641481143.4213943, 1641481144.0760338, 1641481144.4803956, 1641481144.8304832, 1641481145.3051846, 1641481145.9546309, 1641481148.642592, 1641481149.3323598, 1641481149.9329655, 1641481150.4561, 1641481151.5209258, 1641481152.5863662, 1641481153.6159158, 1641481153.9794564, 1641481154.5405383, 1641481154.8165925, 1641481155.3522139, 1641481155.7196407, 1641481158.0226183, 1641481158.5503085, 1641481159.059243, 1641481160.0623367, 1641481160.5046003, 1641481161.2586832, 1641481161.732612, 1641481162.0160987, 1641481163.1043506, 1641481163.8205013, 1641481164.3335805, 1641481164.9680796, 1641481167.4191785, 1641481167.853926, 1641481168.2904952, 1641481168.8964987, 1641481169.471707, 1641481170.5381222, 1641481171.1245308, 1641481171.8310707, 1641481172.3907065, 1641481172.76085, 1641481173.3486986, 1641481173.9425144, 1641481174.425022, 1641481177.3187323, 1641481178.0280366, 1641481179.0891254, 1641481179.7731924, 1641481180.2281232, 1641481180.5303864, 1641481181.018145, 1641481181.513573, 1641481182.0212674, 1641481182.250439, 1641481183.146234, 1641481186.045416, 1641481186.5928264, 1641481187.3453076, 1641481187.6622891, 1641481188.7247343, 