{"initial_reset_timestamp": 1641480799.5892203, "timestamps": [1641480799.9136891, 1641480800.0768816, 1641480800.2402103, 1641480800.4025288, 1641480800.5680192, 1641480800.7314394, 1641480800.9138794, 1641480803.4014122, 1641480803.5627553, 1641480803.7280757, 1641480803.8913956, 1641480804.0546246, 1641480804.2437174, 1641480804.406378, 1641480807.0602539, 1641480807.222445, 1641480807.383306, 1641480807.5471137, 1641480807.738597, 1641480807.901245, 1641480808.0638466, 1641480815.8581839, 1641480816.0120287, 1641480816.1839452, 1641480816.330856, 1641480816.4787865, 1641480816.6260643, 1641480816.7718976, 1641480824.3783019, 1641480824.5250568, 1641480824.6989217, 1641480824.845835, 1641480824.9942527, 1641480825.1442182, 1641480825.2923732, 1641480833.0191438, 1641480833.1664486, 1641480833.3153486, 1641480833.4637809, 1641480833.6096249, 1641480833.7582045, 1641480833.9046073, 1641480841.6219022, 1641480841.7681932, 1641480841.9151306, 1641480842.060866, 1641480842.2103243, 1641480842.358314, 1641480842.5056634, 1641480850.249893, 1641480850.39949, 1641480850.5471022, 1641480850.6944437, 1641480850.8432178, 1641480850.9888422, 1641480851.1351306, 1641480858.8522034, 1641480858.9997368, 1641480859.1488564, 1641480859.2966743, 1641480859.4434361, 1641480859.5899003, 1641480859.7377806, 1641480867.4620814, 1641480867.6108804, 1641480867.7564473, 1641480867.9019058, 1641480868.0505779, 1641480868.1960406, 1641480868.341485, 1641480876.0713215, 1641480876.217861, 1641480876.3655317, 1641480876.5132213, 1641480876.6598842, 1641480876.8059099, 1641480876.9543915, 1641480884.673013, 1641480884.8200552, 1641480884.9687114, 1641480885.117256, 1641480885.2659388, 1641480885.4127755, 1641480885.5599942, 1641480893.3337162, 1641480893.4826825, 1641480893.6293657, 1641480893.7766263, 1641480893.9226582, 1641480894.070132, 1641480894.2196066, 1641480901.9361556, 1641480902.0813117, 1641480902.2297342, 1641480902.378137, 1641480902.5263724, 1641480902.6990623, 1641480902.8485687, 1641480910.5850835, 1641480910.7326994, 1641480910.8812766, 1641480911.07355, 1641480911.224238, 1641480911.3706138, 1641480911.5174625, 1641480919.230404, 1641480919.4229496, 1641480919.5923307, 1641480919.7607982, 1641480919.9293444, 1641480920.0985467, 1641480920.2683332, 1641480928.1402388, 1641480928.2792313, 1641480928.4477594, 1641480928.6145222, 1641480928.7829232, 1641480928.9508033, 1641480929.1222398, 1641480936.988126, 1641480937.1386976, 1641480937.2886903, 1641480937.456177, 1641480937.604886, 1641480937.7663498, 1641480937.938019, 1641480945.8111687, 1641480945.9832804, 1641480946.1550217, 1641480946.3236778, 1641480946.4938114, 1641480946.663789, 1641480946.8327267, 1641480954.8138728, 1641480954.984372, 1641480955.1547856, 1641480955.3236973, 1641480955.474091, 1641480955.6414053, 1641480955.8114934, 1641480963.8475173, 1641480964.0166495, 1641480964.185381, 1641480964.3557942, 1641480964.526792, 1641480964.72384, 1641480964.8933568, 1641480972.7554345, 1641480972.9256074, 1641480973.1240551, 1641480973.291995, 1641480973.4608288, 1641480973.6297631, 1641480973.7976096, 1641480981.768122, 1641480981.9412308, 1641480982.1152344, 1641480982.2882826, 1641480982.4597714, 1641480982.630875, 1641480982.8043385, 1641480990.81244, 1641480990.98663, 1641480991.1578655, 1641480991.3311107, 1641480991.506089, 1641480991.6768277, 1641480991.8504436, 1641480999.9176276, 1641481000.0901358, 1641481000.2423608, 1641481000.4123836, 1641481000.5797186, 1641481000.7311401, 1641481000.9007053, 1641481009.0800653, 1641481009.2329452, 1641481009.3844793, 1641481009.5362408, 1641481009.7063963, 1641481009.8591125, 1641481010.0279386, 1641481018.1414273, 1641481018.2944477, 1641481018.472607, 1641481018.6229122, 1641481018.7729778, 1641481018.9223144, 1641481019.0736527, 1641481027.1454158, 1641481027.3161366, 1641481027.4896998, 1641481027.6625063, 1641481027.8350523, 1641481028.007856, 1641481028.1803765, 1641481036.1660388, 1641481036.3394992, 1641481036.4443703, 1641481036.6186666, 1641481036.7904816, 1641481036.883677, 1641481037.0588157, 1641481037.2315443, 1641481037.404245, 1641481045.401113, 1641481045.572652, 1641481045.7463977, 1641481045.833281, 1641481046.0085177, 1641481046.1124208, 1641481046.2874448, 1641481046.4603126, 1641481046.6302114, 1641481054.9730911, 1641481055.08409, 1641481055.2044785, 1641481055.2949111, 1641481055.4697096, 1641481055.641668, 1641481055.8142133, 1641481055.9850597, 1641481056.1577635, 1641481064.336814, 1641481064.4890592, 1641481064.6537895, 1641481064.804194, 1641481064.9650617, 1641481065.1176329, 1641481065.2685766, 1641481073.4671476, 1641481073.6390638, 1641481073.811154, 1641481073.9832242, 1641481074.155105, 1641481074.325116, 1641481074.4983485, 1641481082.7786531, 1641481082.980321, 1641481083.1514394, 1641481083.3238375, 1641481083.4988496, 1641481083.6722276, 1641481083.8446665, 1641481091.9729602, 1641481092.1451375, 1641481092.3158226, 1641481092.4891016, 1641481092.6605818, 1641481092.8342428, 1641481093.0054045, 1641481101.1335688, 1641481101.3054922, 1641481101.4792652, 1641481101.6533768, 1641481101.825672, 1641481101.9986598, 1641481102.1723914, 1641481110.2353015, 1641481110.4054763, 1641481110.5792499, 1641481110.7511601, 1641481110.8983102, 1641481111.0730107, 1641481111.2448113, 1641481119.6273165, 1641481119.8007858, 1641481119.9725497, 1641481120.1446965, 1641481120.3165221, 1641481120.487861, 1641481120.6612287, 1641481128.7311683, 1641481128.9037383, 1641481129.0760994, 1641481129.2494543, 1641481129.422455, 1641481129.5945532, 1641481129.7656543, 1641481137.9162178, 1641481138.0886252, 1641481138.2598991, 1641481138.4313211, 1641481138.602018, 1641481138.773202, 1641481138.9463067, 1641481147.382641, 1641481147.5550218, 1641481147.7468522, 1641481147.9196818, 1641481148.0733392, 1641481148.2436888, 1641481148.4137757, 1641481156.6937149, 1641481156.866957, 1641481157.039882, 1641481157.2107139, 1641481157.3833616, 1641481157.5550952, 1641481157.726519, 1641481165.9932706, 1641481166.165839, 1641481166.33773, 1641481166.5104775, 1641481166.680773, 1641481166.8504016, 1641481167.0236595, 1641481175.4026988, 1641481175.5730143, 1641481175.7425268, 1641481175.91513, 1641481176.0873542, 1641481176.2589192, 1641481176.4282415, 1641481184.6211271, 1641481184.7935348, 1641481184.9673812, 1641481185.139855, 1641481185.3116162, 1641481185.484255, 1641481185.656941, 1641481193.7884543, 1641481193.9611218, 1641481194.1340735, 1641481194.3048546, 1641481194.4763553, 1641481194.6494582, 1641481194.8217745, 1641481203.1261423, 1641481203.298713, 1641481203.4203038, 1641481203.593306, 1641481203.763583, 1641481203.9347858, 1641481204.106333, 1641481204.2145953, 1641481204.3880591, 1641481212.6185505, 1641481212.7896242, 1641481212.9625819, 1641481213.1373641, 1641481213.308491, 1641481213.4801736, 1641481213.6502666, 1641481221.9582243, 1641481222.1301618, 1641481222.3026624, 1641481222.4740157, 1641481222.6461875, 1641481222.8184168, 1641481222.99078, 1641481231.2284164, 1641481231.399985, 1641481231.6063282, 1641481231.7802777, 1641481231.951816, 1641481232.1252048, 1641481232.2667425],