{"initial_reset_timestamp": 1641458356.3131325, "timestamps": [1641458359.5221345, 1641458359.7363927, 1641458360.0577192, 1641458360.3606472, 1641458360.6520972, 1641458360.938874, 1641458362.9871442, 1641458363.2687368, 1641458363.5527682, 1641458363.8358536, 1641458364.1146474, 1641458364.3929763, 1641458364.6726866, 1641458367.2309763, 1641458368.296728, 1641458369.3554265, 1641458370.4102306, 1641458371.467354, 1641458372.5247111, 1641458373.586194, 1641458376.48647, 1641458377.5488312, 1641458378.6166058, 1641458379.6902616, 1641458380.753861, 1641458381.8235312, 1641458384.729746, 1641458385.3060968, 1641458386.3824317, 1641458387.4525745, 1641458388.525322, 1641458389.432861, 1641458390.497452, 1641458393.3387878, 1641458394.3954222, 1641458395.4488451, 1641458396.5015416, 1641458397.5562694, 1641458398.611881, 1641458399.6667566, 1641458402.5186, 1641458403.566695, 1641458404.6188552, 1641458405.6685295, 1641458406.721358, 1641458407.7744606, 1641458408.827273, 1641458411.6906228, 1641458412.7400224, 1641458413.7928305, 1641458414.8413565, 1641458415.8898675, 1641458416.938022, 1641458419.811027, 1641458420.859121, 1641458421.9098787, 1641458422.9580626, 1641458424.010882, 1641458425.0622342, 1641458426.1107597, 1641458429.011674, 1641458430.060328, 1641458431.1089554, 1641458432.1611068, 1641458433.2127392, 1641458434.2631807, 1641458435.3160925, 1641458438.2100496, 1641458439.2672234, 1641458440.317742, 1641458441.3691359, 1641458442.4207096, 1641458443.4728615, 1641458446.3754864, 1641458447.4262695, 1641458448.4745386, 1641458449.5243118, 1641458450.572544, 1641458451.6479826, 1641458452.6968324, 1641458455.4765635, 1641458456.5252953, 1641458457.5761585, 1641458458.6268907, 1641458459.7062454, 1641458460.7517002, 1641458461.803329, 1641458464.5883343, 1641458465.6379902, 1641458466.6857748, 1641458467.7639093, 1641458468.8142512, 1641458469.8647048, 1641458472.688608, 1641458473.7384312, 1641458474.8170109, 1641458475.8668034, 1641458476.917738, 1641458477.968982, 1641458479.020144, 1641458481.8661127, 1641458482.9161997, 1641458483.967702, 1641458485.0187562, 1641458486.0699728, 1641458487.1237173, 1641458488.1754282, 1641458491.047636, 1641458492.10222, 1641458493.1523178, 1641458494.2113628, 1641458495.264467, 1641458496.3172464, 1641458499.1477602, 1641458500.1997309, 1641458501.2477813, 1641458502.2898228, 1641458503.3284237, 1641458504.3680432, 1641458505.4082718, 1641458508.199049, 1641458509.2379253, 1641458510.2781498, 1641458511.3194892, 1641458512.361164, 1641458513.3994486, 1641458514.4404428, 1641458517.238243, 1641458518.2849562, 1641458519.3262088, 1641458520.3672173, 1641458521.4094415, 1641458522.455369, 1641458525.2501912, 1641458526.2913485, 1641458527.3367274, 1641458528.3802145, 1641458529.4261172, 1641458530.4662611, 1641458531.5055873, 1641458534.4081397, 1641458535.446923, 1641458536.4878247, 1641458537.5230684, 1641458538.5597627, 1641458539.598592, 1641458540.6380472, 1641458543.4123292, 1641458544.4533803, 1641458545.4920306, 1641458546.5290394, 1641458547.56553, 1641458548.6045911, 1641458551.3657274, 1641458552.4079216, 1641458553.4491763, 1641458554.4886827, 1641458555.5340931, 1641458556.577289, 1641458557.618281, 1641458560.4088416, 1641458561.454683, 1641458562.5005915, 1641458563.5437067, 1641458564.5886052, 1641458565.633922, 1641458566.7070198, 1641458569.4885495, 1641458570.5249097, 1641458571.562068, 1641458572.6019561, 1641458573.6395907, 1641458574.7086089, 1641458577.4459865, 1641458578.4891105, 1641458579.5318599, 1641458580.5708792, 1641458581.6349216, 1641458582.6765726, 1641458583.718324, 1641458586.4980974, 1641458587.5361664, 1641458588.5705369, 1641458589.6449673, 1641458590.6785378, 1641458591.7126775, 1641458592.7497997, 1641458595.5316508, 1641458596.5942578, 1641458597.6293511, 1641458598.6640718, 1641458599.7035105, 1641458600.7429154, 1641458603.6339312, 1641458604.6698704, 1641458605.7101996, 1641458606.757514, 1641458607.8140237, 1641458608.8711452, 1641458609.928085, 1641458612.815447, 1641458613.8699903, 1641458614.9322932, 1641458615.9855013, 1641458617.0439677, 1641458618.1033168, 1641458619.1636176, 1641458622.0662906, 1641458623.1260352, 1641458624.1856046, 1641458625.2430627, 1641458626.3027005, 1641458627.3645232, 1641458630.2891626, 1641458631.347979, 1641458632.4084558, 1641458633.4635477, 1641458634.5246074, 1641458635.5865035, 1641458636.6444871, 1641458639.5762138, 1641458640.6326315, 1641458641.6837263, 1641458642.7352853, 1641458643.788404, 1641458644.8371418, 1641458645.8881297, 1641458648.7897873, 1641458649.84178, 1641458650.8942392, 1641458651.9431818, 1641458652.9934342, 1641458654.0478206, 1641458656.971159, 1641458658.023419, 1641458659.0746088, 1641458660.1300273, 1641458661.1830044, 1641458662.2368119, 1641458663.285742, 1641458666.186461, 1641458667.238838, 1641458668.3001726, 1641458669.3517957, 1641458670.4004085, 1641458671.454416, 1641458672.50538, 1641458675.4322314, 1641458676.4845002, 1641458677.5367851, 1641458678.5862617, 1641458679.6406882, 1641458680.6904957, 1641458683.6183772, 1641458684.6640604, 1641458685.7133713, 1641458686.7630615, 1641458687.8120017, 1641458688.8605568, 1641458689.909782, 1641458692.812231, 1641458693.8631494, 1641458694.9139893, 1641458695.9784782, 1641458697.02894, 1641458698.0820503, 1641458699.1635487, 1641458702.04447, 1641458703.0933278, 1641458704.1431205, 1641458705.2008712, 1641458706.2561598, 1641458707.3332024, 1641458710.2298868, 1641458711.2811115, 1641458712.3293412, 1641458713.3794453, 1641458714.4297564, 1641458715.5115464, 1641458716.56163, 1641458719.4151297, 1641458720.4623766, 1641458721.5233107, 1641458722.6134403, 1641458723.661298, 1641458724.7125742, 1641458725.7606041, 1641458728.6220942, 1641458729.7009075, 1641458730.7656858, 1641458731.818498, 1641458732.8669183, 1641458733.917753, 1641458736.7915013, 1641458737.869791, 1641458738.9230535, 1641458739.980918, 1641458741.02914, 1641458742.0772665, 1641458743.1327195, 1641458746.036123, 1641458747.0872078, 1641458748.1514196, 1641458749.2158275, 1641458750.272715, 1641458751.3257465, 1641458752.3767781, 1641458755.2709808, 1641458756.3241673, 1641458757.3794942, 1641458758.4333591, 1641458759.4839604, 1641458760.5409322, 1641458763.4361854, 1641458764.492585, 1641458765.5463934, 1641458766.6021757, 1641458767.660919, 1641458768.720173, 1641458769.7896414, 1641458772.6982677, 1641458773.7529073, 1641458774.8062828, 1641458775.8630948, 1641458776.9176102, 1641458777.9667866, 1641458779.0193143, 1641458781.9057655, 1641458782.95547, 1641458784.0089717, 1641458785.071559, 1641458786.1404881, 1641458787.2011833],