{"initial_reset_timestamp": 1641458358.129664, "timestamps": [1641458358.4551258, 1641458358.6172931, 1641458358.779539, 1641458358.9414673, 1641458359.109769, 1641458359.271971, 1641458359.454165, 1641458361.9137583, 1641458362.075328, 1641458362.238502, 1641458362.4031584, 1641458362.5656543, 1641458362.753653, 1641458362.9170198, 1641458365.5742595, 1641458365.7375958, 1641458365.8996503, 1641458366.0632486, 1641458366.253473, 1641458366.4174743, 1641458366.5790372, 1641458374.4267259, 1641458374.6006107, 1641458374.8014758, 1641458374.9761996, 1641458375.1521506, 1641458375.3267233, 1641458375.502491, 1641458383.3465457, 1641458383.520452, 1641458383.717962, 1641458383.8888626, 1641458384.0599787, 1641458384.2335105, 1641458384.4058843, 1641458392.3577087, 1641458392.519447, 1641458392.6849904, 1641458392.8506987, 1641458393.0116866, 1641458393.174655, 1641458393.3350768, 1641458401.1863012, 1641458401.3544302, 1641458401.518668, 1641458401.688287, 1641458401.8562746, 1641458402.0199444, 1641458402.1874256, 1641458410.0103815, 1641458410.1828613, 1641458410.3532274, 1641458410.5247633, 1641458410.6943762, 1641458410.864097, 1641458411.0344512, 1641458418.768602, 1641458418.9433937, 1641458419.1174047, 1641458419.2917755, 1641458419.4640114, 1641458419.6350162, 1641458419.8071568, 1641458427.6306129, 1641458427.807297, 1641458427.9831502, 1641458428.1585162, 1641458428.3321667, 1641458428.5071442, 1641458428.681045, 1641458436.509455, 1641458436.6851563, 1641458436.859589, 1641458437.0339062, 1641458437.2076483, 1641458437.3817608, 1641458437.5551205, 1641458445.316017, 1641458445.4925778, 1641458445.667968, 1641458445.842681, 1641458446.022202, 1641458446.197724, 1641458446.372099, 1641458454.1757543, 1641458454.3320477, 1641458454.486187, 1641458454.651559, 1641458454.8210948, 1641458454.986549, 1641458455.1436374, 1641458462.9539485, 1641458463.1154656, 1641458463.284481, 1641458463.4523592, 1641458463.6121414, 1641458463.773411, 1641458463.933096, 1641458471.693192, 1641458471.858144, 1641458472.0318336, 1641458472.1932185, 1641458472.3546393, 1641458472.518961, 1641458472.6852534, 1641458480.5130055, 1641458480.6733916, 1641458480.8365536, 1641458481.00411, 1641458481.176616, 1641458481.3417604, 1641458481.5369043, 1641458489.3396468, 1641458489.5143979, 1641458489.6895957, 1641458489.8579965, 1641458490.0622017, 1641458490.2222278, 1641458490.3887937, 1641458498.1296394, 1641458498.2935078, 1641458498.4537885, 1641458498.6203942, 1641458498.811182, 1641458498.977804, 1641458499.1440153, 1641458506.8778765, 1641458507.036874, 1641458507.2251902, 1641458507.3859868, 1641458507.5500753, 1641458507.7124991, 1641458507.8721979, 1641458515.5852604, 1641458515.7755086, 1641458515.9386532, 1641458516.101938, 1641458516.2670689, 1641458516.429782, 1641458516.5878801, 1641458524.3006098, 1641458524.4593205, 1641458524.6168108, 1641458524.7754078, 1641458524.9324749, 1641458525.0887218, 1641458525.245807, 1641458532.971423, 1641458533.1328094, 1641458533.2945704, 1641458533.453918, 1641458533.611024, 1641458533.7681034, 1641458533.9233637, 1641458534.080594, 1641458541.8041222, 1641458541.964271, 1641458542.1230547, 1641458542.280902, 1641458542.4400089, 1641458542.5997565, 1641458542.7609973, 1641458550.4256363, 1641458550.5696785, 1641458550.7275937, 1641458550.8857946, 1641458551.041682, 1641458551.2036958, 1641458551.3613427, 1641458559.1110775, 1641458559.2732458, 1641458559.4384904, 1641458559.5978856, 1641458559.7591047, 1641458559.9155705, 1641458560.0791938, 1641458567.8461716, 1641458568.0097957, 1641458568.179634, 1641458568.3377895, 1641458568.5021064, 1641458568.668393, 1641458568.8348756, 1641458576.4876902, 1641458576.6428735, 1641458576.8073409, 1641458576.964626, 1641458577.122636, 1641458577.2809591, 1641458577.4418292, 1641458585.1786425, 1641458585.3389428, 1641458585.511433, 1641458585.672574, 1641458585.8449025, 1641458586.0037866, 1641458586.1683192, 1641458593.8994677, 1641458594.0651252, 1641458594.2283506, 1641458594.3952389, 1641458594.5552182, 1641458594.7163937, 1641458594.8802416, 1641458602.5244403, 1641458602.6743174, 1641458602.835864, 1641458602.996255, 1641458603.1555176, 1641458603.289869, 1641458603.4460454, 1641458603.6298761, 1641458611.4372349, 1641458611.616029, 1641458611.793646, 1641458611.9574084, 1641458612.1253707, 1641458612.3184469, 1641458612.4836736, 1641458620.3408537, 1641458620.5067618, 1641458620.6799629, 1641458620.882783, 1641458621.0605903, 1641458621.2383137, 1641458621.4031594, 1641458629.201826, 1641458629.3792896, 1641458629.5570838, 1641458629.7627678, 1641458629.9408035, 1641458630.1067092, 1641458630.2850735, 1641458638.1502275, 1641458638.3552523, 1641458638.5394526, 1641458638.7075102, 1641458638.8854582, 1641458639.0633256, 1641458639.241902, 1641458647.0797145, 1641458647.2564871, 1641458647.4331892, 1641458647.6114945, 1641458647.7792768, 1641458647.9563444, 1641458648.133773, 1641458655.9004605, 1641458656.0766277, 1641458656.2549784, 1641458656.4327252, 1641458656.6111002, 1641458656.7887158, 1641458656.9672327, 1641458664.8061445, 1641458664.9759734, 1641458665.1533625, 1641458665.3321552, 1641458665.5128984, 1641458665.677502, 1641458665.854447, 1641458673.7152205, 1641458673.8910215, 1641458674.0672898, 1641458674.2437098, 1641458674.422043, 1641458674.5990112, 1641458674.77622, 1641458682.551224, 1641458682.727865, 1641458682.9054854, 1641458683.0839124, 1641458683.26087, 1641458683.4384267, 1641458683.6146255, 1641458691.4359002, 1641458691.6141472, 1641458691.7883584, 1641458691.9599469, 1641458692.1346598, 1641458692.3075616, 1641458692.4824429, 1641458700.3328855, 1641458700.5080903, 1641458700.6813202, 1641458700.8591943, 1641458701.041345, 1641458701.2122114, 1641458701.3884864, 1641458709.1670864, 1641458709.3434012, 1641458709.5225909, 1641458709.6956832, 1641458709.8722994, 1641458710.0505772, 1641458710.226075, 1641458718.0584579, 1641458718.2287571, 1641458718.4002664, 1641458718.5694215, 1641458718.7411885, 1641458718.913398, 1641458719.0840135, 1641458726.926168, 1641458727.1033268, 1641458727.2756534, 1641458727.447211, 1641458727.6202214, 1641458727.789678, 1641458727.9642177, 1641458735.7435725, 1641458735.9159694, 1641458736.0910676, 1641458736.263887, 1641458736.4384077, 1641458736.6141603, 1641458736.7875698, 1641458744.63299, 1641458744.8066032, 1641458744.9785, 1641458745.151106, 1641458745.3320103, 1641458745.5309837, 1641458745.705, 1641458753.55107, 1641458753.7226205, 1641458753.8933797, 1641458754.0636077, 1641458754.2656796, 1641458754.4375322, 1641458754.6131158, 1641458762.3692458, 1641458762.541014, 1641458762.7145514, 1641458762.9186773, 1641458763.0901327, 1641458763.2624326, 1641458763.4322894, 1641458771.2952163, 1641458771.4673507, 1641458771.6685524, 1641458771.8447697, 1641458772.0170724, 1641458772.1903093, 1641458772.367258, 1641458780.2183137, 1641458780.3895047, 1641458780.5628865, 1641458780.7351527, 1641458780.906343, 1641458781.078797, 1641458781.2507942],