{"initial_reset_timestamp": 1641449962.4295523, "timestamps": [1641449965.5849066, 1641449965.801996, 1641449966.1250837, 1641449966.4250073, 1641449966.7138512, 1641449967.0028157, 1641449968.9806898, 1641449969.2666152, 1641449969.5497453, 1641449969.8334327, 1641449970.1114385, 1641449970.390453, 1641449970.671155, 1641449973.1682765, 1641449973.9529667, 1641449975.039115, 1641449976.129668, 1641449977.2175918, 1641449978.303271, 1641449979.1304774, 1641449981.9779847, 1641449983.0678792, 1641449984.1583433, 1641449985.2472954, 1641449985.8435378, 1641449986.9313374, 1641449987.9700642, 1641449990.8215146, 1641449991.3431587, 1641449992.4360096, 1641449993.524369, 1641449994.6158464, 1641449995.708123, 1641449996.8038034, 1641449997.896539, 1641450000.7628117, 1641450001.852274, 1641450002.9467802, 1641450004.0390496, 1641450005.1386971, 1641450006.2427115, 1641450009.150242, 1641450010.2491171, 1641450011.3676934, 1641450012.4627285, 1641450013.391482, 1641450013.7642307, 1641450014.8592637, 1641450015.9558654, 1641450018.880574, 1641450019.9764328, 1641450021.0727718, 1641450022.1703184, 1641450023.1706312, 1641450024.2685738, 1641450027.2133286, 1641450027.7400198, 1641450028.4105108, 1641450029.0443075, 1641450029.5873353, 1641450030.6824734, 1641450031.809886, 1641450032.2632992, 1641450032.8183706, 1641450033.5655801, 1641450034.6610844, 1641450036.907715, 1641450037.512521, 1641450038.4103909, 1641450038.7295458, 1641450039.3563495, 1641450040.4052656, 1641450040.6772563, 1641450041.2048597, 1641450041.9069002, 1641450042.799382, 1641450043.1374261, 1641450043.9411805, 1641450047.428445, 1641450048.5064857, 1641450049.5987835, 1641450050.679755, 1641450051.7539232, 1641450052.8609586, 1641450053.9392211, 1641450057.8116014, 1641450058.8835752, 1641450059.9567995, 1641450061.030439, 1641450062.103603, 1641450063.1782885, 1641450067.4142857, 1641450068.4872565, 1641450069.5592318, 1641450070.6345422, 1641450071.7088776, 1641450072.7824497, 1641450073.8579302, 1641450078.0015938, 1641450079.0768435, 1641450080.1513653, 1641450081.2272253, 1641450082.3005686, 1641450083.3724856, 1641450084.4447327, 1641450088.4639688, 1641450089.5295446, 1641450090.597297, 1641450091.6623292, 1641450092.726202, 1641450093.7882683, 1641450097.9921296, 1641450099.0548275, 1641450100.1190019, 1641450101.1829433, 1641450102.2422464, 1641450103.3043916, 1641450104.362143, 1641450108.7754445, 1641450109.8330257, 1641450110.8952653, 1641450111.9555874, 1641450113.0179453, 1641450114.107593, 1641450115.1678648, 1641450119.343547, 1641450120.404805, 1641450121.466066, 1641450122.5270724, 1641450123.6152136, 1641450124.6791332, 1641450128.5020902, 1641450129.584441, 1641450130.662425, 1641450131.7424822, 1641450132.8179815, 1641450133.9017398, 1641450134.9788558, 1641450139.0648699, 1641450140.1437232, 1641450141.2209475, 1641450142.2999191, 1641450143.3737547, 1641450144.4487724, 1641450145.5215287, 1641450149.507863, 1641450150.604744, 1641450151.6808987, 1641450152.7528007, 1641450153.826527, 1641450154.9034178, 1641450158.9939032, 1641450160.0683587, 1641450161.152116, 1641450162.2251751, 1641450163.2991095, 1641450164.372036, 1641450165.4436524, 1641450169.4066796, 1641450170.4783735, 1641450171.5542533, 1641450172.6276016, 1641450173.6997616, 1641450174.7736533, 1641450175.8461835, 1641450180.0180352, 1641450181.0917358, 1641450182.1878126, 1641450183.261134, 1641450184.3382273, 1641450185.4105585, 1641450189.4369807, 1641450190.5135384, 1641450191.5853658, 1641450192.660158, 1641450193.732369, 1641450194.80724, 1641450195.882414, 1641450199.9655647, 1641450201.0387251, 1641450202.1102815, 1641450203.185116, 1641450204.2622352, 1641450205.3399644, 1641450206.4157789, 1641450210.4037461, 1641450211.478334, 1641450212.5550494, 1641450213.6300888, 1641450214.7084992, 1641450215.784446, 1641450219.7588847, 1641450220.8603761, 1641450221.9386735, 1641450223.0200233, 1641450224.0966873, 1641450225.171213, 1641450226.250941, 1641450230.3475275, 1641450231.4315958, 1641450232.540951, 1641450233.626052, 1641450234.7150972, 1641450235.7979417, 1641450236.88378, 1641450240.912903, 1641450242.0012145, 1641450243.0846586, 1641450244.1658783, 1641450245.2855897, 1641450246.370545, 1641450250.4038873, 1641450251.4927125, 1641450252.5769057, 1641450253.6659396, 1641450254.7518754, 1641450255.8359237, 1641450256.9488819, 1641450260.9744565, 1641450262.058152, 1641450263.1442554, 1641450264.2277856, 1641450265.315384, 1641450266.4014773, 1641450267.4887557, 1641450271.7178605, 1641450272.8054714, 1641450273.895071, 1641450274.9808862, 1641450276.0676675, 1641450277.153308, 1641450281.3573854, 1641450282.4332635, 1641450283.5084727, 1641450284.5817807, 1641450285.656685, 1641450286.734137, 1641450287.8117807, 1641450291.89208, 1641450292.9679413, 1641450294.045196, 1641450295.1279562, 1641450296.2093272, 1641450297.290505, 1641450298.3705182, 1641450302.4888983, 1641450303.5676506, 1641450304.6460893, 1641450305.7250834, 1641450306.8040578, 1641450307.8825524, 1641450311.8750522, 1641450312.9543335, 1641450314.0357895, 1641450315.1179712, 1641450316.1979582, 1641450317.2749422, 1641450318.353184, 1641450322.4199295, 1641450323.5012617, 1641450324.5809731, 1641450325.6606846, 1641450326.742199, 1641450327.823578, 1641450328.904023, 1641450333.147131, 1641450334.2262728, 1641450335.3063, 1641450336.3849595, 1641450337.4665284, 1641450338.5438743, 1641450342.6531632, 1641450343.730385, 1641450344.8103733, 1641450345.890555, 1641450346.9663522, 1641450348.0428395, 1641450349.1210306, 1641450353.2532604, 1641450354.330291, 1641450355.40929, 1641450356.4900634, 1641450357.5716748, 1641450358.6495724, 1641450359.7303138, 1641450363.832685, 1641450364.90865, 1641450365.9891362, 1641450367.0693614, 1641450368.1455362, 1641450369.2290993, 1641450373.2676582, 1641450374.3460858, 1641450375.4212613, 1641450376.4954627, 1641450377.5700114, 1641450378.6463628, 1641450379.7119508, 1641450383.6613944, 1641450384.7458055, 1641450385.8052135, 1641450386.862665, 1641450387.9226563, 1641450388.9807327, 1641450390.038667, 1641450394.3577247, 1641450395.4220464, 1641450396.4802158, 1641450397.5404139, 1641450398.5993793, 1641450399.6605265, 1641450403.7061021, 1641450404.7655747, 1641450405.8246825, 1641450406.8837483, 1641450407.9457023, 1641450409.0057435, 1641450410.0661516, 1641450414.1859133, 1641450415.2461686, 1641450416.3052557, 1641450417.362139, 1641450418.4220212, 1641450419.4823976, 1641450420.5423427, 1641450424.715855, 1641450425.7798088, 1641450426.8394458, 1641450427.8988383, 1641450428.959107, 1641450430.020817, 1641450434.068366, 1641450435.126083, 1641450436.1822586, 1641450437.240986, 1641450438.3008678, 1641450439.361422, 1641450440.4213793, 1641450444.3224676, 1641450445.3775392, 1641450446.4647095, 1641450447.5232513, 1641450448.5854816, 1641450449.6430266, 1641450450.7021492],