{"initial_reset_timestamp": 1641452184.5100284, "timestamps": [1641452187.7992654, 1641452188.012342, 1641452188.328477, 1641452188.6213915, 1641452188.9100275, 1641452189.1953032, 1641452191.2912986, 1641452191.5761278, 1641452191.8528433, 1641452192.1315827, 1641452192.4154117, 1641452192.6926105, 1641452192.9710772, 1641452195.5827742, 1641452196.6454828, 1641452197.700942, 1641452198.7676184, 1641452199.8331695, 1641452200.900962, 1641452201.9704714, 1641452204.838865, 1641452205.9139247, 1641452206.985904, 1641452208.0503833, 1641452209.1248267, 1641452210.1975858, 1641452212.9633677, 1641452214.0370624, 1641452215.110355, 1641452216.1824472, 1641452217.260293, 1641452218.332782, 1641452219.4043994, 1641452222.2081175, 1641452223.2824209, 1641452224.3542264, 1641452225.429886, 1641452226.4980488, 1641452227.567798, 1641452228.6368775, 1641452231.4914925, 1641452232.5609288, 1641452233.6287844, 1641452234.6954784, 1641452235.7629066, 1641452236.8299403, 1641452239.7123132, 1641452240.7788398, 1641452241.5157344, 1641452242.5843585, 1641452243.6516426, 1641452244.7209308, 1641452245.7954786, 1641452248.6317134, 1641452249.7018244, 1641452250.7740767, 1641452251.8432872, 1641452252.912836, 1641452253.9812953, 1641452255.0513718, 1641452257.9311068, 1641452258.9994695, 1641452260.064356, 1641452261.1365805, 1641452262.2027466, 1641452263.2686846, 1641452264.3342502, 1641452267.1448414, 1641452268.2110307, 1641452269.275221, 1641452270.3394928, 1641452271.4065087, 1641452272.4737015, 1641452275.3023355, 1641452276.3703053, 1641452277.4394863, 1641452278.5081697, 1641452279.5793326, 1641452280.613003, 1641452281.7128346, 1641452284.4767375, 1641452285.5489528, 1641452286.622405, 1641452287.697432, 1641452288.797193, 1641452289.8692417, 1641452290.9397206, 1641452293.714476, 1641452294.7873178, 1641452295.8570344, 1641452296.9542701, 1641452298.0268228, 1641452299.0985198, 1641452301.9318082, 1641452303.0046937, 1641452304.0772462, 1641452305.1785645, 1641452306.2503734, 1641452307.3290703, 1641452308.4062648, 1641452311.412658, 1641452312.4890127, 1641452313.5611563, 1641452314.634409, 1641452315.708746, 1641452316.7857904, 1641452317.8574455, 1641452320.7088046, 1641452321.806343, 1641452322.8768797, 1641452323.9523795, 1641452325.0261679, 1641452326.0952048, 1641452329.4755027, 1641452330.5462878, 1641452331.619479, 1641452332.6897113, 1641452333.7587001, 1641452334.828114, 1641452335.8954854, 1641452339.5970497, 1641452340.6682217, 1641452341.7368279, 1641452342.8103633, 1641452343.8754501, 1641452344.933288, 1641452345.9976523, 1641452349.7294605, 1641452350.7938254, 1641452351.858424, 1641452352.9476206, 1641452354.0105996, 1641452355.0744948, 1641452358.9191399, 1641452359.9836679, 1641452361.0472326, 1641452362.1096435, 1641452363.173493, 1641452364.2371001, 1641452365.2978437, 1641452368.9151962, 1641452369.980172, 1641452371.0453773, 1641452372.108518, 1641452373.1726334, 1641452374.2388678, 1641452375.3018136, 1641452379.3924046, 1641452380.4551911, 1641452381.521799, 1641452382.5854142, 1641452383.6480663, 1641452384.7122517, 1641452388.8582883, 1641452389.9106882, 1641452390.9625697, 1641452392.0145836, 1641452393.0668101, 1641452394.1195478, 1641452395.1744194, 1641452399.0032916, 1641452400.0612075, 1641452401.1176536, 1641452402.1956859, 1641452403.2488713, 1641452404.3013582, 1641452405.3549266, 1641452409.3726423, 1641452410.4259763, 1641452411.4800167, 1641452412.5562444, 1641452413.609612, 1641452414.6653693, 1641452419.1525261, 1641452420.2036438, 1641452421.2507634, 1641452422.3017077, 1641452423.3564572, 1641452424.4080353, 1641452425.4688547, 1641452429.6892688, 1641452430.7409492, 1641452431.7939851, 1641452432.8460546, 1641452433.8973942, 1641452434.9485648, 1641452435.9992123, 1641452439.949165, 1641452441.0116413, 1641452442.0765991, 1641452443.137496, 1641452444.2028255, 1641452445.2652478, 1641452449.5904331, 1641452450.6481173, 1641452451.7084994, 1641452452.770179, 1641452453.8322468, 1641452454.8941476, 1641452455.957738, 1641452459.693332, 1641452460.7593868, 1641452461.8202055, 1641452462.907332, 1641452463.9739597, 1641452465.041062, 1641452466.1068978, 1641452470.336122, 1641452471.4317625, 1641452472.5014844, 1641452473.572525, 1641452474.6202428, 1641452475.65593, 1641452479.4950569, 1641452480.5324526, 1641452481.5653584, 1641452482.6014292, 1641452483.6382515, 1641452484.7043555, 1641452485.741538, 1641452489.5379813, 1641452490.5769203, 1641452491.6142335, 1641452492.6538038, 1641452493.690127, 1641452494.727756, 1641452495.7646453, 1641452500.0017745, 1641452501.0395792, 1641452502.0757532, 1641452503.1146753, 1641452504.150355, 1641452505.1878288, 1641452509.4060674, 1641452510.4414082, 1641452511.4749668, 1641452512.510075, 1641452513.5435886, 1641452514.6073928, 1641452515.6436543, 1641452519.8672764, 1641452520.9050043, 1641452521.966733, 1641452523.0044682, 1641452524.0412588, 1641452525.075818, 1641452526.1137583, 1641452530.533622, 1641452531.57695, 1641452532.6211855, 1641452533.6650162, 1641452534.7098, 1641452535.7532897, 1641452540.324816, 1641452541.371441, 1641452542.4186375, 1641452543.464468, 1641452544.5128617, 1641452545.5853212, 1641452546.656762, 1641452550.9136467, 1641452551.9813783, 1641452553.0509841, 1641452554.1158094, 1641452555.187381, 1641452556.258085, 1641452557.3282993, 1641452561.4405835, 1641452562.5141118, 1641452563.5797307, 1641452564.6405022, 1641452565.7047365, 1641452566.7671754, 1641452570.4858265, 1641452571.5488274, 1641452572.6103754, 1641452573.675288, 1641452574.7364414, 1641452575.7967312, 1641452576.8610787, 1641452581.1833355, 1641452582.2471929, 1641452583.3123713, 1641452584.373215, 1641452585.4354074, 1641452586.498073, 1641452587.563276, 1641452591.191593, 1641452592.2554958, 1641452593.3159885, 1641452594.4066293, 1641452595.4701915, 1641452596.5358932, 1641452600.3048728, 1641452601.3674304, 1641452602.4287772, 1641452603.4907773, 1641452604.5539696, 1641452605.6142254, 1641452606.6742268, 1641452610.0541487, 1641452611.144739, 1641452612.208974, 1641452613.2745874, 1641452614.3358097, 1641452615.3973207, 1641452616.4635355, 1641452620.190687, 1641452621.2542465, 1641452622.3168807, 1641452623.3793578, 1641452624.4424407, 1641452625.5017116, 1641452629.252565, 1641452630.3156636, 1641452631.3818886, 1641452632.4569812, 1641452633.5238187, 1641452634.5872386, 1641452635.6502614, 1641452639.0938516, 1641452640.158077, 1641452641.2184098, 1641452642.2809324, 1641452643.3734581, 1641452644.4348485, 1641452645.4991088, 1641452649.0330381, 1641452650.0919168, 1641452651.154205, 1641452652.2193086, 1641452653.2807572, 1641452654.3425672],