{"initial_reset_timestamp": 1641463017.0252304, "timestamps": [1641463020.1481469, 1641463020.3302095, 1641463020.6568742, 1641463020.9590516, 1641463021.2543168, 1641463021.5398986, 1641463023.5104558, 1641463023.7968116, 1641463024.0825546, 1641463024.3663561, 1641463024.6493104, 1641463024.9266326, 1641463025.2033062, 1641463027.6001196, 1641463028.661081, 1641463029.7275178, 1641463030.788549, 1641463031.8499625, 1641463032.9195209, 1641463033.9802737, 1641463036.9893486, 1641463038.0594797, 1641463039.1336813, 1641463040.2010055, 1641463041.2702239, 1641463042.343396, 1641463045.2022805, 1641463046.2791252, 1641463047.352855, 1641463048.4250388, 1641463049.5059147, 1641463050.5817695, 1641463051.6546187, 1641463054.5409484, 1641463055.6129558, 1641463056.6844857, 1641463057.759294, 1641463058.8340602, 1641463059.9060752, 1641463060.97532, 1641463063.8764992, 1641463064.9499862, 1641463065.926216, 1641463066.995185, 1641463067.9470143, 1641463069.0164878, 1641463070.084086, 1641463072.9254491, 1641463073.9992416, 1641463075.0686953, 1641463076.133207, 1641463077.2002275, 1641463078.2685854, 1641463081.2118115, 1641463082.2851262, 1641463083.3593588, 1641463084.4332144, 1641463085.5031826, 1641463086.5742314, 1641463087.6421251, 1641463090.579122, 1641463091.6506126, 1641463092.7215571, 1641463093.792472, 1641463094.861839, 1641463095.9615028, 1641463097.0297136, 1641463100.7510202, 1641463101.7978811, 1641463102.8426738, 1641463103.8920872, 1641463104.953141, 1641463106.016879, 1641463109.7406504, 1641463110.7926817, 1641463111.8433006, 1641463112.8927255, 1641463113.938862, 1641463114.956519, 1641463116.005877, 1641463119.886658, 1641463120.963279, 1641463122.0143838, 1641463123.0668838, 1641463124.1126668, 1641463125.1636117, 1641463126.2118456, 1641463130.310568, 1641463131.3848083, 1641463132.436497, 1641463133.4869893, 1641463134.5306723, 1641463135.5655503, 1641463139.3732655, 1641463140.419782, 1641463141.4670122, 1641463142.5150242, 1641463143.562282, 1641463144.6358182, 1641463145.6846988, 1641463149.8557427, 1641463150.8953009, 1641463151.9340262, 1641463152.9982877, 1641463154.0364978, 1641463155.0737965, 1641463156.1102676, 1641463160.8961213, 1641463161.9356904, 1641463162.974255, 1641463164.0105774, 1641463165.0486102, 1641463166.0880635, 1641463171.190561, 1641463172.229506, 1641463173.266182, 1641463174.302628, 1641463175.3376658, 1641463176.3685174, 1641463177.4030402, 1641463181.269156, 1641463182.3021379, 1641463183.3653016, 1641463184.4039485, 1641463185.4384027, 1641463186.4752743, 1641463187.5116506, 1641463192.448226, 1641463193.482425, 1641463194.5203838, 1641463195.5574858, 1641463196.591815, 1641463197.6274588, 1641463201.5896626, 1641463202.6269898, 1641463203.6627963, 1641463204.6987925, 1641463205.7333345, 1641463206.767828, 1641463207.8063953, 1641463212.3147645, 1641463213.351643, 1641463214.391656, 1641463215.4276838, 1641463216.4621549, 1641463217.5221941, 1641463218.5563347, 1641463222.7471251, 1641463223.7817726, 1641463224.8148007, 1641463225.904508, 1641463226.9546728, 1641463228.0033875, 1641463232.9126887, 1641463233.9643803, 1641463235.0167308, 1641463236.0684738, 1641463237.115953, 1641463238.1655536, 1641463239.212578, 1641463244.0432584, 1641463245.086061, 1641463246.1514025, 1641463247.1837478, 1641463248.2210786, 1641463249.2581668, 1641463250.2911546, 1641463255.446355, 1641463256.4896038, 1641463257.53758, 1641463258.5849276, 1641463259.6358178, 1641463260.7105627, 1641463265.7835603, 1641463266.8351347, 1641463267.883511, 1641463268.9508471, 1641463270.0015585, 1641463271.0477715, 1641463272.095816, 1641463277.2175257, 1641463278.2666624, 1641463279.3150094, 1641463280.3646865, 1641463281.4141343, 1641463282.4648228, 1641463283.5153587, 1641463288.4568007, 1641463289.5080726, 1641463290.5574734, 1641463291.6035016, 1641463292.6806357, 1641463293.7268262, 1641463298.8636172, 1641463299.9135725, 1641463300.9619966, 1641463302.0074403, 1641463303.0548823, 1641463304.1040246, 1641463305.1556237, 1641463310.146566, 1641463311.1937282, 1641463312.2434587, 1641463313.2948892, 1641463314.3437796, 1641463315.3922286, 1641463316.4410052, 1641463321.7127964, 1641463322.758787, 1641463323.8092568, 1641463324.856995, 1641463325.9086587, 1641463326.9566767, 1641463332.0551078, 1641463333.1054485, 1641463334.1571834, 1641463335.207779, 1641463336.2544804, 1641463337.300565, 1641463338.382218, 1641463343.5399354, 1641463344.589684, 1641463345.6441898, 1641463346.707182, 1641463347.7684743, 1641463348.8287497, 1641463349.8908534, 1641463355.3807762, 1641463356.4422054, 1641463357.5047967, 1641463358.5647597, 1641463359.6296797, 1641463360.6906695, 1641463365.7039542, 1641463366.751457, 1641463367.8013854, 1641463368.8587277, 1641463369.9108431, 1641463370.962059, 1641463372.0146208, 1641463377.604897, 1641463378.6551328, 1641463379.7069967, 1641463380.7580829, 1641463381.8057017, 1641463382.8545783, 1641463383.9040067, 1641463388.9685986, 1641463390.021782, 1641463391.0701168, 1641463392.116102, 1641463393.1925693, 1641463394.2472177, 1641463399.4640596, 1641463400.5134037, 1641463401.5631144, 1641463402.613669, 1641463403.662512, 1641463404.7140899, 1641463405.767442, 1641463410.7031024, 1641463411.756565, 1641463412.8048599, 1641463413.8584187, 1641463414.9102662, 1641463415.9588242, 1641463417.012148, 1641463422.2737567, 1641463423.3546605, 1641463424.4071982, 1641463425.4579942, 1641463426.511199, 1641463427.5590827, 1641463432.5555012, 1641463433.6064215, 1641463434.6587894, 1641463435.7084897, 1641463436.7584543, 1641463437.8102598, 1641463438.8598182, 1641463443.9661252, 1641463445.01892, 1641463446.0722454, 1641463447.1222003, 1641463448.1732411, 1641463449.220702, 1641463450.2720587, 1641463455.3409889, 1641463456.3926327, 1641463457.4714246, 1641463458.5271108, 1641463459.5832887, 1641463460.6396725, 1641463465.713439, 1641463466.7678638, 1641463467.8225496, 1641463468.8849769, 1641463469.9432597, 1641463470.9968143, 1641463472.0537498, 1641463476.9395788, 1641463477.9960623, 1641463479.0500119, 1641463480.1052954, 1641463481.1600754, 1641463482.215641, 1641463483.2711966, 1641463488.1176999, 1641463489.1749673, 1641463490.231575, 1641463491.2872212, 1641463492.3422475, 1641463493.3980947, 1641463498.292682, 1641463499.3460834, 1641463500.4031603, 1641463501.4596927, 1641463502.5163345, 1641463503.574288, 1641463504.63564, 1641463509.8592858, 1641463510.9212048, 1641463512.0047238, 1641463513.0586758, 1641463514.11153, 1641463515.162942, 1641463516.2131932, 1641463520.9116247, 1641463521.9634657, 1641463523.0165503, 1641463524.0686345, 1641463525.1201403, 1641463526.1737127],