{"initial_reset_timestamp": 1641468922.144114, "timestamps": [1641468925.2660847, 1641468925.4845693, 1641468925.7942107, 1641468925.9785466, 1641468926.2697976, 1641468926.5584295, 1641468926.8430657, 1641468928.8100345, 1641468929.092361, 1641468929.375972, 1641468929.6563904, 1641468929.933072, 1641468930.2142022, 1641468932.2453763, 1641468933.315422, 1641468934.382801, 1641468935.4379747, 1641468936.4948366, 1641468937.547653, 1641468938.6156907, 1641468941.4455488, 1641468942.507187, 1641468943.3136623, 1641468944.375953, 1641468945.4381602, 1641468946.504871, 1641468947.5723438, 1641468950.440992, 1641468951.5131228, 1641468952.581952, 1641468953.6528912, 1641468954.723656, 1641468955.7913675, 1641468956.8655033, 1641468959.7206316, 1641468960.7887475, 1641468961.86004, 1641468962.9315307, 1641468963.9983318, 1641468965.0714276, 1641468967.96653, 1641468968.7635064, 1641468969.6292458, 1641468970.4912503, 1641468971.559762, 1641468972.6256037, 1641468973.6910324, 1641468974.6611273, 1641468977.4058537, 1641468978.4709098, 1641468979.539811, 1641468980.6042533, 1641468981.6692371, 1641468982.4783845, 1641468982.7358732, 1641468983.5379941, 1641468986.2818267, 1641468986.798413, 1641468987.8666847, 1641468988.9366174, 1641468989.3274002, 1641468990.3928702, 1641468990.894161, 1641468991.530424, 1641468991.8154428, 1641468992.5497582, 1641468995.2859862, 1641468995.7906048, 1641468996.2106268, 1641468996.613721, 1641468997.6798387, 1641468998.750378, 1641468999.5840337, 1641469000.3358757, 1641469001.3946764, 1641469004.2764988, 1641469005.3205886, 1641469005.933582, 1641469006.9800243, 1641469008.0173929, 1641469009.054834, 1641469010.0907795, 1641469012.9220438, 1641469013.9542694, 1641469014.9911432, 1641469016.03337, 1641469017.0746152, 1641469018.1156714, 1641469019.1536553, 1641469021.9743428, 1641469023.0069163, 1641469024.0399024, 1641469025.07382, 1641469026.103736, 1641469027.140183, 1641469028.1727822, 1641469030.9271824, 1641469031.9577377, 1641469032.987491, 1641469034.0210714, 1641469035.050827, 1641469036.082165, 1641469039.4266326, 1641469040.4553947, 1641469041.4842863, 1641469042.5099797, 1641469043.5610127, 1641469044.5917118, 1641469045.621206, 1641469048.5572145, 1641469049.6116333, 1641469050.6574976, 1641469051.713728, 1641469052.7675328, 1641469053.8161247, 1641469054.8615584, 1641469058.1640754, 1641469059.2015946, 1641469060.2410886, 1641469061.2817245, 1641469062.3283432, 1641469063.3799696, 1641469067.3454297, 1641469068.391576, 1641469069.44028, 1641469070.4904287, 1641469071.5420542, 1641469072.5918648, 1641469073.639939, 1641469077.5545642, 1641469078.606168, 1641469079.6565535, 1641469080.7080696, 1641469081.7568953, 1641469082.7937803, 1641469083.8275926, 1641469087.909263, 1641469088.9419885, 1641469089.9781208, 1641469091.0158489, 1641469092.050215, 1641469093.0826592, 1641469096.9301515, 1641469097.9688485, 1641469099.0384865, 1641469100.072019, 1641469101.1012456, 1641469102.1339667, 1641469103.1634188, 1641469106.8499157, 1641469107.8835392, 1641469108.9165041, 1641469109.9507608, 1641469110.9864964, 1641469112.0221589, 1641469113.0517387, 1641469116.4620924, 1641469117.4956748, 1641469118.534449, 1641469119.567494, 1641469120.5963404, 1641469121.625236, 1641469125.3300698, 1641469126.3595676, 1641469127.4150689, 1641469128.4423635, 1641469129.4723225, 1641469130.499708, 1641469131.5274768, 1641469135.1204698, 1641469136.154007, 1641469137.1804037, 1641469138.2121332, 1641469139.240643, 1641469140.2691712, 1641469141.3037095, 1641469145.0325532, 1641469146.0628247, 1641469147.0959635, 1641469148.1229296, 1641469149.1538353, 1641469150.1864169, 1641469154.1303825, 1641469155.1570356, 1641469156.1867573, 1641469157.210137, 1641469158.2322555, 1641469159.2572472, 1641469160.280762, 1641469164.1997929, 1641469165.221075, 1641469166.2483447, 1641469167.2772427, 1641469168.3044279, 1641469169.3329723, 1641469170.365178, 1641469174.3988109, 1641469175.4293363, 1641469176.4603894, 1641469177.4927664, 1641469178.5219166, 1641469179.5515864, 1641469183.7862246, 1641469184.810921, 1641469185.8403826, 1641469186.868574, 1641469187.9020846, 1641469188.927253, 1641469189.9605212, 1641469193.9763598, 1641469195.005766, 1641469196.034806, 1641469197.0669925, 1641469198.1019936, 1641469199.1363866, 1641469200.1696842, 1641469204.4310188, 1641469205.4619918, 1641469206.4922688, 1641469207.52605, 1641469208.5579658, 1641469209.5914388, 1641469213.5443757, 1641469214.5753617, 1641469215.6076891, 1641469216.6352336, 1641469217.6660495, 1641469218.6969602, 1641469219.7291582, 1641469224.1784205, 1641469225.2281094, 1641469226.276477, 1641469227.3199394, 1641469228.3614988, 1641469229.4071124, 1641469230.4485939, 1641469234.5568085, 1641469235.6124282, 1641469236.6643171, 1641469237.7157323, 1641469238.7654674, 1641469239.8060083, 1641469244.4073257, 1641469245.4481907, 1641469246.4961324, 1641469247.5394988, 1641469248.6054714, 1641469249.6649086, 1641469250.7135165, 1641469255.5779204, 1641469256.6339598, 1641469257.6901782, 1641469258.7454004, 1641469259.80121, 1641469260.859966, 1641469261.914517, 1641469266.6581035, 1641469267.7074583, 1641469268.7571328, 1641469269.8044457, 1641469270.855699, 1641469271.9312952, 1641469276.5913472, 1641469277.6407006, 1641469278.6899753, 1641469279.7421367, 1641469280.7893548, 1641469281.8408117, 1641469282.8955019, 1641469287.6990283, 1641469288.7504694, 1641469289.8055015, 1641469290.8592505, 1641469291.9120083, 1641469292.9626033, 1641469294.0158052, 1641469298.6675265, 1641469299.7190893, 1641469300.798382, 1641469301.8522105, 1641469302.8994925, 1641469303.947641, 1641469308.962213, 1641469310.0165513, 1641469311.0697134, 1641469312.121865, 1641469313.1797125, 1641469314.2304008, 1641469315.2895734, 1641469320.018411, 1641469321.0972059, 1641469322.1546986, 1641469323.2086732, 1641469324.255587, 1641469325.3103435, 1641469326.364818, 1641469330.8260183, 1641469331.8775806, 1641469332.9312503, 1641469333.9848564, 1641469335.0404058, 1641469336.0992658, 1641469341.1971164, 1641469342.2493424, 1641469343.3023784, 1641469344.3795047, 1641469345.4270155, 1641469346.474079, 1641469347.525325, 1641469352.1120558, 1641469353.1671073, 1641469354.2173817, 1641469355.2719932, 1641469356.32703, 1641469357.377986, 1641469358.4279742, 1641469362.0229337, 1641469363.0752256, 1641469364.1249523, 1641469365.1770897, 1641469366.2289612, 1641469367.3071926, 1641469372.1302996, 1641469373.1795127, 1641469374.2280464, 1641469375.2779882, 1641469376.3269792, 1641469377.3744195, 1641469378.4271297, 1641469383.3070245, 1641469384.3662405, 1641469385.4259286, 1641469386.4859586, 1641469387.5430853, 1641469388.6223445, 1641469389.6829686, 1641469394.4118557, 1641469395.4702833, 1641469396.5308974, 1641469397.5878003, 1641469398.6422474, 1641469399.7032],