{"initial_reset_timestamp": 1641469401.776794, "timestamps": [1641469404.975454, 1641469405.1176407, 1641469405.4687757, 1641469405.766839, 1641469406.059255, 1641469406.34905, 1641469406.5085008, 1641469408.5025406, 1641469408.789073, 1641469409.07576, 1641469409.3579657, 1641469409.6360488, 1641469409.9185503, 1641469410.1461668, 1641469412.4065433, 1641469413.4716673, 1641469414.53389, 1641469415.5948524, 1641469416.653711, 1641469417.7220793, 1641469418.785325, 1641469421.5385191, 1641469422.6052337, 1641469423.6705241, 1641469424.7441416, 1641469425.820329, 1641469426.8924322, 1641469427.961857, 1641469430.7663023, 1641469431.8447683, 1641469432.9223413, 1641469433.9961534, 1641469435.0656507, 1641469436.1340039, 1641469439.0454974, 1641469440.1112602, 1641469441.175574, 1641469442.2395341, 1641469443.2962427, 1641469444.3522105, 1641469445.4118664, 1641469448.1842883, 1641469449.2413883, 1641469450.2966495, 1641469451.3506598, 1641469452.4083805, 1641469453.4657044, 1641469454.5198836, 1641469457.3581948, 1641469458.1275315, 1641469459.1804879, 1641469460.2405722, 1641469461.2989209, 1641469462.354141, 1641469463.101424, 1641469466.004868, 1641469467.0670547, 1641469468.1314468, 1641469469.1967638, 1641469470.2604337, 1641469471.3253143, 1641469474.1446357, 1641469474.8614197, 1641469475.9235005, 1641469476.9841375, 1641469478.0438125, 1641469479.1071992, 1641469480.1944427, 1641469481.2555404, 1641469484.1722875, 1641469485.2369869, 1641469486.3285556, 1641469487.389338, 1641469488.4530122, 1641469489.5153203, 1641469493.6512527, 1641469494.7143853, 1641469495.8062925, 1641469496.8757658, 1641469497.9362812, 1641469499.0022366, 1641469500.0674372, 1641469504.6465027, 1641469505.7051587, 1641469506.7660477, 1641469507.8315597, 1641469508.8932729, 1641469509.9569762, 1641469511.0118325, 1641469515.7207294, 1641469516.7808073, 1641469517.8408933, 1641469518.9008625, 1641469519.9590747, 1641469521.020085, 1641469525.830941, 1641469526.8927937, 1641469527.953787, 1641469529.0172977, 1641469530.0793946, 1641469531.14254, 1641469532.2051756, 1641469537.0049057, 1641469538.0647721, 1641469539.1284103, 1641469540.187471, 1641469541.2471738, 1641469542.3125892, 1641469543.369135, 1641469548.4763, 1641469548.8508162, 1641469549.9102676, 1641469550.9798105, 1641469552.0514882, 1641469553.1176157, 1641469554.186451, 1641469558.6232245, 1641469559.6943667, 1641469560.7620459, 1641469561.8287494, 1641469562.8979921, 1641469563.9621315, 1641469565.0321648, 1641469569.8122063, 1641469570.9047103, 1641469571.9719744, 1641469573.0402646, 1641469574.1097343, 1641469575.1754072, 1641469580.0542202, 1641469581.124818, 1641469582.194275, 1641469583.2639706, 1641469584.333069, 1641469585.3973448, 1641469586.4662652, 1641469591.1887376, 1641469592.2590582, 1641469593.3280194, 1641469594.4243221, 1641469595.4937096, 1641469596.5636594, 1641469597.6347861, 1641469601.9921112, 1641469603.0632267, 1641469604.1284623, 1641469605.1965914, 1641469606.260822, 1641469607.3289318, 1641469612.4643486, 1641469613.5352147, 1641469614.6025004, 1641469615.6714392, 1641469616.7375524, 1641469617.8020697, 1641469618.8947861, 1641469623.71008, 1641469624.7740772, 1641469625.8456523, 1641469626.9166627, 1641469627.9864793, 1641469629.0446494, 1641469630.104558, 1641469634.7673507, 1641469635.8276618, 1641469636.8899302, 1641469637.949979, 1641469639.013891, 1641469640.0728402, 1641469644.5808704, 1641469645.6425142, 1641469646.69926, 1641469647.759928, 1641469648.8461154, 1641469649.904567, 1641469650.962922, 1641469655.405371, 1641469656.4629061, 1641469657.523191, 1641469658.5894403, 1641469659.6516526, 1641469660.712636, 1641469661.774026, 1641469666.2888203, 1641469667.3460734, 1641469668.4065979, 1641469669.4664898, 1641469670.5266898, 1641469671.5898347, 1641469676.3312914, 1641469677.3892753, 1641469678.4473631, 1641469679.5141609, 1641469680.5749903, 1641469681.640845, 1641469682.7313657, 1641469687.3288658, 1641469688.3844275, 1641469689.4448645, 1641469690.504339, 1641469691.5665824, 1641469692.6293037, 1641469693.6894882, 1641469698.2242153, 1641469699.2871096, 1641469700.3470955, 1641469701.4097285, 1641469702.4716203, 1641469703.5346043, 1641469707.9748867, 1641469709.0391672, 1641469710.1028347, 1641469711.1657145, 1641469712.2141137, 1641469713.255474, 1641469714.295911, 1641469718.8107355, 1641469719.8536086, 1641469720.8975117, 1641469721.9382184, 1641469723.0086963, 1641469724.0514152, 1641469725.108143, 1641469729.589344, 1641469730.6488936, 1641469731.7118688, 1641469732.7724597, 1641469733.8348336, 1641469734.899777, 1641469739.3228657, 1641469740.3832495, 1641469741.445275, 1641469742.5177295, 1641469743.5938609, 1641469744.6677952, 1641469745.7414758, 1641469750.4517293, 1641469751.5250118, 1641469752.6022575, 1641469753.6715214, 1641469754.7476847, 1641469755.8235412, 1641469756.8956742, 1641469761.3862987, 1641469762.462157, 1641469763.5339587, 1641469764.631688, 1641469765.7050738, 1641469766.777407, 1641469771.0939226, 1641469772.192356, 1641469773.266234, 1641469774.340315, 1641469775.415419, 1641469776.4888868, 1641469777.5626388, 1641469782.1238694, 1641469783.1945343, 1641469784.2646525, 1641469785.3405118, 1641469786.416536, 1641469787.4878378, 1641469788.5610135, 1641469792.9673488, 1641469794.0395927, 1641469795.1143541, 1641469796.1884744, 1641469797.3048143, 1641469798.3836224, 1641469803.094077, 1641469804.1646254, 1641469805.235096, 1641469806.303838, 1641469807.3709772, 1641469808.4211614, 1641469809.4953876, 1641469814.141601, 1641469815.1940022, 1641469816.2433944, 1641469817.2918313, 1641469818.3396332, 1641469819.3892713, 1641469820.0586953, 1641469824.708004, 1641469825.7549884, 1641469826.8046012, 1641469827.8500218, 1641469828.889706, 1641469829.9351656, 1641469830.9770014, 1641469835.6310835, 1641469836.7018058, 1641469837.7430105, 1641469838.7858632, 1641469839.8271565, 1641469840.8692117, 1641469845.2413132, 1641469846.2839267, 1641469847.3264184, 1641469848.3694174, 1641469849.4117315, 1641469850.456613, 1641469851.500653, 1641469855.9471729, 1641469856.992861, 1641469858.0399852, 1641469859.0891163, 1641469860.140585, 1641469861.1895363, 1641469862.2390053, 1641469866.8390002, 1641469867.8888183, 1641469868.937593, 1641469870.0156832, 1641469871.0661798, 1641469872.1115851, 1641469876.4641943, 1641469877.5151339, 1641469878.5590153, 1641469879.6028042, 1641469880.647848, 1641469881.691316, 1641469882.7375498, 1641469887.537316, 1641469888.5887985, 1641469889.6337717, 1641469890.680533, 1641469891.7255213, 1641469892.7739034, 1641469893.8209975, 1641469898.199161, 1641469899.2476373, 1641469900.2924125, 1641469901.340984, 1641469902.4146352, 1641469903.4605815],