{"initial_reset_timestamp": 1641461066.9291637, "timestamps": [1641461070.1528258, 1641461070.3608172, 1641461070.674599, 1641461070.9700902, 1641461071.259888, 1641461071.547371, 1641461073.578444, 1641461073.8599179, 1641461074.139885, 1641461074.4213161, 1641461074.7015274, 1641461074.9774745, 1641461075.2579546, 1641461077.795419, 1641461078.8607123, 1641461079.9496121, 1641461081.0107052, 1641461082.0681984, 1641461083.129788, 1641461084.1940324, 1641461087.0298576, 1641461088.0996451, 1641461089.1703095, 1641461090.247677, 1641461091.2517464, 1641461092.317802, 1641461095.2234402, 1641461096.2948213, 1641461097.3651578, 1641461098.4379764, 1641461099.51119, 1641461100.582913, 1641461101.6537728, 1641461104.4401252, 1641461105.511947, 1641461106.582241, 1641461107.6574595, 1641461108.7221417, 1641461109.789106, 1641461110.860063, 1641461113.6398065, 1641461114.7111437, 1641461115.7818928, 1641461116.8519607, 1641461117.9163826, 1641461118.9873693, 1641461121.7856398, 1641461122.8521242, 1641461123.9161637, 1641461124.9760182, 1641461126.0444376, 1641461127.107509, 1641461128.1676357, 1641461131.008931, 1641461132.0707946, 1641461133.1425285, 1641461134.2129226, 1641461135.2891376, 1641461136.37363, 1641461137.427217, 1641461140.2901483, 1641461141.3619487, 1641461142.4310665, 1641461143.4948478, 1641461144.5121017, 1641461145.5834727, 1641461148.4602005, 1641461149.531842, 1641461150.601914, 1641461151.6725378, 1641461152.7383902, 1641461153.8035324, 1641461154.8965197, 1641461157.7378829, 1641461158.8117533, 1641461159.8806205, 1641461160.9617367, 1641461162.0521998, 1641461163.1691532, 1641461164.2356942, 1641461167.089654, 1641461168.1604388, 1641461169.2283142, 1641461170.3282998, 1641461171.3955653, 1641461172.466252, 1641461176.1903212, 1641461177.2590938, 1641461178.3258634, 1641461179.3927062, 1641461180.4588368, 1641461181.527859, 1641461182.5943933, 1641461186.7716649, 1641461187.8396103, 1641461188.9072273, 1641461189.97361, 1641461191.0409043, 1641461192.1088395, 1641461193.175648, 1641461197.9160275, 1641461199.0099552, 1641461200.06796, 1641461201.1216102, 1641461202.1772065, 1641461203.2346792, 1641461207.9986484, 1641461209.0537899, 1641461210.10675, 1641461211.1586256, 1641461212.2116654, 1641461213.264764, 1641461214.3175163, 1641461219.156778, 1641461220.240247, 1641461221.2896793, 1641461222.3414762, 1641461223.3953571, 1641461224.4456413, 1641461225.4989126, 1641461230.324975, 1641461231.3773222, 1641461232.4292014, 1641461233.4819162, 1641461234.5384064, 1641461235.5901554, 1641461240.356749, 1641461241.432935, 1641461242.4835405, 1641461243.5353754, 1641461244.5855086, 1641461245.6387808, 1641461246.6924725, 1641461251.4048843, 1641461252.4578567, 1641461253.5115147, 1641461254.5646422, 1641461255.6180725, 1641461256.6718638, 1641461257.7254236, 1641461261.988823, 1641461263.029327, 1641461264.0674534, 1641461265.1050978, 1641461266.1398952, 1641461267.1726696, 1641461271.7338302, 1641461272.77271, 1641461273.8094618, 1641461274.8704793, 1641461275.9025393, 1641461276.936315, 1641461277.9721522, 1641461282.5682576, 1641461283.6066446, 1641461284.6424606, 1641461285.6791654, 1641461286.7180107, 1641461287.7519004, 1641461288.7852602, 1641461293.338972, 1641461294.3848512, 1641461295.4219406, 1641461296.4608128, 1641461297.5006287, 1641461298.5417805, 1641461303.26287, 1641461304.3060706, 1641461305.347255, 1641461306.3908045, 1641461307.4346013, 1641461308.4769146, 1641461309.5192351, 1641461314.2140045, 1641461315.2565296, 1641461316.3003173, 1641461317.3482032, 1641461318.389274, 1641461319.4312499, 1641461320.4794343, 1641461325.2834275, 1641461326.3302157, 1641461327.3733735, 1641461328.4213393, 1641461329.466445, 1641461330.5090153, 1641461335.357169, 1641461336.3974571, 1641461337.4368844, 1641461338.4804015, 1641461339.5240235, 1641461340.569365, 1641461341.6161075, 1641461346.4396105, 1641461347.491144, 1641461348.5354903, 1641461349.5793731, 1641461350.6224415, 1641461351.6633425, 1641461352.7090437, 1641461357.4794369, 1641461358.5263178, 1641461359.5680895, 1641461360.6117892, 1641461361.6519206, 1641461362.6958146, 1641461367.556034, 1641461368.6030881, 1641461369.6470966, 1641461370.6931362, 1641461371.731807, 1641461372.7783666, 1641461373.8199084, 1641461378.4289026, 1641461379.4735193, 1641461380.5197802, 1641461381.563998, 1641461382.6050365, 1641461383.6496243, 1641461384.6948724, 1641461389.1963258, 1641461390.2382886, 1641461391.2829185, 1641461392.326116, 1641461393.3681285, 1641461394.4129078, 1641461399.2331712, 1641461400.2757225, 1641461401.3225298, 1641461402.366614, 1641461403.413383, 1641461404.4570904, 1641461405.4989865, 1641461410.4838035, 1641461411.5309114, 1641461412.5788715, 1641461413.6197858, 1641461414.6665752, 1641461415.7077036, 1641461416.7517586, 1641461421.4513547, 1641461422.4940264, 1641461423.5408356, 1641461424.5828152, 1641461425.629923, 1641461426.699778, 1641461431.4541268, 1641461432.497108, 1641461433.5401506, 1641461434.587311, 1641461435.6286979, 1641461436.673504, 1641461437.7172647, 1641461442.2837179, 1641461443.3269138, 1641461444.3728917, 1641461445.4155881, 1641461446.4620728, 1641461447.507334, 1641461448.550992, 1641461453.3368168, 1641461454.3797872, 1641461455.4250555, 1641461456.468481, 1641461457.5063028, 1641461458.5446515, 1641461463.3165731, 1641461464.357897, 1641461465.3961582, 1641461466.436967, 1641461467.472431, 1641461468.510246, 1641461469.5491524, 1641461474.1982393, 1641461475.2366817, 1641461476.2737885, 1641461477.3134816, 1641461478.3528235, 1641461479.3882282, 1641461480.4301023, 1641461485.1772904, 1641461486.217425, 1641461487.255393, 1641461488.296518, 1641461489.3334005, 1641461490.3745928, 1641461495.1682863, 1641461496.2079718, 1641461497.2477658, 1641461498.2823873, 1641461499.3208032, 1641461500.3586662, 1641461501.39818, 1641461506.1525896, 1641461507.1877065, 1641461508.2233794, 1641461509.2612314, 1641461510.2955947, 1641461511.3333757, 1641461512.3683953, 1641461517.1454391, 1641461518.1786098, 1641461519.2164843, 1641461520.2515419, 1641461521.2852716, 1641461522.3218117, 1641461527.216028, 1641461528.2539966, 1641461529.288908, 1641461530.3266518, 1641461531.3613753, 1641461532.3956873, 1641461533.4609487, 1641461538.0170443, 1641461539.0527842, 1641461540.0917966, 1641461541.126154, 1641461542.1595266, 1641461543.1980753, 1641461544.2366188, 1641461549.2838497, 1641461550.323073, 1641461551.3599648, 1641461552.4275293, 1641461553.4637156, 1641461554.503539, 1641461559.2025871, 1641461560.2446804, 1641461561.2878828, 1641461562.3279662, 1641461563.372035, 1641461564.419575, 1641461565.4595225],