{"initial_reset_timestamp": 1641461567.1624985, "timestamps": [1641461570.4161758, 1641461570.634156, 1641461570.9565313, 1641461571.2574904, 1641461571.550137, 1641461571.841952, 1641461573.9179988, 1641461574.207609, 1641461574.493581, 1641461574.7752757, 1641461575.0577683, 1641461575.3396165, 1641461575.6217322, 1641461578.2108755, 1641461579.2768617, 1641461580.3396482, 1641461581.4021537, 1641461582.4657993, 1641461583.5326602, 1641461584.6053872, 1641461587.397365, 1641461588.4707232, 1641461589.543565, 1641461590.623872, 1641461591.6984365, 1641461592.7725601, 1641461595.564876, 1641461596.642499, 1641461597.721156, 1641461598.7986891, 1641461599.8761258, 1641461600.9521637, 1641461602.027347, 1641461604.8148692, 1641461605.8950264, 1641461606.9716034, 1641461608.0513966, 1641461609.1313317, 1641461610.206112, 1641461611.2811127, 1641461614.0688548, 1641461615.1442373, 1641461616.220648, 1641461617.298394, 1641461618.3741243, 1641461619.4497771, 1641461622.2328537, 1641461623.253207, 1641461624.2727787, 1641461625.2934563, 1641461626.3123844, 1641461627.3301091, 1641461628.3459475, 1641461631.043299, 1641461632.0635, 1641461633.0801573, 1641461634.0978673, 1641461635.1191552, 1641461636.137801, 1641461637.1583624, 1641461639.8669317, 1641461640.884986, 1641461641.9048429, 1641461642.925537, 1641461643.9467225, 1641461644.9660323, 1641461647.678479, 1641461648.7006996, 1641461649.578569, 1641461650.6006572, 1641461651.6204948, 1641461652.638909, 1641461653.6650364, 1641461656.48201, 1641461657.5035753, 1641461658.5275922, 1641461659.5503495, 1641461660.306224, 1641461661.328485, 1641461662.372448, 1641461665.1980085, 1641461666.2171254, 1641461667.2386193, 1641461668.2568288, 1641461669.2779102, 1641461670.3297935, 1641461671.348646, 1641461674.153327, 1641461675.170733, 1641461676.1853943, 1641461677.232807, 1641461678.249697, 1641461679.2694504, 1641461682.0738587, 1641461683.094264, 1641461684.1080194, 1641461685.1474411, 1641461686.1664083, 1641461687.1814861, 1641461688.2018194, 1641461691.01942, 1641461692.0660427, 1641461693.0836718, 1641461694.105176, 1641461695.1204813, 1641461696.1390433, 1641461697.1522021, 1641461699.9864998, 1641461701.0041916, 1641461702.0215275, 1641461703.0380776, 1641461704.0539725, 1641461705.0702093, 1641461707.8292935, 1641461708.8677893, 1641461709.917592, 1641461710.9637723, 1641461712.0082781, 1641461713.0555248, 1641461714.1079779, 1641461718.0181751, 1641461719.0868495, 1641461720.1328754, 1641461721.179304, 1641461722.2222075, 1641461723.271123, 1641461724.3172147, 1641461728.5250661, 1641461729.5746098, 1641461730.6181858, 1641461731.6667306, 1641461732.7140071, 1641461733.763663, 1641461737.9654188, 1641461739.0125365, 1641461740.0590758, 1641461741.1078036, 1641461742.1535854, 1641461743.1989567, 1641461744.2495215, 1641461748.3786497, 1641461749.421157, 1641461750.468219, 1641461751.5144928, 1641461752.5561736, 1641461753.597398, 1641461754.6393166, 1641461758.9015625, 1641461759.9448917, 1641461760.9896507, 1641461762.0385754, 1641461763.0809584, 1641461764.1257083, 1641461768.4517322, 1641461769.4977984, 1641461770.5453882, 1641461771.589693, 1641461772.6385188, 1641461773.6857727, 1641461774.7336168, 1641461778.9926417, 1641461780.0417414, 1641461781.094033, 1641461782.1436963, 1641461783.1972024, 1641461784.2469578, 1641461785.297016, 1641461789.486996, 1641461790.5366576, 1641461791.579644, 1641461792.6254961, 1641461793.6701593, 1641461794.713639, 1641461799.181504, 1641461800.2285888, 1641461801.2746375, 1641461802.3220553, 1641461803.3717132, 1641461804.447673, 1641461805.496356, 1641461809.8198555, 1641461810.8933861, 1641461811.9423144, 1641461812.990791, 1641461814.0388434, 1641461815.0877645, 1641461816.1417987, 1641461820.567603, 1641461821.6196427, 1641461822.5197856, 1641461823.5704532, 1641461824.622204, 1641461825.671202, 1641461830.0366726, 1641461831.0837111, 1641461832.1350946, 1641461833.1841052, 1641461834.2346394, 1641461835.282897, 1641461836.3362527, 1641461840.6777008, 1641461841.5605195, 1641461842.6126492, 1641461843.6597152, 1641461844.7072413, 1641461845.7586253, 1641461846.8084345, 1641461851.2152228, 1641461852.2644513, 1641461853.3142817, 1641461854.3621714, 1641461855.4136124, 1641461856.490888, 1641461857.5382109, 1641461861.5606797, 1641461862.604522, 1641461863.655911, 1641461864.7088974, 1641461865.7545917, 1641461866.8055863, 1641461871.2756157, 1641461872.3265061, 1641461873.4068825, 1641461874.458144, 1641461875.5029576, 1641461876.553232, 1641461877.602131, 1641461882.1596262, 1641461883.2101743, 1641461884.2630422, 1641461885.3131912, 1641461886.3630793, 1641461887.41338, 1641461888.466, 1641461892.9543693, 1641461893.9996784, 1641461895.052514, 1641461896.1018188, 1641461897.1503627, 1641461898.2017794, 1641461902.760431, 1641461903.808084, 1641461904.853698, 1641461905.902816, 1641461906.9521847, 1641461908.0326343, 1641461909.082123, 1641461913.5486705, 1641461914.5960133, 1641461915.6444266, 1641461916.6956356, 1641461917.7440643, 1641461918.7937899, 1641461919.8417368, 1641461924.169548, 1641461925.217423, 1641461926.2674267, 1641461927.3159065, 1641461928.3641565, 1641461929.4156935, 1641461933.6814272, 1641461934.7281427, 1641461935.7793407, 1641461936.8287935, 1641461937.872754, 1641461938.9206665, 1641461939.9652884, 1641461944.2275517, 1641461945.2732427, 1641461946.3200347, 1641461947.3622017, 1641461948.4077764, 1641461949.4517472, 1641461950.4946399, 1641461954.8998861, 1641461955.9477787, 1641461956.9961085, 1641461958.043342, 1641461959.0884056, 1641461960.133516, 1641461964.5970097, 1641461965.6429617, 1641461966.7129686, 1641461967.7552416, 1641461968.798696, 1641461969.8430235, 1641461970.8894532, 1641461975.2851639, 1641461976.331312, 1641461977.375543, 1641461978.4188027, 1641461979.4635441, 1641461980.5116866, 1641461981.560057, 1641461985.9769926, 1641461987.0215676, 1641461988.065303, 1641461989.1154466, 1641461990.1633625, 1641461991.207301, 1641461995.6904552, 1641461996.7363715, 1641461997.7842028, 1641461998.8278296, 1641461999.8757157, 1641462000.9211483, 1641462001.966277, 1641462006.4446483, 1641462007.4922903, 1641462008.5389602, 1641462009.580763, 1641462010.653815, 1641462011.6969903, 1641462012.7486463, 1641462017.3691936, 1641462018.418351, 1641462019.4668365, 1641462020.5165832, 1641462021.5605228, 1641462022.608201, 1641462027.220603, 1641462028.2664857, 1641462029.3133407, 1641462030.3610587, 1641462031.407117, 1641462032.4537432, 1641462033.5025754, 1641462037.8289099, 1641462038.8766677, 1641462039.9253514, 1641462040.9677603, 1641462042.0135753, 1641462043.0579503, 1641462044.129322],