{"initial_reset_timestamp": 1641456134.3038654, "timestamps": [1641456137.5745566, 1641456137.790683, 1641456138.1119199, 1641456138.4137692, 1641456138.7093554, 1641456138.9967382, 1641456141.06143, 1641456141.3490129, 1641456141.6329753, 1641456141.9165447, 1641456142.197912, 1641456142.475073, 1641456142.7554455, 1641456145.320726, 1641456146.378268, 1641456147.4368813, 1641456148.5041978, 1641456149.5736294, 1641456150.6350784, 1641456151.7039065, 1641456154.499636, 1641456155.5738535, 1641456156.6408303, 1641456157.7122178, 1641456158.7842581, 1641456159.8547676, 1641456162.6410692, 1641456163.714019, 1641456164.7877192, 1641456165.8583438, 1641456166.9273825, 1641456168.0057483, 1641456169.086226, 1641456171.5166473, 1641456172.5972288, 1641456173.6691883, 1641456174.7455337, 1641456175.8190174, 1641456176.8947968, 1641456177.9708443, 1641456180.7495773, 1641456181.8219779, 1641456182.8955877, 1641456183.9688385, 1641456185.042075, 1641456186.1139843, 1641456187.1844864, 1641456190.033284, 1641456191.1049714, 1641456192.1786997, 1641456193.256375, 1641456194.3302062, 1641456195.4034357, 1641456198.2025914, 1641456199.2744145, 1641456200.344395, 1641456201.4174244, 1641456202.4913268, 1641456203.5611737, 1641456204.6350915, 1641456207.4831617, 1641456208.5612404, 1641456209.6348302, 1641456210.712391, 1641456211.789015, 1641456212.8622847, 1641456213.9399061, 1641456216.8598192, 1641456217.9343655, 1641456219.010892, 1641456220.087471, 1641456221.1622438, 1641456222.2371705, 1641456225.1495504, 1641456226.2247927, 1641456227.2996233, 1641456228.3718781, 1641456229.4465592, 1641456230.5198925, 1641456231.6199937, 1641456234.5028768, 1641456235.5772188, 1641456236.6563344, 1641456237.735559, 1641456238.806388, 1641456239.9072495, 1641456240.97656, 1641456243.8652747, 1641456244.9379263, 1641456246.0109076, 1641456247.1140125, 1641456248.190294, 1641456249.2660704, 1641456252.0624683, 1641456253.143902, 1641456254.2164629, 1641456255.3138726, 1641456256.3879716, 1641456257.4600399, 1641456258.5334818, 1641456261.3045864, 1641456262.4068515, 1641456263.4767044, 1641456264.555141, 1641456265.6277006, 1641456266.6971977, 1641456267.7679143, 1641456270.6020658, 1641456271.674533, 1641456272.7465465, 1641456273.8185453, 1641456274.8904164, 1641456275.9615521, 1641456278.8685951, 1641456279.9383032, 1641456281.009272, 1641456282.0827808, 1641456283.1571078, 1641456284.2292783, 1641456285.3037078, 1641456288.1796777, 1641456289.2537942, 1641456290.330691, 1641456291.4039907, 1641456292.480844, 1641456293.5544617, 1641456294.6286504, 1641456297.4203627, 1641456298.4985535, 1641456299.570555, 1641456300.6448805, 1641456301.7197464, 1641456302.7902386, 1641456305.6166437, 1641456306.6946402, 1641456307.76998, 1641456308.8505719, 1641456309.929038, 1641456311.0044575, 1641456312.0811934, 1641456314.898555, 1641456315.9779902, 1641456317.059784, 1641456318.1358037, 1641456319.2118046, 1641456320.282442, 1641456321.3271785, 1641456324.1474798, 1641456325.1914458, 1641456326.237033, 1641456327.2821445, 1641456328.3282754, 1641456329.3791583, 1641456332.2629626, 1641456333.3089623, 1641456334.3528247, 1641456335.3990026, 1641456336.4447944, 1641456337.4887793, 1641456338.5326986, 1641456341.33432, 1641456342.3801627, 1641456343.4241867, 1641456344.4705873, 1641456345.516603, 1641456346.57198, 1641456347.5080926, 1641456350.2770586, 1641456351.3406992, 1641456352.4058826, 1641456353.4726305, 1641456354.5330691, 1641456355.592648, 1641456358.420385, 1641456359.4858112, 1641456360.5488384, 1641456361.6141498, 1641456362.6808639, 1641456363.740459, 1641456364.8079739, 1641456367.558112, 1641456368.6239867, 1641456369.6865487, 1641456370.750055, 1641456371.8141847, 1641456372.8753667, 1641456373.9607496, 1641456376.7838917, 1641456377.8439782, 1641456378.903224, 1641456379.9684224, 1641456381.0321817, 1641456382.123265, 1641456384.868032, 1641456385.9282067, 1641456386.990149, 1641456388.0502374, 1641456389.1403787, 1641456390.198161, 1641456391.2581277, 1641456394.00584, 1641456395.0667145, 1641456396.123956, 1641456397.2185051, 1641456398.2778258, 1641456399.3379536, 1641456400.4006376, 1641456403.1422758, 1641456404.2311869, 1641456405.2950878, 1641456406.3550296, 1641456407.4121406, 1641456408.4622493, 1641456411.1767006, 1641456412.2500188, 1641456413.296476, 1641456414.348828, 1641456415.3966432, 1641456416.4446535, 1641456417.4950864, 1641456420.2472763, 1641456421.2915704, 1641456422.3391, 1641456423.385984, 1641456424.4351304, 1641456425.4832718, 1641456426.5323024, 1641456429.2747393, 1641456430.321352, 1641456431.3680606, 1641456432.4158423, 1641456433.4674318, 1641456434.5236804, 1641456437.2822902, 1641456438.335882, 1641456439.3935184, 1641456440.4477925, 1641456441.497335, 1641456442.5542722, 1641456443.60651, 1641456446.3470163, 1641456447.3959916, 1641456448.4463997, 1641456449.5011442, 1641456450.5567393, 1641456451.6130679, 1641456452.6678178, 1641456455.4422705, 1641456456.4930847, 1641456457.5458102, 1641456458.5958793, 1641456459.653823, 1641456460.7046664, 1641456463.4511354, 1641456464.4974196, 1641456465.5469637, 1641456466.5958095, 1641456467.6452029, 1641456468.697656, 1641456469.7484727, 1641456472.5078974, 1641456473.5550306, 1641456474.60169, 1641456475.6493585, 1641456476.6932583, 1641456477.7377555, 1641456478.7792706, 1641456481.511107, 1641456482.5584807, 1641456483.6065924, 1641456484.6519463, 1641456485.6968706, 1641456486.7447226, 1641456489.4861655, 1641456490.5321708, 1641456491.5832176, 1641456492.63171, 1641456493.6784894, 1641456494.7266905, 1641456495.7767618, 1641456498.5087652, 1641456499.557958, 1641456500.6038868, 1641456501.6538384, 1641456502.7030978, 1641456503.7581122, 1641456504.8069222, 1641456507.5499978, 1641456508.5953996, 1641456509.6465738, 1641456510.6976159, 1641456511.74919, 1641456512.800307, 1641456515.6507175, 1641456516.7004128, 1641456517.757662, 1641456518.8084953, 1641456519.8533387, 1641456520.9263165, 1641456521.9776855, 1641456524.6881125, 1641456525.7403, 1641456526.794614, 1641456527.8458781, 1641456528.925998, 1641456529.978965, 1641456531.036023, 1641456533.7414412, 1641456534.7950585, 1641456535.842267, 1641456536.9216385, 1641456537.9720633, 1641456539.0188017, 1641456541.7150643, 1641456542.7639475, 1641456543.8394165, 1641456544.8929482, 1641456545.9427357, 1641456546.990855, 1641456548.0420122, 1641456550.7482293, 1641456551.8245492, 1641456552.876552, 1641456553.9254155, 1641456554.9807928, 1641456556.0367088, 1641456557.0894053, 1641456559.815758, 1641456560.868024, 1641456561.9169943, 1641456562.985773, 1641456564.055105, 1641456565.1289842],