{"initial_reset_timestamp": 1641456136.157185, "timestamps": [1641456136.483157, 1641456136.6488569, 1641456136.8151846, 1641456136.9796124, 1641456137.1429932, 1641456137.3047922, 1641456137.488039, 1641456139.97656, 1641456140.1395626, 1641456140.3040023, 1641456140.467391, 1641456140.6352997, 1641456140.8269064, 1641456140.9896967, 1641456143.650731, 1641456143.8138797, 1641456143.9794807, 1641456144.142935, 1641456144.3335114, 1641456144.499362, 1641456144.6632926, 1641456152.5516775, 1641456152.708035, 1641456152.888909, 1641456153.0456612, 1641456153.2000296, 1641456153.3557963, 1641456153.5091097, 1641456161.353777, 1641456161.5151494, 1641456161.696623, 1641456161.8524768, 1641456162.005997, 1641456162.15959, 1641456162.3146076, 1641456170.2848625, 1641456170.4387343, 1641456170.592459, 1641456170.7496996, 1641456170.9034424, 1641456171.057702, 1641456171.2116401, 1641456179.178358, 1641456179.3332462, 1641456179.4876487, 1641456179.6426916, 1641456179.7971597, 1641456179.9531238, 1641456180.1089468, 1641456188.082493, 1641456188.2573547, 1641456188.411554, 1641456188.5675118, 1641456188.7376, 1641456188.9017732, 1641456189.0599575, 1641456196.9480214, 1641456197.1202736, 1641456197.276395, 1641456197.433401, 1641456197.5884757, 1641456197.7423034, 1641456197.8965049, 1641456205.861506, 1641456206.0374665, 1641456206.1947641, 1641456206.3660483, 1641456206.5205345, 1641456206.6729932, 1641456206.8405867, 1641456214.8515842, 1641456215.0292282, 1641456215.19879, 1641456215.3614564, 1641456215.5372355, 1641456215.7110238, 1641456215.8847191, 1641456223.8097062, 1641456223.9791293, 1641456224.1538188, 1641456224.3209481, 1641456224.495316, 1641456224.6683912, 1641456224.8432426, 1641456232.8213737, 1641456232.9902165, 1641456233.1656594, 1641456233.3407915, 1641456233.5159514, 1641456233.6886265, 1641456233.8623812, 1641456241.856033, 1641456242.0275598, 1641456242.1970403, 1641456242.3716872, 1641456242.546137, 1641456242.7195632, 1641456242.8935864, 1641456250.8028677, 1641456250.9578032, 1641456251.1123736, 1641456251.281604, 1641456251.4469168, 1641456251.6009767, 1641456251.7553544, 1641456259.737427, 1641456259.8922698, 1641456260.0479953, 1641456260.2024946, 1641456260.3578558, 1641456260.517072, 1641456260.673949, 1641456268.645378, 1641456268.820331, 1641456268.9730806, 1641456269.1277318, 1641456269.2817674, 1641456269.4771128, 1641456269.6336, 1641456277.4951313, 1641456277.6691184, 1641456277.8450022, 1641456278.0123096, 1641456278.1871014, 1641456278.3901746, 1641456278.564651, 1641456286.516309, 1641456286.6904457, 1641456286.8660305, 1641456287.0317862, 1641456287.2231152, 1641456287.3827617, 1641456287.5423725, 1641456295.488672, 1641456295.6411436, 1641456295.8244698, 1641456295.9784603, 1641456296.1326182, 1641456296.290528, 1641456296.4446588, 1641456304.320482, 1641456304.4747844, 1641456304.6691513, 1641456304.8388762, 1641456304.9933631, 1641456305.1488764, 1641456305.311143, 1641456313.3005095, 1641456313.4546897, 1641456313.6252933, 1641456313.7799907, 1641456313.9373107, 1641456314.0919256, 1641456314.2582698, 1641456322.2352912, 1641456322.4157538, 1641456322.571888, 1641456322.7260487, 1641456322.8827655, 1641456323.0427587, 1641456323.1985483, 1641456330.9265025, 1641456331.1016169, 1641456331.2784743, 1641456331.4544291, 1641456331.6218622, 1641456331.7930388, 1641456331.966556, 1641456339.7492893, 1641456339.9200876, 1641456340.072658, 1641456340.2290304, 1641456340.3970892, 1641456340.552251, 1641456340.7109504, 1641456348.513559, 1641456348.6665483, 1641456348.8228772, 1641456348.9762635, 1641456349.129048, 1641456349.2842615, 1641456349.435941, 1641456357.2616873, 1641456357.4302285, 1641456357.6001399, 1641456357.7566295, 1641456357.9285598, 1641456358.0813668, 1641456358.243731, 1641456366.1361804, 1641456366.2900066, 1641456366.4430313, 1641456366.5968182, 1641456366.749136, 1641456366.9022238, 1641456367.0543568, 1641456374.9441218, 1641456375.1196501, 1641456375.2923088, 1641456375.4606857, 1641456375.6169927, 1641456375.778536, 1641456375.9516141, 1641456383.7470455, 1641456383.9017572, 1641456384.0738122, 1641456384.229887, 1641456384.382754, 1641456384.5405438, 1641456384.6941192, 1641456392.5684545, 1641456392.7213027, 1641456392.8731523, 1641456393.0260262, 1641456393.1857767, 1641456393.3384678, 1641456393.5032945, 1641456401.380026, 1641456401.533391, 1641456401.687485, 1641456401.8444517, 1641456402.0017712, 1641456402.1541848, 1641456402.3076859, 1641456410.0854447, 1641456410.234138, 1641456410.3850155, 1641456410.534657, 1641456410.6856556, 1641456410.8376973, 1641456411.0027258, 1641456418.7867382, 1641456418.9381943, 1641456419.0886788, 1641456419.2435524, 1641456419.4126935, 1641456419.5722897, 1641456419.7501376, 1641456427.5101407, 1641456427.6607566, 1641456427.8167856, 1641456427.9693058, 1641456428.1496704, 1641456428.3020306, 1641456428.4514065, 1641456436.1547182, 1641456436.305212, 1641456436.4753523, 1641456436.653514, 1641456436.8043628, 1641456436.9565208, 1641456437.107928, 1641456444.9061434, 1641456445.0552115, 1641456445.246127, 1641456445.396557, 1641456445.544536, 1641456445.6937165, 1641456445.848203, 1641456453.672257, 1641456453.8375633, 1641456453.992896, 1641456454.1417341, 1641456454.2927685, 1641456454.4445412, 1641456454.608903, 1641456462.3701427, 1641456462.5206451, 1641456462.6721761, 1641456462.824071, 1641456462.976411, 1641456463.126143, 1641456463.2770598, 1641456471.0769255, 1641456471.2259448, 1641456471.3781176, 1641456471.5279882, 1641456471.694105, 1641456471.8571706, 1641456472.0083518, 1641456479.780231, 1641456479.933463, 1641456480.0826728, 1641456480.23154, 1641456480.3820488, 1641456480.5371888, 1641456480.6901698, 1641456488.4049733, 1641456488.5567656, 1641456488.7075937, 1641456488.8591096, 1641456489.010589, 1641456489.1612732, 1641456489.3123574, 1641456497.1018388, 1641456497.2536755, 1641456497.4053671, 1641456497.5589654, 1641456497.7088027, 1641456497.8584723, 1641456498.0105205, 1641456505.8014214, 1641456505.9535947, 1641456506.105851, 1641456506.2590625, 1641456506.4171402, 1641456506.5707777, 1641456506.7206306, 1641456514.4551442, 1641456514.6243064, 1641456514.7963076, 1641456514.9657862, 1641456515.132171, 1641456515.3038294, 1641456515.4774396, 1641456523.2767932, 1641456523.429047, 1641456523.5798187, 1641456523.732391, 1641456523.8832104, 1641456524.0351174, 1641456524.186529, 1641456532.0053031, 1641456532.156327, 1641456532.3081422, 1641456532.459813, 1641456532.609438, 1641456532.7626963, 1641456532.9141622, 1641456540.637245, 1641456540.7899728, 1641456540.9393852, 1641456541.0902908, 1641456541.239401, 1641456541.391315, 1641456541.5430999, 1641456549.3394442, 1641456549.4913335, 1641456549.6406224, 1641456549.792425, 1641456549.9434237, 1641456550.0956447, 1641456550.247038, 1641456558.0601552, 1641456558.2104843, 1641456558.3617895, 1641456558.512306, 1641456558.661944, 1641456558.838477, 1641456558.9892747],