{"initial_reset_timestamp": 1641469905.572678, "timestamps": [1641469908.8016407, 1641469909.0163352, 1641469909.3336663, 1641469909.6348398, 1641469909.9264846, 1641469910.2125888, 1641469912.26488, 1641469912.5508163, 1641469912.8303194, 1641469913.110966, 1641469913.3894897, 1641469913.6703436, 1641469913.9529157, 1641469916.5045056, 1641469917.561017, 1641469918.618125, 1641469919.683853, 1641469920.7766535, 1641469921.8415065, 1641469922.9151406, 1641469925.6884668, 1641469926.7543004, 1641469927.819396, 1641469928.8821177, 1641469929.948634, 1641469931.006237, 1641469933.7723548, 1641469934.8391159, 1641469935.9113026, 1641469936.9729435, 1641469938.0418057, 1641469939.1083903, 1641469940.1730654, 1641469942.9422443, 1641469944.012457, 1641469945.07752, 1641469946.144273, 1641469947.2125432, 1641469948.274882, 1641469949.3425915, 1641469952.128118, 1641469953.1961694, 1641469954.2571108, 1641469955.32282, 1641469956.3910553, 1641469957.4524195, 1641469960.3033433, 1641469961.370039, 1641469962.4362905, 1641469963.5028381, 1641469964.568856, 1641469965.6341968, 1641469966.6985996, 1641469969.4623437, 1641469970.5263312, 1641469971.597162, 1641469972.6537988, 1641469973.7088685, 1641469974.7667847, 1641469975.824709, 1641469978.5821962, 1641469979.6378844, 1641469980.6968799, 1641469981.7544296, 1641469982.8115203, 1641469983.8714483, 1641469986.7593288, 1641469987.8192413, 1641469988.8775575, 1641469989.9389827, 1641469990.9921894, 1641469992.0470533, 1641469993.1269388, 1641469995.904785, 1641469996.9619966, 1641469998.019478, 1641469999.0747945, 1641470000.1293464, 1641470001.2112184, 1641470002.2680004, 1641470004.993515, 1641470006.049221, 1641470007.1076615, 1641470008.1900926, 1641470009.2479022, 1641470010.3004715, 1641470013.0179346, 1641470014.0751758, 1641470015.1299195, 1641470016.2096043, 1641470017.2679276, 1641470018.3233998, 1641470019.3824472, 1641470022.2114294, 1641470023.2992897, 1641470024.3516247, 1641470025.4069893, 1641470026.466322, 1641470027.521438, 1641470028.5822349, 1641470031.4643264, 1641470032.516672, 1641470033.5619404, 1641470034.6087055, 1641470035.6510723, 1641470036.6949024, 1641470039.5511792, 1641470040.6021335, 1641470041.648058, 1641470042.6875596, 1641470043.7291176, 1641470044.7682867, 1641470045.8094676, 1641470048.6533904, 1641470049.6902807, 1641470050.7338855, 1641470051.7710147, 1641470052.80932, 1641470053.8484669, 1641470054.887851, 1641470057.6192925, 1641470058.6608303, 1641470059.6998422, 1641470060.7397614, 1641470061.784657, 1641470062.8276827, 1641470065.56003, 1641470066.6053636, 1641470067.6564338, 1641470068.7097545, 1641470069.7575986, 1641470070.8038294, 1641470071.8538828, 1641470074.610159, 1641470075.6563048, 1641470076.70633, 1641470077.752666, 1641470078.798562, 1641470079.8456168, 1641470080.8860636, 1641470083.5987933, 1641470084.6403668, 1641470085.6840253, 1641470086.7213693, 1641470087.7606964, 1641470088.7988486, 1641470091.5881412, 1641470092.6312447, 1641470093.6766324, 1641470094.7211008, 1641470095.7645001, 1641470096.8050141, 1641470097.847496, 1641470100.7611399, 1641470101.80408, 1641470102.8438194, 1641470103.9040105, 1641470104.9596574, 1641470106.0156767, 1641470107.0696793, 1641470109.92539, 1641470110.9805493, 1641470112.0360634, 1641470113.0905328, 1641470114.1440742, 1641470115.1995852, 1641470117.9934366, 1641470119.046214, 1641470120.1046598, 1641470121.1584938, 1641470122.210115, 1641470123.264324, 1641470124.3194606, 1641470127.1133013, 1641470128.1680942, 1641470129.2241805, 1641470130.2823071, 1641470131.339354, 1641470132.3947654, 1641470133.47509, 1641470136.3496878, 1641470137.4058914, 1641470138.4605823, 1641470139.545805, 1641470140.5992005, 1641470141.6537857, 1641470144.443484, 1641470145.4953516, 1641470146.5517168, 1641470147.6399791, 1641470148.6951137, 1641470149.7494195, 1641470150.803373, 1641470153.5988908, 1641470154.6836605, 1641470155.739099, 1641470156.7950017, 1641470157.8522506, 1641470158.9312453, 1641470159.9907017, 1641470162.9090803, 1641470163.9722931, 1641470165.0296192, 1641470166.082788, 1641470167.137915, 1641470168.195428, 1641470170.9809186, 1641470172.0385518, 1641470173.094703, 1641470174.1720033, 1641470175.2308238, 1641470176.2982876, 1641470177.3664136, 1641470180.2094612, 1641470181.2739956, 1641470182.3398094, 1641470183.4064596, 1641470184.469792, 1641470185.5337098, 1641470186.601359, 1641470189.4562507, 1641470190.5236354, 1641470191.5858405, 1641470192.6395385, 1641470193.6871197, 1641470194.7302325, 1641470197.6690037, 1641470198.712461, 1641470199.7514577, 1641470200.7950084, 1641470201.835376, 1641470202.8746588, 1641470203.9155293, 1641470206.6853046, 1641470207.727093, 1641470208.7659802, 1641470209.8038378, 1641470210.8420062, 1641470211.8838038, 1641470212.9226532, 1641470215.7077415, 1641470216.7435787, 1641470217.7839622, 1641470218.8245618, 1641470219.8625982, 1641470220.9023502, 1641470223.6855333, 1641470224.723632, 1641470225.7577412, 1641470226.8004677, 1641470227.8413472, 1641470228.8811848, 1641470229.9219117, 1641470232.6893475, 1641470233.730096, 1641470234.7684126, 1641470235.810955, 1641470236.851051, 1641470237.8892043, 1641470238.959501, 1641470241.7152822, 1641470242.7556815, 1641470243.7926474, 1641470244.8312428, 1641470245.8701425, 1641470246.935619, 1641470249.7135792, 1641470250.7527628, 1641470251.7924995, 1641470252.8297217, 1641470253.8948112, 1641470254.934117, 1641470255.9688642, 1641470258.6981494, 1641470259.7357543, 1641470260.7716126, 1641470261.838615, 1641470262.871641, 1641470263.909714, 1641470264.945987, 1641470267.6799161, 1641470268.7434154, 1641470269.7815657, 1641470270.8215778, 1641470271.8571436, 1641470272.889906, 1641470275.6856709, 1641470276.7608654, 1641470277.807577, 1641470278.8503242, 1641470279.8925831, 1641470280.9320273, 1641470281.977984, 1641470284.7566981, 1641470285.8031495, 1641470286.8510013, 1641470287.8975797, 1641470288.9465759, 1641470289.9920661, 1641470291.039289, 1641470293.8116188, 1641470294.8575933, 1641470295.9013195, 1641470296.9507115, 1641470297.9995854, 1641470299.0496097, 1641470301.9308698, 1641470302.9778743, 1641470304.0263329, 1641470305.0715997, 1641470306.1187654, 1641470307.1673973, 1641470308.2174492, 1641470311.0977635, 1641470312.1478894, 1641470313.1978152, 1641470314.2431397, 1641470315.2914965, 1641470316.3418212, 1641470317.3828528, 1641470320.1313229, 1641470321.1741407, 1641470322.2178864, 1641470323.2593734, 1641470324.3040168, 1641470325.3485203, 1641470328.2453318, 1641470329.2903392, 1641470330.3402576, 1641470331.3846788, 1641470332.4294624, 1641470333.4717228, 1641470334.515113],