{"initial_reset_timestamp": 1641469907.3980494, "timestamps": [1641469907.7224057, 1641469907.8849726, 1641469908.0495086, 1641469908.2119744, 1641469908.3737211, 1641469908.5361044, 1641469908.718089, 1641469911.1877203, 1641469911.3499293, 1641469911.514417, 1641469911.6772554, 1641469911.8439405, 1641469912.0343318, 1641469912.1951206, 1641469914.84653, 1641469915.008473, 1641469915.1741977, 1641469915.3373117, 1641469915.5251136, 1641469915.6895378, 1641469915.8520927, 1641469923.748326, 1641469923.9054961, 1641469924.0882084, 1641469924.239786, 1641469924.39372, 1641469924.54814, 1641469924.7022324, 1641469932.502208, 1641469932.6585026, 1641469932.8371577, 1641469932.992954, 1641469933.1452959, 1641469933.2980335, 1641469933.4525006, 1641469941.3671608, 1641469941.5212264, 1641469941.67335, 1641469941.8290057, 1641469941.9838185, 1641469942.1358204, 1641469942.2893243, 1641469950.2114272, 1641469950.3656337, 1641469950.518089, 1641469950.6735349, 1641469950.8324518, 1641469950.9892757, 1641469951.1428416, 1641469958.979293, 1641469959.1507788, 1641469959.3074906, 1641469959.4773476, 1641469959.6464024, 1641469959.8213458, 1641469959.984278, 1641469967.885446, 1641469968.0402522, 1641469968.195076, 1641469968.3495648, 1641469968.5042524, 1641469968.6573107, 1641469968.8116584, 1641469976.6888938, 1641469976.8419194, 1641469976.9968367, 1641469977.1487534, 1641469977.2998824, 1641469977.449485, 1641469977.6033418, 1641469985.4082508, 1641469985.5802138, 1641469985.752167, 1641469985.9261358, 1641469986.0986235, 1641469986.2709692, 1641469986.4416993, 1641469994.295835, 1641469994.4562168, 1641469994.613326, 1641469994.7707074, 1641469994.9368944, 1641469995.0939538, 1641469995.254522, 1641470003.1003067, 1641470003.252035, 1641470003.4039695, 1641470003.5570226, 1641470003.70955, 1641470003.861646, 1641470004.0169833, 1641470011.7910528, 1641470011.9432335, 1641470012.094843, 1641470012.246366, 1641470012.3976789, 1641470012.5494165, 1641470012.699563, 1641470020.558496, 1641470020.7233446, 1641470020.8897808, 1641470021.0617845, 1641470021.2276373, 1641470021.3926098, 1641470021.5625653, 1641470029.434672, 1641470029.6067228, 1641470029.7717614, 1641470029.948027, 1641470030.1210878, 1641470030.3212178, 1641470030.484989, 1641470038.190455, 1641470038.3595839, 1641470038.528512, 1641470038.697584, 1641470038.8673592, 1641470039.065365, 1641470039.2356634, 1641470046.973691, 1641470047.143073, 1641470047.313112, 1641470047.4831398, 1641470047.6798444, 1641470047.8465297, 1641470048.018442, 1641470055.710942, 1641470055.8654094, 1641470056.0473955, 1641470056.2006302, 1641470056.3524985, 1641470056.504597, 1641470056.6615748, 1641470064.2912016, 1641470064.4431975, 1641470064.6253295, 1641470064.782402, 1641470064.9357252, 1641470065.092003, 1641470065.2454126, 1641470073.0305905, 1641470073.1820395, 1641470073.3343568, 1641470073.491234, 1641470073.6585426, 1641470073.816018, 1641470073.9673605, 1641470081.7423263, 1641470081.8915691, 1641470082.0398662, 1641470082.1888201, 1641470082.3410654, 1641470082.4885914, 1641470082.6380572, 1641470090.3045049, 1641470090.4641376, 1641470090.6197255, 1641470090.7883115, 1641470090.946801, 1641470091.111848, 1641470091.2765799, 1641470099.0332887, 1641470099.1904671, 1641470099.3544323, 1641470099.5173197, 1641470099.6813343, 1641470099.7960289, 1641470099.960252, 1641470100.123172, 1641470107.9314568, 1641470108.1023803, 1641470108.2650843, 1641470108.4371543, 1641470108.6063251, 1641470108.7762222, 1641470108.9481945, 1641470116.7006, 1641470116.8665202, 1641470117.0261936, 1641470117.187973, 1641470117.3489604, 1641470117.511883, 1641470117.6738825, 1641470125.5083878, 1641470125.66613, 1641470125.8251848, 1641470125.9962144, 1641470126.152688, 1641470126.3109107, 1641470126.4665449, 1641470134.306071, 1641470134.403543, 1641470134.5698166, 1641470134.7330556, 1641470134.890661, 1641470135.0559442, 1641470135.2151597, 1641470135.3737159, 1641470143.1522083, 1641470143.311774, 1641470143.4696302, 1641470143.62594, 1641470143.7828944, 1641470143.9557297, 1641470144.1250517, 1641470151.9729996, 1641470152.1364284, 1641470152.2953615, 1641470152.4505064, 1641470152.623401, 1641470152.781776, 1641470152.9539182, 1641470160.8318985, 1641470160.9929245, 1641470161.1541612, 1641470161.2686467, 1641470161.426353, 1641470161.6154683, 1641470161.7764342, 1641470161.9354506, 1641470169.684713, 1641470169.844542, 1641470170.0079427, 1641470170.1666791, 1641470170.3514338, 1641470170.5089042, 1641470170.6640909, 1641470178.5434065, 1641470178.7047796, 1641470178.8973722, 1641470179.0643318, 1641470179.2268233, 1641470179.3880138, 1641470179.556622, 1641470187.4837887, 1641470187.6485224, 1641470187.8123047, 1641470187.9753697, 1641470188.1366346, 1641470188.3048697, 1641470188.4756792, 1641470196.233442, 1641470196.361238, 1641470196.5350814, 1641470196.693068, 1641470196.8664727, 1641470197.0344348, 1641470197.194417, 1641470197.3539371, 1641470205.095485, 1641470205.2506683, 1641470205.4096808, 1641470205.5664828, 1641470205.7220101, 1641470205.8933368, 1641470206.050015, 1641470213.7881532, 1641470213.9456618, 1641470214.105673, 1641470214.266013, 1641470214.4279087, 1641470214.5884836, 1641470214.7498019, 1641470222.4226475, 1641470222.5787132, 1641470222.7360747, 1641470222.894585, 1641470223.053809, 1641470223.2150667, 1641470223.3722365, 1641470231.1021137, 1641470231.2591853, 1641470231.4187293, 1641470231.5780993, 1641470231.734947, 1641470231.8956003, 1641470232.0550923, 1641470239.8006456, 1641470239.9594212, 1641470240.1195364, 1641470240.2836108, 1641470240.4441738, 1641470240.5981376, 1641470240.755833, 1641470248.4322553, 1641470248.591045, 1641470248.7572596, 1641470248.9186592, 1641470249.0785062, 1641470249.238929, 1641470249.3987265, 1641470257.1221027, 1641470257.2798786, 1641470257.4389138, 1641470257.5958524, 1641470257.7520146, 1641470257.9111097, 1641470258.0668814, 1641470265.7728574, 1641470265.9319546, 1641470266.090663, 1641470266.2480488, 1641470266.4043603, 1641470266.5616188, 1641470266.7243466, 1641470274.3677006, 1641470274.5381808, 1641470274.7074995, 1641470274.8788416, 1641470275.0478995, 1641470275.2174003, 1641470275.371229, 1641470283.1457589, 1641470283.3033, 1641470283.4606524, 1641470283.621353, 1641470283.7765434, 1641470283.961163, 1641470284.1200888, 1641470291.8737137, 1641470292.030954, 1641470292.1889331, 1641470292.348366, 1641470292.535512, 1641470292.6928222, 1641470292.8470416, 1641470300.5361943, 1641470300.6885004, 1641470300.8465486, 1641470300.984777, 1641470301.1404977, 1641470301.2987776, 1641470301.4548314, 1641470301.6144457, 1641470309.3812366, 1641470309.5704262, 1641470309.7279925, 1641470309.8862529, 1641470309.9826348, 1641470310.141342, 1641470310.2966201, 1641470310.4533415, 1641470318.241016, 1641470318.3992298, 1641470318.5620878, 1641470318.703227, 1641470318.8594975, 1641470319.0184822, 1641470319.174273, 1641470326.8582876, 1641470327.0180893, 1641470327.1403725, 1641470327.300624, 1641470327.4596584, 1641470327.6150336, 1641470327.7729044, 1641470327.9308503],