{"initial_reset_timestamp": 1641468493.5514011, "timestamps": [1641468496.8927095, 1641468497.1061733, 1641468497.4243271, 1641468497.7231917, 1641468498.0092015, 1641468498.2929878, 1641468500.2837427, 1641468500.5646675, 1641468500.8494525, 1641468501.1301885, 1641468501.4084475, 1641468501.6848896, 1641468501.96317, 1641468504.4407878, 1641468505.4754584, 1641468506.512488, 1641468507.5454485, 1641468508.5940795, 1641468509.635836, 1641468510.67795, 1641468513.4449449, 1641468514.48462, 1641468515.522246, 1641468516.563128, 1641468517.5977528, 1641468518.632299, 1641468521.401308, 1641468522.4457407, 1641468523.489242, 1641468524.5263155, 1641468525.5700715, 1641468526.607074, 1641468527.6442358, 1641468530.1828406, 1641468531.219506, 1641468532.252186, 1641468533.287638, 1641468534.3220549, 1641468535.3603804, 1641468536.3971026, 1641468539.177204, 1641468540.2143793, 1641468541.250153, 1641468542.288547, 1641468543.3255165, 1641468544.3635154, 1641468547.1212494, 1641468548.1612709, 1641468549.1988094, 1641468550.2373104, 1641468551.2759979, 1641468552.3139496, 1641468553.3453908, 1641468556.1118178, 1641468557.1484325, 1641468558.185268, 1641468559.2267714, 1641468560.262732, 1641468561.2991793, 1641468562.336362, 1641468565.1478739, 1641468566.1925852, 1641468567.2274735, 1641468568.2694118, 1641468569.3121843, 1641468570.3633668, 1641468573.1555827, 1641468574.1918435, 1641468575.222031, 1641468576.2527382, 1641468577.2854195, 1641468578.3158464, 1641468579.3474271, 1641468582.0987973, 1641468583.1274445, 1641468584.1481771, 1641468585.1729538, 1641468586.202458, 1641468587.229079, 1641468588.281263, 1641468591.0345826, 1641468592.0627897, 1641468593.0950618, 1641468594.1265783, 1641468595.156685, 1641468596.216809, 1641468599.0196064, 1641468600.060257, 1641468601.10833, 1641468602.1498044, 1641468603.169915, 1641468604.2159865, 1641468605.2611706, 1641468608.0175657, 1641468609.0603251, 1641468610.1285074, 1641468611.1623862, 1641468612.2045755, 1641468613.239934, 1641468614.2769794, 1641468617.0224364, 1641468618.088192, 1641468619.1282148, 1641468620.1676595, 1641468621.2085638, 1641468622.2441058, 1641468623.166726, 1641468625.978845, 1641468627.0191817, 1641468628.0610263, 1641468629.1049147, 1641468630.1452205, 1641468631.1837494, 1641468633.9568992, 1641468634.9942589, 1641468636.0343277, 1641468637.0722966, 1641468638.1091795, 1641468639.1499376, 1641468640.1926718, 1641468642.9855175, 1641468644.0254095, 1641468645.0670903, 1641468646.112019, 1641468647.1560907, 1641468648.198352, 1641468649.2465837, 1641468652.0412376, 1641468653.0871985, 1641468654.1301968, 1641468655.176316, 1641468656.2170389, 1641468657.2591155, 1641468660.0869067, 1641468661.132461, 1641468662.1797135, 1641468663.2219524, 1641468664.267897, 1641468665.3077698, 1641468666.3503606, 1641468669.1969557, 1641468670.238545, 1641468671.280562, 1641468672.3233914, 1641468673.3643389, 1641468674.4031188, 1641468675.4454513, 1641468678.2765656, 1641468679.3172908, 1641468680.3593762, 1641468681.3994017, 1641468682.4436977, 1641468683.4892824, 1641468686.332125, 1641468687.3736339, 1641468688.4151986, 1641468689.4572783, 1641468690.4980514, 1641468691.5374782, 1641468692.5821, 1641468695.332632, 1641468696.376073, 1641468697.4179854, 1641468698.4619944, 1641468699.5074015, 1641468700.5564697, 1641468701.5959723, 1641468704.5599153, 1641468705.6042728, 1641468706.6433382, 1641468707.6824982, 1641468708.726857, 1641468709.7965453, 1641468712.6102142, 1641468713.653155, 1641468714.695237, 1641468715.7369962, 1641468716.7768116, 1641468717.8468907, 1641468718.8896446, 1641468721.6999629, 1641468722.743208, 1641468723.7858202, 1641468724.860112, 1641468725.9013708, 1641468726.9428232, 1641468727.9877803, 1641468730.807108, 1641468731.538593, 1641468732.5766406, 1641468733.61627, 1641468734.6549966, 1641468735.698058, 1641468736.7314696, 1641468739.5613813, 1641468740.5977795, 1641468741.6376283, 1641468742.6763434, 1641468743.714863, 1641468744.7532465, 1641468747.5986378, 1641468748.6376123, 1641468749.6745098, 1641468750.7169642, 1641468751.7578382, 1641468752.8006587, 1641468753.844446, 1641468756.678216, 1641468757.7206147, 1641468758.765387, 1641468759.8094115, 1641468760.8543422, 1641468761.9002821, 1641468762.9477954, 1641468765.8414745, 1641468766.8831038, 1641468767.9296205, 1641468768.9776697, 1641468770.0210154, 1641468771.0655298, 1641468773.9051929, 1641468774.947371, 1641468775.990054, 1641468777.0321515, 1641468778.074521, 1641468779.1155767, 1641468780.158651, 1641468782.9953737, 1641468784.0390797, 1641468785.0841188, 1641468786.12943, 1641468787.1741195, 1641468788.2226658, 1641468789.2599602, 1641468792.246531, 1641468793.2893596, 1641468794.3343945, 1641468795.376655, 1641468796.4221609, 1641468797.4618483, 1641468800.3167071, 1641468801.3600795, 1641468802.3462777, 1641468803.0733354, 1641468804.1170661, 1641468805.1635044, 1641468806.204626, 1641468808.9325442, 1641468809.9760249, 1641468811.021913, 1641468812.0652504, 1641468813.1132872, 1641468814.1551154, 1641468815.195961, 1641468818.0138955, 1641468819.0598755, 1641468820.1021235, 1641468821.1471145, 1641468822.1940196, 1641468823.2313771, 1641468824.299346, 1641468827.1156192, 1641468828.1568258, 1641468829.1993718, 1641468830.24263, 1641468831.311217, 1641468832.3541965, 1641468835.1402478, 1641468836.1819563, 1641468837.2231913, 1641468838.2619872, 1641468839.328841, 1641468840.3692176, 1641468841.4097297, 1641468844.2045035, 1641468845.244141, 1641468846.3121545, 1641468847.3501477, 1641468848.3878121, 1641468849.4320807, 1641468850.4748986, 1641468853.2572205, 1641468854.326443, 1641468855.3709064, 1641468856.4181917, 1641468857.4591382, 1641468858.503142, 1641468861.3544242, 1641468862.3995943, 1641468863.443739, 1641468864.4847498, 1641468865.5281823, 1641468866.5713813, 1641468867.616021, 1641468870.46877, 1641468871.5094006, 1641468872.549582, 1641468873.5862048, 1641468874.624568, 1641468875.6657352, 1641468876.7037141, 1641468879.5243497, 1641468880.5808353, 1641468881.6345117, 1641468882.6885147, 1641468883.7464454, 1641468884.8024342, 1641468887.5559964, 1641468888.6116455, 1641468889.6643338, 1641468890.718976, 1641468891.7752402, 1641468892.8299408, 1641468893.8816626, 1641468896.8036637, 1641468897.8556664, 1641468898.9080925, 1641468899.9598365, 1641468901.0155234, 1641468902.0878336, 1641468903.1459017, 1641468905.936606, 1641468906.996916, 1641468908.0565557, 1641468909.1115394, 1641468910.16874, 1641468911.224111, 1641468914.0142436, 1641468915.0689192, 1641468916.1239066, 1641468917.1785882, 1641468918.23512, 1641468919.2885818, 1641468920.3429863],