{"initial_reset_timestamp": 1641468495.5423837, "timestamps": [1641468495.8614287, 1641468496.0190368, 1641468496.179343, 1641468496.3375459, 1641468496.4953444, 1641468496.6509533, 1641468496.8273337, 1641468499.2409737, 1641468499.397938, 1641468499.5564966, 1641468499.715079, 1641468499.873981, 1641468500.0578818, 1641468500.2141, 1641468502.8353412, 1641468502.9925406, 1641468503.1513226, 1641468503.3080513, 1641468503.489688, 1641468503.6489475, 1641468503.805913, 1641468511.504699, 1641468511.6679363, 1641468511.8527756, 1641468512.013721, 1641468512.171423, 1641468512.3270662, 1641468512.4847667, 1641468520.0968533, 1641468520.2589989, 1641468520.445772, 1641468520.606355, 1641468520.7689648, 1641468520.9301484, 1641468521.0896199, 1641468528.8294244, 1641468528.9908826, 1641468529.151332, 1641468529.3192394, 1641468529.4887056, 1641468529.6543155, 1641468529.817375, 1641468537.5263631, 1641468537.6880364, 1641468537.8490453, 1641468538.013668, 1641468538.1760893, 1641468538.3339796, 1641468538.4937582, 1641468546.123058, 1641468546.2814114, 1641468546.439987, 1641468546.5987031, 1641468546.7582216, 1641468546.919483, 1641468547.078188, 1641468554.7933068, 1641468554.9519172, 1641468555.1115878, 1641468555.2695608, 1641468555.4293962, 1641468555.5907476, 1641468555.7495837, 1641468563.474257, 1641468563.639198, 1641468563.8040922, 1641468563.9682326, 1641468564.1317782, 1641468564.294251, 1641468564.4590602, 1641468572.1460946, 1641468572.3048365, 1641468572.4659662, 1641468572.6281815, 1641468572.7889874, 1641468572.9516344, 1641468573.1131532, 1641468580.7798412, 1641468580.9403036, 1641468581.0983114, 1641468581.2576075, 1641468581.4165704, 1641468581.5781224, 1641468581.7350163, 1641468589.3762538, 1641468589.538713, 1641468589.7015412, 1641468589.8656125, 1641468590.0274067, 1641468590.1889932, 1641468590.3514247, 1641468597.9727097, 1641468598.1356854, 1641468598.3018613, 1641468598.4742396, 1641468598.6420522, 1641468598.8104599, 1641468598.9767916, 1641468606.7427557, 1641468606.9026086, 1641468607.063221, 1641468607.2250087, 1641468607.3820086, 1641468607.5416737, 1641468607.7022512, 1641468615.4247684, 1641468615.5875974, 1641468615.7470624, 1641468615.9055624, 1641468616.0649118, 1641468616.224222, 1641468616.3876913, 1641468624.1213489, 1641468624.2869856, 1641468624.449988, 1641468624.6162238, 1641468624.779834, 1641468624.9698677, 1641468625.1339672, 1641468632.7784588, 1641468632.9356902, 1641468633.095167, 1641468633.2533782, 1641468633.4388356, 1641468633.6007776, 1641468633.7589958, 1641468641.4638224, 1641468641.6267815, 1641468641.8154805, 1641468641.9766734, 1641468642.137827, 1641468642.3026736, 1641468642.462463, 1641468650.2266083, 1641468650.3871713, 1641468650.5502102, 1641468650.7112703, 1641468650.8729608, 1641468651.0330474, 1641468651.1939864, 1641468658.8807197, 1641468659.0482802, 1641468659.2147439, 1641468659.379967, 1641468659.5514128, 1641468659.7199383, 1641468659.8889267, 1641468667.657349, 1641468667.8266745, 1641468667.9958522, 1641468668.1647081, 1641468668.3349864, 1641468668.5045803, 1641468668.6761913, 1641468676.432308, 1641468676.5976496, 1641468676.7629476, 1641468676.927811, 1641468677.0955908, 1641468677.2609692, 1641468677.430183, 1641468685.1117806, 1641468685.283367, 1641468685.4544597, 1641468685.627468, 1641468685.7959726, 1641468685.9649434, 1641468686.1327937, 1641468693.868001, 1641468694.029823, 1641468694.184065, 1641468694.3366096, 1641468694.50068, 1641468694.6599963, 1641468694.8108177, 1641468702.5606508, 1641468702.732631, 1641468702.903375, 1641468703.0748067, 1641468703.2468803, 1641468703.3727732, 1641468703.5401995, 1641468703.712578, 1641468711.3901374, 1641468711.5601017, 1641468711.732565, 1641468711.901654, 1641468712.0713625, 1641468712.2406514, 1641468712.4105191, 1641468720.1612027, 1641468720.3289716, 1641468720.4994128, 1641468720.6723228, 1641468720.8416932, 1641468721.0099084, 1641468721.1793966, 1641468728.9417107, 1641468729.110983, 1641468729.2811275, 1641468729.4508848, 1641468729.6247153, 1641468729.793915, 1641468729.9643393, 1641468737.691767, 1641468737.8594089, 1641468738.02746, 1641468738.1957235, 1641468738.3644037, 1641468738.5636802, 1641468738.7360086, 1641468746.3688116, 1641468746.539306, 1641468746.712143, 1641468746.8814814, 1641468747.0491168, 1641468747.2459831, 1641468747.4137862, 1641468755.1338825, 1641468755.3010926, 1641468755.4663856, 1641468755.665301, 1641468755.8335912, 1641468756.0009367, 1641468756.1667187, 1641468763.8808706, 1641468764.048255, 1641468764.2467523, 1641468764.4167545, 1641468764.5857956, 1641468764.7474227, 1641468764.8854656, 1641468765.004483, 1641468772.699784, 1641468772.8695586, 1641468773.038677, 1641468773.2069268, 1641468773.3770137, 1641468773.5469198, 1641468773.7192132, 1641468781.4778366, 1641468781.647558, 1641468781.813796, 1641468781.9802527, 1641468782.1483943, 1641468782.313926, 1641468782.482416, 1641468790.2613358, 1641468790.3873467, 1641468790.5560951, 1641468790.7290292, 1641468790.9010708, 1641468791.070316, 1641468791.2412026, 1641468791.4115868, 1641468799.1071186, 1641468799.27788, 1641468799.449241, 1641468799.6179893, 1641468799.790026, 1641468799.9610276, 1641468800.1319065, 1641468807.886241, 1641468808.0362816, 1641468808.186018, 1641468808.3368123, 1641468808.4911935, 1641468808.6432052, 1641468808.7976606, 1641468816.5535915, 1641468816.722245, 1641468816.892227, 1641468817.0595627, 1641468817.2272067, 1641468817.3895144, 1641468817.5559454, 1641468825.3198674, 1641468825.4889028, 1641468825.659588, 1641468825.8313546, 1641468825.9993563, 1641468826.1674278, 1641468826.3352606, 1641468834.0143256, 1641468834.1808724, 1641468834.3458476, 1641468834.5094643, 1641468834.675657, 1641468834.838238, 1641468835.0063357, 1641468842.7584004, 1641468842.9230201, 1641468843.0874276, 1641468843.2564948, 1641468843.4133215, 1641468843.5824757, 1641468843.7486038, 1641468851.4815507, 1641468851.6355932, 1641468851.8063848, 1641468851.9778147, 1641468852.1373215, 1641468852.305276, 1641468852.4741132, 1641468860.1692574, 1641468860.3402822, 1641468860.5116477, 1641468860.6812634, 1641468860.854773, 1641468861.0241325, 1641468861.2201412, 1641468868.9671595, 1641468869.1295314, 1641468869.2980428, 1641468869.468662, 1641468869.6676426, 1641468869.840634, 1641468870.0118446, 1641468877.7259562, 1641468877.893903, 1641468878.0543864, 1641468878.2481318, 1641468878.411078, 1641468878.5728657, 1641468878.7353692, 1641468886.4578748, 1641468886.6149206, 1641468886.776403, 1641468886.9379134, 1641468887.1071444, 1641468887.2621396, 1641468887.4204338, 1641468895.2241879, 1641468895.410611, 1641468895.578381, 1641468895.7370214, 1641468895.9004288, 1641468896.0294535, 1641468896.1858552, 1641468896.3407218, 1641468904.195522, 1641468904.3544767, 1641468904.5128353, 1641468904.6737695, 1641468904.8180778, 1641468904.979197, 1641468905.1369195, 1641468912.9229972, 1641468913.0830529, 1641468913.2402506, 1641468913.3996668, 1641468913.562606, 1641468913.7194784, 1641468913.8789213],