{"initial_reset_timestamp": 1641477216.6370614, "timestamps": [1641477216.9824858, 1641477217.161259, 1641477217.3609416, 1641477217.541514, 1641477217.722701, 1641477217.9046824, 1641477218.0851169, 1641477218.2642937, 1641477218.4467287, 1641477218.628989, 1641477221.9570727, 1641477222.1376753, 1641477222.319561, 1641477222.4979525, 1641477222.6762886, 1641477222.8549044, 1641477223.0365758, 1641477223.2169518, 1641477223.431678, 1641477223.6121385, 1641477227.022677, 1641477227.2033901, 1641477227.3862667, 1641477227.5667186, 1641477227.7461388, 1641477227.9603388, 1641477228.1415288, 1641477228.3226862, 1641477228.5031335, 1641477228.6831164, 1641477237.403849, 1641477237.5902646, 1641477237.8099058, 1641477237.9981437, 1641477238.1840537, 1641477238.3719456, 1641477238.5587282, 1641477238.743424, 1641477238.9313374, 1641477239.1226623, 1641477247.8215122, 1641477248.0085506, 1641477248.194631, 1641477248.3804054, 1641477248.5680282, 1641477248.7558506, 1641477248.9432466, 1641477249.1319184, 1641477249.3513818, 1641477249.5386245, 1641477258.188231, 1641477258.3742702, 1641477258.5610352, 1641477258.7469397, 1641477258.9325461, 1641477259.1538727, 1641477259.3394892, 1641477259.5262473, 1641477259.714341, 1641477259.9015777, 1641477268.4152465, 1641477268.5976171, 1641477268.8070793, 1641477268.981964, 1641477269.1554468, 1641477269.326598, 1641477269.5017512, 1641477269.678742, 1641477269.8525023, 1641477270.0309546, 1641477278.5231926, 1641477278.7066994, 1641477278.8900802, 1641477279.0751746, 1641477279.257528, 1641477279.4422004, 1641477279.630444, 1641477279.814838, 1641477280.0331452, 1641477280.2162266, 1641477288.6698666, 1641477288.8533194, 1641477289.0392451, 1641477289.225502, 1641477289.4086437, 1641477289.6273444, 1641477289.8118353, 1641477289.993518, 1641477290.1756036, 1641477290.3598213, 1641477298.8563008, 1641477299.0336452, 1641477299.250639, 1641477299.4263172, 1641477299.6091483, 1641477299.7933187, 1641477299.9778638, 1641477300.1627278, 1641477300.3449798, 1641477300.529455, 1641477309.0439243, 1641477309.215881, 1641477309.3862514, 1641477309.5572574, 1641477309.7277148, 1641477309.9002035, 1641477310.072293, 1641477310.2442439, 1641477310.4490569, 1641477310.6193585, 1641477319.114061, 1641477319.2851517, 1641477319.4571848, 1641477319.6284103, 1641477319.7997122, 1641477320.004429, 1641477320.176842, 1641477320.3484638, 1641477320.521725, 1641477320.6939883, 1641477329.1851976, 1641477329.389418, 1641477329.5607502, 1641477329.731697, 1641477329.9017234, 1641477330.073195, 1641477330.242382, 1641477330.4136212, 1641477330.5825086, 1641477330.7568195, 1641477339.3930595, 1641477339.569025, 1641477339.7459257, 1641477339.92055, 1641477340.0955086, 1641477340.2696714, 1641477340.443886, 1641477340.6196146, 1641477340.8308213, 1641477341.0042994, 1641477349.6847363, 1641477349.871864, 1641477350.060189, 1641477350.2468011, 1641477350.4663086, 1641477350.6551228, 1641477350.842056, 1641477351.028105, 1641477351.2163916, 1641477351.4045627, 1641477360.084934, 1641477360.3063667, 1641477360.492947, 1641477360.6807117, 1641477360.864742, 1641477361.050479, 1641477361.2389433, 1641477361.4261904, 1641477361.6140692, 1641477361.8013818, 1641477370.5204782, 1641477370.7051163, 1641477370.8934252, 1641477371.0802863, 1641477371.2703876, 1641477371.4542263, 1641477371.6425693, 1641477371.8314862, 1641477372.0535982, 1641477372.2411392, 1641477380.9302495, 1641477381.1049042, 1641477381.2778335, 1641477381.4535046, 1641477381.6630936, 1641477381.8366826, 1641477382.01203, 1641477382.1875684, 1641477382.3629606, 1641477382.537577, 1641477391.2444475, 1641477391.4652903, 1641477391.648485, 1641477391.8341603, 1641477392.0197215, 1641477392.203304, 1641477392.3870094, 1641477392.5702016, 1641477392.7542617, 1641477392.9429116, 1641477401.6847057, 1641477401.8672755, 1641477402.0446126, 1641477402.2297254, 1641477402.4143994, 1641477402.6034782, 1641477402.785385, 1641477402.996383, 1641477403.1817758, 1641477403.3600404, 1641477412.0693548, 1641477412.2455919, 1641477412.4180439, 1641477412.5942597, 1641477412.8038466, 1641477412.978709, 1641477413.1515198, 1641477413.3238635, 1641477413.4987445, 1641477413.6729429, 1641477422.3784924, 1641477422.5860457, 1641477422.7619681, 1641477422.9370637, 1641477423.111697, 1641477423.2853866, 1641477423.459592, 1641477423.6353283, 1641477423.810714, 1641477423.9886475, 1641477432.7293842, 1641477432.9054272, 1641477433.0818858, 1641477433.25716, 1641477433.432031, 1641477433.606314, 1641477433.7831724, 1641477433.9938102, 1641477434.168213, 1641477434.3436253, 1641477443.0479543, 1641477443.2339463, 1641477443.4207857, 1641477443.6083467, 1641477443.8315797, 1641477444.0191934, 1641477444.2051563, 1641477444.3912857, 1641477444.5769172, 1641477444.7636213, 1641477453.526455, 1641477453.7096624, 1641477453.8963277, 1641477454.0815063, 1641477454.26316, 1641477454.4460204, 1641477454.6293292, 1641477454.8148215, 1641477455.001591, 1641477455.1885972, 1641477464.0455062, 1641477464.2343526, 1641477464.4187756, 1641477464.6037152, 1641477464.7883897, 1641477464.9723551, 1641477465.191072, 1641477465.3775835, 1641477465.560101, 1641477465.7441244, 1641477474.4264224, 1641477474.6088734, 1641477474.8317583, 1641477475.0170517, 1641477475.2079673, 1641477475.3975427, 1641477475.5807085, 1641477475.7634199, 1641477475.9486194, 1641477476.131848, 1641477484.6960168, 1641477484.8679132, 1641477485.0410202, 1641477485.2132168, 1641477485.383943, 1641477485.556458, 1641477485.7318478, 1641477485.9085724, 1641477486.0811756, 1641477486.2889478, 1641477494.817091, 1641477495.0031483, 1641477495.181129, 1641477495.3647, 1641477495.546099, 1641477495.7334712, 1641477495.9530041, 1641477496.1396668, 1641477496.3228147, 1641477496.5013077, 1641477505.1907892, 1641477505.400148, 1641477505.573883, 1641477505.749464, 1641477505.9228797, 1641477506.0962229, 1641477506.270287, 1641477506.4413972, 1641477506.6127608, 1641477506.7858706, 1641477515.4042962, 1641477515.5898392, 1641477515.7760916, 1641477515.9565291, 1641477516.1438155, 1641477516.3290284, 1641477516.507323, 1641477516.693367, 1641477516.914391, 1641477517.1002707, 1641477525.677378, 1641477525.85237, 1641477526.0265496, 1641477526.1995358, 1641477526.3729365, 1641477526.5808272, 1641477526.7539396, 1641477526.9247088, 1641477527.0972655, 1641477527.2713678, 1641477535.8607168, 1641477536.080337, 1641477536.262526, 1641477536.4500732, 1641477536.6354127, 1641477536.8211727, 1641477536.9997602, 1641477537.1839056, 1641477537.3686566, 1641477537.5503035, 1641477546.200704, 1641477546.3497572, 1641477546.5068636, 1641477546.660538, 1641477546.8250074, 1641477546.970959, 1641477547.1585186, 1641477547.3425179, 1641477547.541787, 1641477547.7019715, 1641477547.882847, 1641477548.062775, 1641477548.246533, 1641477548.433868, 1641477557.1985161, 1641477557.3852062, 1641477557.571646, 1641477557.7582316, 1641477557.9453657, 1641477558.1326232, 1641477558.3178651, 1641477558.5031283, 1641477558.6873004, 1641477558.8729756, 1641477567.52426, 1641477567.700372, 1641477567.8770103, 1641477568.0499659, 1641477568.2240052, 1641477568.398306, 1641477568.5806832, 1641477568.7927623, 1641477568.9711335, 1641477569.1557412, 1641477577.8841388, 1641477578.0379543, 1641477578.1902158, 1641477578.3897073, 1641477578.5380516, 1641477578.7252097, 1641477578.8698409, 1641477579.0156498, 1641477579.1678247, 1641477579.3333428, 1641477579.4782012, 1641477579.6647165, 1641477579.8296063, 1641477580.0270886, 1641477580.1712396, 1641477580.3256564, 1641477580.51275, 1641477589.1385257, 1641477589.3256812, 1641477589.5137837, 1641477589.7331257, 1641477589.9214346, 1641477590.0991557, 1641477590.2850833, 1641477590.4718218, 1641477590.658019, 1641477590.819987, 1641477591.0074618, 1641477599.819618, 1641477599.9944468, 1641477600.1685174, 1641477600.3434346, 1641477600.5190725, 1641477600.6916285, 1641477600.866793, 1641477601.0763862, 1641477601.2498353, 1641477601.4245205, 