{"initial_reset_timestamp": 1641477214.7657769, "timestamps": [1641477218.6896033, 1641477218.8523154, 1641477219.0987377, 1641477219.4261487, 1641477219.6973836, 1641477219.9664593, 1641477220.2356918, 1641477220.5006473, 1641477220.763967, 1641477221.0266516, 1641477223.7578812, 1641477224.0179589, 1641477224.278949, 1641477224.5412984, 1641477224.7994103, 1641477225.057572, 1641477225.3141553, 1641477225.572474, 1641477225.8309977, 1641477226.1257377, 1641477229.3445609, 1641477230.1369226, 1641477230.9236891, 1641477231.7119036, 1641477232.495901, 1641477233.2782087, 1641477234.1047592, 1641477234.894789, 1641477235.6824687, 1641477236.4723074, 1641477239.7834742, 1641477240.5724921, 1641477241.3593178, 1641477242.1762407, 1641477242.9589283, 1641477243.74434, 1641477244.5276256, 1641477245.3115182, 1641477246.0904043, 1641477246.8740437, 1641477250.1941612, 1641477250.9728928, 1641477251.7578604, 1641477252.5415373, 1641477253.3264332, 1641477254.1104374, 1641477254.8944032, 1641477255.6792617, 1641477256.4620335, 1641477257.2761743, 1641477260.559642, 1641477261.3342407, 1641477262.0993564, 1641477262.872173, 1641477263.6449797, 1641477264.4103074, 1641477265.214869, 1641477265.9814887, 1641477266.7550938, 1641477267.522294, 1641477270.6697779, 1641477271.4399214, 1641477272.2067015, 1641477273.0142033, 1641477273.7807972, 1641477274.5419428, 1641477275.304091, 1641477276.0693698, 1641477276.833935, 1641477277.59842, 1641477280.854951, 1641477281.620027, 1641477282.3811917, 1641477283.1427953, 1641477283.9066725, 1641477284.6686158, 1641477285.4305587, 1641477286.1953244, 1641477286.959044, 1641477287.7570546, 1641477291.001355, 1641477291.765965, 1641477292.532732, 1641477293.2982106, 1641477294.0695899, 1641477294.8402178, 1641477295.648479, 1641477296.416635, 1641477297.1823962, 1641477297.952806, 1641477301.1684365, 1641477301.9338033, 1641477302.7013996, 1641477303.5044737, 1641477304.2722921, 1641477305.0435443, 1641477305.8104858, 1641477306.579108, 1641477307.344731, 1641477308.1123543, 1641477311.261754, 1641477312.0348995, 1641477312.8054864, 1641477313.5733347, 1641477314.342238, 1641477315.1102774, 1641477315.8773837, 1641477316.6436071, 1641477317.4156187, 1641477318.2174625, 1641477321.3349988, 1641477322.1024334, 1641477322.8687537, 1641477323.6344063, 1641477324.40077, 1641477325.169303, 1641477325.975564, 1641477326.7453854, 1641477327.5160458, 1641477328.288654, 1641477331.4000967, 1641477332.1729379, 1641477332.9782917, 1641477333.746444, 1641477334.5161254, 1641477335.3019931, 1641477336.0908773, 1641477336.8804588, 1641477337.6693273, 1641477338.4526625, 1641477341.6618333, 1641477342.444871, 1641477343.2323854, 1641477344.0142028, 1641477344.8041954, 1641477345.5903153, 1641477346.3768003, 1641477347.1605942, 1641477347.9434283, 1641477348.7629092, 1641477352.0626397, 1641477352.846604, 1641477353.6299403, 1641477354.414389, 1641477355.1991758, 1641477356.0213754, 1641477356.8051822, 1641477357.5886517, 1641477358.3733296, 1641477359.1573951, 1641477362.460139, 1641477363.2416322, 1641477364.0639853, 1641477364.8468914, 1641477365.6319356, 1641477366.4178452, 1641477367.2019393, 1641477367.990029, 1641477368.775548, 1641477369.560516, 1641477372.901206, 1641477373.6877642, 1641477374.4723198, 1641477375.2610574, 1641477376.0464623, 1641477376.8342435, 1641477377.6170766, 1641477378.4032793, 1641477379.1898484, 1641477380.0136008, 1641477383.1991997, 1641477383.9857438, 1641477384.7737927, 1641477385.561216, 1641477386.3493493, 1641477387.1745615, 1641477387.9607177, 1641477388.747115, 1641477389.5346615, 1641477390.3196993, 1641477393.6004584, 1641477394.3883295, 1641477395.21854, 1641477396.0065556, 1641477396.796041, 1641477397.5849385, 1641477398.3688872, 1641477399.1554513, 1641477399.942402, 1641477400.7327404, 1641477404.018821, 1641477404.8022594, 1641477405.589095, 1641477406.3771577, 1641477407.1655464, 1641477407.9740245, 1641477408.7641163, 1641477409.5500782, 1641477410.3739355, 1641477411.1625552, 1641477414.3315256, 1641477415.11876, 1641477415.9040413, 1641477416.691041, 1641477417.478109, 1641477418.3065844, 1641477419.0938673, 1641477419.8836489, 1641477420.6764867, 1641477421.4638178, 1641477424.6388898, 1641477425.422567, 1641477426.2475307, 1641477427.032519, 1641477427.8204987, 1641477428.6302607, 1641477429.418659, 1641477430.2060041, 1641477430.9913359, 1641477431.774015, 1641477434.9997728, 1641477435.7878973, 1641477436.5752633, 1641477437.3611386, 1641477438.1426737, 1641477438.9329848, 1641477439.720217, 1641477440.5074408, 1641477441.3316233, 1641477442.1185036, 1641477445.4206772, 1641477446.2088919, 1641477446.996041, 1641477447.7796001, 1641477448.566526, 1641477449.4138868, 1641477450.2006528, 1641477450.9906137, 1641477451.7797093, 1641477452.566758, 1641477455.6624308, 1641477456.489304, 1641477457.2790754, 1641477458.0654056, 1641477458.8468482, 1641477459.6338062, 1641477460.0928922, 1641477460.8801079, 1641477461.6659403, 1641477462.448683, 1641477462.9156086, 1641477466.2354763, 1641477467.0199401, 1641477467.803944, 1641477468.5905337, 1641477469.3794475, 1641477470.1597679, 1641477470.9467363, 1641477471.7724268, 1641477472.5566626, 1641477473.3412764, 1641477476.6193714, 1641477477.4038064, 1641477478.17842, 1641477478.9836698, 1641477479.7610145, 1641477480.5336347, 1641477481.2987337, 1641477482.067919, 1641477482.8389847, 1641477483.6074946, 1641477486.7650204, 1641477487.5340564, 1641477487.9808717, 1641477488.7491245, 1641477489.515483, 1641477490.2837176, 1641477491.0533817, 1641477491.8289995, 1641477492.6095064, 1641477493.3849287, 1641477496.6553347, 1641477497.434079, 1641477498.2062254, 1641477498.985401, 1641477499.5206947, 1641477500.2979372, 1641477501.0741842, 1641477501.8877845, 1641477502.6634414, 1641477503.4405391, 1641477504.2133532, 1641477507.356833, 1641477508.128689, 1641477508.9455335, 1641477509.7222025, 1641477510.4970105, 1641477511.2760236, 1641477512.0503259, 1641477512.8274307, 1641477513.6059113, 1641477514.3806765, 1641477517.6702504, 1641477518.4452956, 1641477519.2243402, 1641477519.9991827, 1641477520.7840889, 1641477521.5607967, 1641477522.3378868, 1641477523.1112983, 1641477523.8881783, 1641477524.6968958, 1641477527.844064, 1641477528.6209471, 1641477529.4017253, 1641477530.1769423, 1641477530.951626, 1641477531.7263362, 1641477532.5427139, 1641477533.3168159, 1641477534.0838132, 1641477534.8627987, 1641477538.1078746, 1641477538.8146589, 1641477539.6321876, 1641477540.4114747, 1641477541.1933355, 1641477541.9729218, 1641477542.7491062, 1641477543.5285275, 1641477544.2901728, 1641477545.07449, 1641477548.8975272, 1641477549.6741455, 1641477550.4602582, 1641477551.236463, 1641477552.0076637, 1641477552.8318973, 1641477553.515332, 1641477553.9203384, 1641477554.6998398, 1641477555.4786305, 1641477556.2565012, 1641477559.524755, 1641477560.3026826, 1641477561.0796545, 1641477561.8614962, 1641477562.640552, 1641477563.1181872, 1641477563.9002662, 1641477564.6785405, 1641477565.4566689, 1641477566.1153433, 1641477569.3396795, 1641477570.1187394, 1641477570.8986037, 1641477571.5148957, 1641477572.2972052, 1641477573.0759962, 1641477573.5070987, 1641477574.2846355, 1641477575.107407, 1641477575.887862, 1641477576.6701002, 1641477580.8416557, 1641477581.622129, 1641477582.4058437, 1641477582.9623618, 1641477583.7415366, 1641477584.5244455, 1641477585.3043208, 1641477586.1243746, 1641477586.9065328, 1641477587.6884215, 1641477591.1101627, 1641477591.8938825, 1641477592.6724644, 1641477593.5001888, 1641477594.149473, 1641477594.9542685, 1641477595.7371016, 1641477596.4952843, 1641477597.181127, 1641477597.96135, 1641477598.7424645, 1641477601.929953, 1641477602.711041, 1641477603.4915392, 1641477603.920502, 1641477604.4902117, 1641477605.2703855, 1641477606.0518985, 1641477606.8312132, 1641477607.6500332, 1641477608.1002846, 1641477608.8833933, 1641477612.1180189, 1641477612.8951128, 1641477613.6244802, 1641477614.1010878, 1641477614.6889992, 