{"initial_reset_timestamp": 1641479786.9228559, "timestamps": [1641479790.7611284, 1641479790.9198177, 1641479791.1591794, 1641479791.4793382, 1641479791.7518818, 1641479792.0166185, 1641479792.278, 1641479792.5390275, 1641479792.7993557, 1641479793.0583296, 1641479795.701133, 1641479795.95945, 1641479796.2165623, 1641479796.4735932, 1641479796.7288003, 1641479796.9844222, 1641479797.2408519, 1641479797.4944851, 1641479797.7489283, 1641479798.03896, 1641479801.1491158, 1641479801.9300263, 1641479802.7104237, 1641479803.4887633, 1641479804.2677584, 1641479805.0420854, 1641479805.851087, 1641479806.6283202, 1641479807.4096205, 1641479808.1844244, 1641479811.3281844, 1641479812.1069777, 1641479812.9204495, 1641479813.6969476, 1641479814.4734035, 1641479815.2526493, 1641479816.0310225, 1641479816.8061585, 1641479817.5820172, 1641479818.3574471, 1641479821.5186107, 1641479822.295027, 1641479823.0682538, 1641479823.8389974, 1641479824.6096065, 1641479825.379036, 1641479826.1489804, 1641479826.9215, 1641479827.698487, 1641479828.5035787, 1641479831.6584313, 1641479832.4247031, 1641479833.1939635, 1641479833.9654365, 1641479834.7376542, 1641479835.5411127, 1641479836.3190231, 1641479837.0899866, 1641479837.8574219, 1641479838.630625, 1641479841.7582524, 1641479842.526088, 1641479843.3335774, 1641479844.1111403, 1641479844.8840425, 1641479845.6550887, 1641479846.430347, 1641479847.2054453, 1641479847.979566, 1641479848.7565744, 1641479851.938639, 1641479852.7182171, 1641479853.49416, 1641479854.2711244, 1641479855.051061, 1641479855.8234572, 1641479856.6005838, 1641479857.3785877, 1641479858.1573007, 1641479858.969175, 1641479862.119378, 1641479862.8941243, 1641479863.678167, 1641479864.4578283, 1641479865.2382162, 1641479866.0567007, 1641479866.8407462, 1641479867.6233585, 1641479868.4058576, 1641479868.9879885, 1641479872.205358, 1641479872.9895775, 1641479873.8089733, 1641479874.5915709, 1641479875.3716545, 1641479876.145744, 1641479876.9195075, 1641479877.6917717, 1641479878.4664288, 1641479879.2389715, 1641479882.3861144, 1641479883.1610491, 1641479883.932822, 1641479884.7035425, 1641479885.476393, 1641479886.2475104, 1641479887.0190942, 1641479887.786138, 1641479888.557114, 1641479889.3684378, 1641479892.4721684, 1641479893.242833, 1641479894.0109212, 1641479894.782299, 1641479895.5507276, 1641479896.31974, 1641479897.1251404, 1641479897.8946254, 1641479898.6665173, 1641479899.4360878, 1641479902.540597, 1641479903.3063815, 1641479904.1121025, 1641479904.8807976, 1641479905.645724, 1641479906.4154372, 1641479907.1856694, 1641479907.9540684, 1641479908.7216454, 1641479909.4892683, 1641479912.6069908, 1641479913.3767788, 1641479914.1450565, 1641479914.9152105, 1641479915.684098, 1641479916.4512687, 1641479917.22001, 1641479917.9879344, 1641479918.7551215, 1641479919.5622253, 1641479922.6649134, 1641479923.4359567, 1641479924.205502, 1641479924.972503, 1641479925.740677, 1641479926.5062854, 1641479927.312499, 1641479928.082748, 1641479928.8474398, 1641479929.614057, 1641479932.769475, 1641479933.5345845, 1641479934.3379014, 1641479935.103244, 1641479935.871297, 1641479936.6365829, 1641479937.4021738, 1641479938.168424, 1641479938.9332848, 1641479939.6350956, 1641479942.7708573, 1641479943.5343678, 1641479944.2972534, 1641479945.0635104, 1641479945.827948, 1641479946.5920923, 1641479947.3574066, 1641479948.123287, 1641479948.891586, 1641479949.6966982, 1641479952.792309, 1641479953.5604947, 1641479954.3299515, 1641479955.095983, 1641479955.8635046, 1641479956.6684, 1641479957.4414344, 1641479958.2107015, 1641479958.9803658, 1641479959.7474039, 1641479962.8381252, 1641479963.6059585, 1641479964.4088304, 1641479965.1805634, 1641479965.950136, 1641479966.7216187, 1641479967.4911163, 1641479968.2195125, 1641479968.9887671, 1641479969.7591212, 1641479972.8779202, 1641479973.64858, 1641479974.4134321, 1641479975.1789362, 1641479975.9481044, 1641479976.7183409, 1641479977.4878564, 1641479978.2589085, 1641479979.0281568, 1641479979.8341, 1641479982.699399, 1641479983.4668336, 1641479984.223363, 1641479984.9789505, 1641479985.7381084, 1641479986.5005627, 1641479987.2996264, 1641479988.0645442, 1641479988.8285077, 1641479989.5916677, 1641479992.6883454, 1641479993.447501, 1641479994.245972, 1641479995.0117204, 1641479995.7746017, 1641479996.5355046, 1641479997.294335, 1641479998.0558517, 1641479998.8158464, 1641479999.5809288, 1641480002.71482, 1641480003.473744, 1641480004.2309191, 1641480004.9886587, 1641480005.7470045, 1641480006.503646, 1641480007.2642229, 1641480008.0227308, 1641480008.7829669, 1641480009.5826583, 1641480012.6839137, 1641480013.438216, 1641480014.1969492, 1641480014.9523838, 1641480015.7093253, 1641480016.464855, 1641480017.256758, 1641480018.011315, 1641480018.7660177, 1641480019.5285993, 1641480022.6167834, 1641480023.3726027, 1641480024.1659956, 1641480024.9294758, 1641480025.6932132, 1641480026.4568474, 1641480027.2145183, 1641480027.9696355, 1641480028.7291446, 1641480029.4942734, 1641480032.6456661, 1641480033.4096327, 1641480034.1699798, 1641480034.9358602, 1641480035.69692, 1641480036.4545622, 1641480037.216175, 1641480037.9722767, 1641480038.7285101, 1641480039.5237358, 1641480042.6276095, 1641480043.390493, 1641480044.147968, 1641480044.9064648, 1641480045.6706512, 1641480046.4696655, 1641480047.2295744, 1641480047.986349, 1641480048.7423294, 1641480049.4992, 1641480052.5839076, 1641480053.3415968, 1641480054.1365328, 1641480054.893922, 1641480055.654171, 1641480056.413905, 1641480057.1724794, 1641480057.9350908, 1641480058.69453, 1641480059.458334, 1641480062.6044931, 1641480063.362603, 1641480064.1204107, 1641480064.8828743, 1641480065.641034, 1641480066.4035645, 1641480067.1646643, 1641480067.921864, 1641480068.679979, 1641480069.4780376, 1641480072.564591, 1641480073.3271391, 1641480074.0817728, 1641480074.8353631, 1641480075.591297, 1641480076.3870244, 1641480077.1489904, 1641480077.9094312, 1641480078.6686141, 1641480079.4269803, 1641480082.5414734, 1641480083.2967434, 1641480084.0933585, 1641480084.848613, 1641480085.6101549, 1641480086.3681316, 1641480087.128504, 1641480087.895784, 1641480088.6650932, 1641480089.4337459, 1641480092.5863717, 1641480093.346354, 1641480094.1133006, 1641480094.8777766, 1641480095.6436996, 1641480096.4027166, 1641480097.168774, 1641480097.9288814, 1641480098.6870162, 1641480099.4900436, 1641480102.6070602, 1641480103.3671618, 1641480104.127591, 1641480104.8904836, 1641480105.6553972, 1641480106.454175, 1641480107.2129815, 1641480107.9757931, 1641480108.7357738, 1641480109.506031, 1641480112.6133907, 1641480113.3783596, 1641480114.184254, 1641480114.9472806, 1641480115.7058995, 1641480116.4690275, 1641480117.2294438, 1641480117.9868212, 1641480118.751478, 1641480119.5145879, 1641480122.6606426, 1641480123.4213676, 1641480124.183583, 1641480124.9448555, 1641480125.7109506, 1641480126.4732583, 1641480127.2356222, 1641480128.0018044, 1641480128.7593346, 1641480129.5631053, 1641480132.6715393, 1641480133.4363444, 1641480134.2048016, 1641480134.9683661, 1641480135.7334328, 1641480136.4948242, 1641480137.2969673, 1641480138.0627751, 1641480138.8284945, 1641480139.597589, 1641480142.708407, 1641480143.4678857, 1641480144.268843, 1641480145.0360131, 1641480145.7958186, 1641480146.5581424, 1641480147.321528, 1641480148.0859823, 1641480148.8508205, 1641480149.61719, 1641480152.7626479, 1641480153.522339, 1641480154.282872, 1641480155.046503, 1641480155.8099973, 1641480156.5790322, 1641480157.3401475, 1641480158.1002655, 1641480158.8556964, 1641480159.6613293, 1641480162.7835114, 1641480163.5453024, 1641480164.310132, 1641480165.0759869, 1641480165.8388746, 1641480166.6391683, 1641480167.4046006, 1641480168.167309, 1641480168.9290023, 1641480169.698465, 1641480172.8012276, 1641480173.5597684, 1641480174.3622053, 1641480175.1297297, 1641480175.9047143, 1641480176.682011, 1641480177.4538102, 1641480178.2229962, 1641480178.9904406, 1641480179.7577264, 1641480182.9134893, 1641480183.6835413, 1641480184.4504318, 