{"initial_reset_timestamp": 1641479788.7962193, "timestamps": [1641479789.1345358, 1641479789.3075192, 1641479789.502313, 1641479789.6751688, 1641479789.8458517, 1641479790.0184455, 1641479790.1904917, 1641479790.3629713, 1641479790.536263, 1641479790.7089334, 1641479793.978459, 1641479794.1515157, 1641479794.3223422, 1641479794.4945025, 1641479794.6648636, 1641479794.836261, 1641479795.0094838, 1641479795.1816802, 1641479795.387388, 1641479795.5582144, 1641479798.919671, 1641479799.0920722, 1641479799.2637227, 1641479799.4366696, 1641479799.6090302, 1641479799.813224, 1641479799.9832346, 1641479800.1543174, 1641479800.3265374, 1641479800.4986224, 1641479809.0779133, 1641479809.282999, 1641479809.4576988, 1641479809.6378696, 1641479809.8127437, 1641479809.9871593, 1641479810.1603928, 1641479810.331771, 1641479810.5036788, 1641479810.676473, 1641479819.2846968, 1641479819.4598083, 1641479819.6320539, 1641479819.804377, 1641479819.9766536, 1641479820.1500056, 1641479820.3225293, 1641479820.4926684, 1641479820.698149, 1641479820.8725815, 1641479829.4058328, 1641479829.580631, 1641479829.7531805, 1641479829.9296522, 1641479830.1325347, 1641479830.3088782, 1641479830.4878888, 1641479830.6608872, 1641479830.8353143, 1641479831.0085866, 1641479839.524773, 1641479839.7324672, 1641479839.9036598, 1641479840.0760496, 1641479840.248631, 1641479840.421406, 1641479840.5935106, 1641479840.7675643, 1641479840.942539, 1641479841.1148767, 1641479849.6852627, 1641479849.8610923, 1641479850.0389397, 1641479850.2137978, 1641479850.3906348, 1641479850.5633721, 1641479850.7367952, 1641479850.913639, 1641479851.1200874, 1641479851.2921278, 1641479859.8762004, 1641479860.048993, 1641479860.2216504, 1641479860.3970702, 1641479860.599901, 1641479860.772876, 1641479860.9452882, 1641479861.1178322, 1641479861.2912278, 1641479861.4658048, 1641479870.0991468, 1641479870.311767, 1641479870.494183, 1641479870.6716392, 1641479870.85267, 1641479871.0322275, 1641479871.2152894, 1641479871.3945935, 1641479871.5732536, 1641479871.751512, 1641479880.3681343, 1641479880.5378308, 1641479880.7074137, 1641479880.876552, 1641479881.047289, 1641479881.2151074, 1641479881.3865921, 1641479881.5565543, 1641479881.7615037, 1641479881.9359467, 1641479890.4572031, 1641479890.627923, 1641479890.7994866, 1641479890.9691446, 1641479891.138698, 1641479891.335694, 1641479891.5098863, 1641479891.6789892, 1641479891.8536215, 1641479892.0225065, 1641479900.5234647, 1641479900.7313793, 1641479900.9030309, 1641479901.077442, 1641479901.2472208, 1641479901.41592, 1641479901.584939, 1641479901.7544808, 1641479901.9245236, 1641479902.0946183, 1641479910.596816, 1641479910.766839, 1641479910.9348834, 1641479911.103179, 1641479911.2748194, 1641479911.4453745, 1641479911.6142828, 1641479911.7818372, 1641479911.9901013, 1641479912.1588986, 1641479920.634593, 1641479920.8034105, 1641479920.9800012, 1641479921.149555, 1641479921.3275414, 1641479921.5329902, 1641479921.7017825, 1641479921.871483, 1641479922.044262, 1641479922.2169564, 1641479930.7059772, 1641479930.9166753, 1641479931.0910082, 1641479931.2663784, 1641479931.4424076, 1641479931.6222997, 1641479931.7968082, 1641479931.9716656, 1641479932.144208, 1641479932.3233316, 1641479940.8213086, 1641479940.9908772, 1641479941.1600635, 1641479941.3295999, 1641479941.5001068, 1641479941.6694164, 1641479941.8467925, 1641479942.0164385, 1641479942.220049, 1641479942.3899307, 1641479950.8513615, 1641479951.0219417, 1641479951.192053, 1641479951.3627663, 1641479951.5627897, 1641479951.7315073, 1641479951.8992352, 1641479952.0692356, 1641479952.2392294, 1641479952.4091468, 1641479960.8889077, 1641479961.0931592, 1641479961.264144, 1641479961.4334803, 1641479961.602123, 1641479961.7705104, 1641479961.9405737, 1641479962.1105585, 1641479962.287049, 1641479962.4564106, 1641479970.968841, 1641479971.138155, 1641479971.3094995, 1641479971.4835467, 1641479971.652197, 1641479971.820472, 1641479971.9892848, 1641479972.1605637, 1641479972.365584, 1641479972.5348637, 1641479981.0264251, 1641479981.1999152, 1641479981.3699718, 1641479981.5393739, 1641479981.7416177, 1641479981.9085631, 1641479982.0780523, 1641479982.2519078, 1641479982.4215007, 1641479982.5909727, 1641479991.0173345, 1641479991.2221003, 1641479991.3927472, 1641479991.5627668, 1641479991.7347395, 1641479991.9034975, 1641479992.0715117, 1641479992.2432692, 1641479992.4128408, 1641479992.5807033, 1641480001.039988, 1641480001.2132976, 1641480001.381159, 1641480001.5479226, 1641480001.7199717, 1641480001.8903677, 1641480002.0592055, 1641480002.231221, 1641480002.4351997, 1641480002.608574, 1641480011.0062604, 1641480011.1781452, 1641480011.3480623, 1641480011.5224516, 1641480011.693418, 1641480011.89395, 1641480012.0651448, 1641480012.2375176, 1641480012.4058857, 1641480012.5759919, 1641480020.9501944, 1641480021.1512177, 1641480021.3214297, 1641480021.4902472, 1641480021.6584444, 1641480021.8265548, 1641480021.9968448, 1641480022.1674316, 1641480022.3396974, 1641480022.5112143, 1641480030.9513295, 1641480031.1299691, 1641480031.302191, 1641480031.4722347, 1641480031.6421828, 1641480031.814559, 1641480031.984441, 1641480032.161743, 1641480032.368747, 1641480032.5382595, 1641480040.950773, 1641480041.1225848, 1641480041.2951047, 1641480041.4712994, 1641480041.6702197, 1641480041.8379269, 1641480042.0085251, 1641480042.1786149, 1641480042.3512578, 1641480042.5197408, 1641480050.9090545, 1641480051.1174293, 1641480051.2881432, 1641480051.4567547, 1641480051.627861, 1641480051.796497, 1641480051.9687526, 1641480052.1375053, 1641480052.3082242, 1641480052.476632, 1641480060.9242456, 1641480061.0951982, 1641480061.265881, 1641480061.436816, 1641480061.6069555, 1641480061.7779548, 1641480061.950952, 1641480062.1564164, 1641480062.3283238, 1641480062.4970243, 1641480070.8960874, 1641480071.0658464, 1641480071.2357845, 1641480071.4070854, 1641480071.6101837, 1641480071.7762523, 1641480071.946923, 1641480072.1158864, 1641480072.286929, 1641480072.4576502, 1641480080.8457758, 1641480081.0535526, 1641480081.223791, 1641480081.3971698, 1641480081.5657358, 1641480081.7404857, 1641480081.916245, 1641480082.0872056, 1641480082.2649195, 1641480082.435502, 1641480090.889711, 1641480091.0605407, 1641480091.2303596, 1641480091.4005756, 1641480091.5707808, 1641480091.7450097, 1641480091.926836, 1641480092.1359775, 1641480092.3091428, 1641480092.4794586, 1641480100.9295545, 1641480101.0999684, 1641480101.274357, 1641480101.443549, 1641480101.6470659, 1641480101.8180377, 1641480101.9900053, 1641480102.1615179, 1641480102.3298967, 1641480102.4996092, 1641480110.9277048, 1641480111.1374438, 1641480111.3093026, 1641480111.4842868, 1641480111.6557083, 1641480111.8261902, 1641480111.9989836, 1641480112.168364, 1641480112.3373039, 1641480112.506841, 1641480120.965405, 1641480121.13551, 1641480121.305987, 1641480121.485675, 1641480121.6567655, 1641480121.8272972, 1641480121.9983883, 1641480122.1695228, 1641480122.3759322, 1641480122.5519211, 1641480130.9903107, 1641480131.1614203, 1641480131.3317163, 1641480131.5022337, 1641480131.6735713, 1641480131.8720076, 1641480132.043956, 1641480132.212936, 1641480132.3917348, 1641480132.5626535, 1641480141.0210388, 1641480141.2267773, 1641480141.4056492, 1641480141.5770571, 1641480141.748171, 1641480141.918086, 1641480142.0911725, 1641480142.2616336, 1641480142.4310048, 1641480142.6003492, 1641480151.0693307, 1641480151.2407362, 1641480151.4219117, 1641480151.5932136, 1641480151.7622745, 1641480151.9316895, 1641480152.1039846, 1641480152.2748601, 1641480152.4848988, 1641480152.6550214, 1641480161.0940113, 1641480161.2633564, 1641480161.4357364, 1641480161.6120982, 1641480161.8173547, 1641480161.9895298, 1641480162.1603637, 1641480162.3302379, 1641480162.5059667, 1641480162.6770334, 1641480171.11766, 1641480171.3229432, 1641480171.4981925, 1641480171.6684978, 1641480171.839449, 1641480172.0112488, 1641480172.1844037, 1641480172.3552446, 1641480172.5256007, 1641480172.6943698, 1641480181.218784, 