{"initial_reset_timestamp": 1641453642.5815043, "timestamps": [1641453645.8741617, 1641453646.0891347, 1641453646.4113624, 1641453646.7120318, 1641453647.000359, 1641453647.289102, 1641453649.403162, 1641453649.6041715, 1641453649.8830056, 1641453650.1614838, 1641453650.43925, 1641453650.7164721, 1641453650.996761, 1641453653.3151503, 1641453654.3880196, 1641453655.4552314, 1641453656.518475, 1641453657.5818105, 1641453658.6522064, 1641453659.749725, 1641453660.1141093, 1641453662.997731, 1641453664.0605173, 1641453665.1297548, 1641453666.2025766, 1641453667.2715392, 1641453668.3397388, 1641453671.0087698, 1641453672.07932, 1641453673.145009, 1641453674.2166479, 1641453675.2890801, 1641453676.3637726, 1641453677.435911, 1641453680.258475, 1641453681.3339286, 1641453682.410939, 1641453683.4845128, 1641453684.559102, 1641453685.6358154, 1641453686.71254, 1641453689.5942767, 1641453690.6695015, 1641453691.740437, 1641453692.8140173, 1641453693.8864233, 1641453694.9599144, 1641453697.866409, 1641453698.9391217, 1641453700.0120683, 1641453701.084969, 1641453702.1598067, 1641453703.2295694, 1641453704.3047855, 1641453707.1750283, 1641453708.248929, 1641453709.322539, 1641453710.3987064, 1641453711.4781218, 1641453712.5498574, 1641453713.6204505, 1641453716.616097, 1641453717.6881065, 1641453718.7570262, 1641453719.8344376, 1641453720.907649, 1641453721.9817774, 1641453724.8178434, 1641453725.876495, 1641453726.9357085, 1641453727.9920006, 1641453729.0604198, 1641453730.1543527, 1641453731.2236462, 1641453734.0029037, 1641453735.066329, 1641453736.132558, 1641453737.1981091, 1641453738.289356, 1641453739.3541207, 1641453740.419718, 1641453743.3100553, 1641453744.4056008, 1641453745.4678605, 1641453746.5307593, 1641453747.596107, 1641453748.6583173, 1641453751.4812286, 1641453752.5440207, 1641453753.6062486, 1641453754.6631453, 1641453755.7177, 1641453756.772896, 1641453757.8231661, 1641453760.61524, 1641453761.6652389, 1641453762.7115185, 1641453763.7513635, 1641453764.7917373, 1641453765.8302035, 1641453766.8698795, 1641453769.6270463, 1641453770.6671712, 1641453771.7107482, 1641453772.7501016, 1641453773.7856216, 1641453774.8243802, 1641453777.6759422, 1641453778.7189634, 1641453779.7579923, 1641453780.79804, 1641453781.842377, 1641453782.8879309, 1641453783.9302123, 1641453786.6965458, 1641453787.74051, 1641453788.784847, 1641453789.826841, 1641453790.8764772, 1641453791.9233215, 1641453792.9674432, 1641453795.737346, 1641453796.7867508, 1641453797.8338978, 1641453798.8786082, 1641453799.9206119, 1641453800.963961, 1641453803.728762, 1641453804.7767081, 1641453805.8191333, 1641453806.8677444, 1641453807.9060514, 1641453808.9505503, 1641453809.9951708, 1641453812.7433672, 1641453813.7875597, 1641453814.8340826, 1641453815.8805578, 1641453816.9230528, 1641453817.9659634, 1641453819.008029, 1641453821.857486, 1641453822.9055102, 1641453823.949017, 1641453824.9943335, 1641453826.0370197, 1641453827.081448, 1641453829.8383462, 1641453830.8804836, 1641453831.9256165, 1641453832.969812, 1641453834.0135865, 1641453835.081907, 1641453836.1262858, 1641453838.8753526, 1641453839.9191399, 1641453840.9645174, 1641453842.007213, 1641453843.0820916, 1641453844.1309645, 1641453845.1725912, 1641453848.134151, 1641453849.1726959, 1641453850.2125273, 1641453851.253073, 1641453852.2940938, 1641453853.3334978, 1641453857.6125278, 1641453858.6489315, 1641453859.685881, 1641453860.7212422, 1641453861.757179, 1641453862.7917848, 1641453863.8245947, 1641453868.7053306, 1641453869.7441478, 1641453870.781904, 1641453871.8156652, 1641453872.8755472, 1641453873.9100072, 1641453874.9476843, 1641453879.8274586, 1641453880.8657792, 1641453881.9020612, 1641453882.939785, 1641453883.9798055, 1641453885.0141704, 1641453889.9316921, 1641453890.9664268, 1641453892.0001771, 1641453893.0368369, 1641453894.0713987, 1641453895.1091545, 1641453896.145498, 1641453901.1005533, 1641453902.1380098, 1641453903.1762893, 1641453904.2100465, 1641453905.2466352, 1641453906.283316, 1641453907.3482432, 1641453911.731119, 1641453912.7957048, 1641453913.8290727, 1641453914.8645267, 1641453915.9015083, 1641453916.9355245, 1641453920.2916985, 1641453921.3277369, 1641453922.3635201, 1641453923.3980682, 1641453924.434088, 1641453925.4854639, 1641453926.5239398, 1641453930.7647324, 1641453931.8038201, 1641453932.8405848, 1641453933.8775585, 1641453934.9162462, 1641453935.9853287, 1641453937.0531352, 1641453941.9877446, 1641453943.053789, 1641453944.1211047, 1641453945.1888747, 1641453946.254566, 1641453947.3195794, 1641453952.1834528, 1641453953.248954, 1641453954.3136916, 1641453955.3773897, 1641453956.4450326, 1641453957.5096407, 1641453958.6008723, 1641453963.6098967, 1641453964.6449785, 1641453965.6816053, 1641453966.7268517, 1641453967.796603, 1641453968.8708954, 1641453969.9408834, 1641453974.656997, 1641453975.724524, 1641453976.7923048, 1641453977.8590946, 1641453978.9565067, 1641453980.025547, 1641453985.0906346, 1641453986.157027, 1641453987.2305636, 1641453988.2999377, 1641453989.3654637, 1641453990.4350758, 1641453991.5056515, 1641453996.5143209, 1641453997.5816562, 1641453998.647111, 1641453999.7189043, 1641454000.7928376, 1641454001.8661652, 1641454002.9382594, 1641454008.375038, 1641454009.4466279, 1641454010.515187, 1641454011.5839758, 1641454012.6570275, 1641454013.7311726, 1641454019.1488404, 1641454020.2473807, 1641454021.3178325, 1641454022.3837879, 1641454023.454266, 1641454024.524791, 1641454025.5945456, 1641454030.9344506, 1641454032.0029228, 1641454033.0979736, 1641454034.163421, 1641454035.2311497, 1641454036.2991312, 1641454037.3641374, 1641454042.6298592, 1641454043.6947021, 1641454044.7621021, 1641454045.828908, 1641454046.8943303, 1641454047.9903703, 1641454053.2883499, 1641454054.3527095, 1641454055.4228008, 1641454056.4829814, 1641454057.5494933, 1641454058.6144814, 1641454059.6779811, 1641454064.9109619, 1641454065.975536, 1641454067.0414999, 1641454068.1052938, 1641454069.1739624, 1641454070.2367928, 1641454071.3015866, 1641454076.7387245, 1641454077.8069804, 1641454078.876455, 1641454079.9459653, 1641454081.011578, 1641454082.0769136, 1641454087.6070988, 1641454088.6719108, 1641454089.7356112, 1641454090.80743, 1641454091.8793952, 1641454092.9447908, 1641454094.0084987, 1641454099.4801915, 1641454100.545138, 1641454101.609086, 1641454102.675956, 1641454103.7430787, 1641454104.8105457, 1641454105.8792074, 1641454111.3564146, 1641454112.4276712, 1641454113.4993246, 1641454114.5707407, 1641454115.6407382, 1641454116.7125654, 1641454122.2781022, 1641454123.3462665, 1641454124.4186504, 1641454125.488737, 1641454126.5567005, 1641454127.6271594, 1641454128.6943362],