{"initial_reset_timestamp": 1641449342.965221, "timestamps": [1641449346.1964006, 1641449346.4105186, 1641449346.73126, 1641449347.0296516, 1641449347.3238778, 1641449347.6113138, 1641449349.6834736, 1641449349.9670172, 1641449350.2494974, 1641449350.5352664, 1641449350.8205168, 1641449351.0984094, 1641449351.3767374, 1641449353.9445248, 1641449355.0084357, 1641449356.0643191, 1641449357.1283658, 1641449358.1939952, 1641449359.2544317, 1641449360.3208158, 1641449363.0626276, 1641449364.133102, 1641449365.2034838, 1641449366.277803, 1641449367.3459375, 1641449368.4190772, 1641449371.1847255, 1641449372.2556329, 1641449373.3265214, 1641449374.3888237, 1641449375.4397252, 1641449376.483428, 1641449377.5241177, 1641449380.221247, 1641449381.2679262, 1641449382.3141508, 1641449383.362905, 1641449383.8052106, 1641449384.844677, 1641449385.8897583, 1641449388.7152195, 1641449389.7602887, 1641449390.803604, 1641449391.847491, 1641449392.8887684, 1641449393.938285, 1641449394.9847815, 1641449397.8267076, 1641449398.8705893, 1641449399.915051, 1641449400.952001, 1641449401.9899817, 1641449403.028636, 1641449405.8402834, 1641449406.8785098, 1641449407.2730334, 1641449408.3152075, 1641449409.3571587, 1641449410.3949926, 1641449411.431508, 1641449412.4725466, 1641449415.2919147, 1641449416.3351817, 1641449417.3747134, 1641449418.41615, 1641449419.455099, 1641449420.491866, 1641449423.2852514, 1641449424.3286023, 1641449425.3688731, 1641449426.4080994, 1641449427.4433537, 1641449428.4737158, 1641449429.5289335, 1641449432.294602, 1641449433.3218632, 1641449434.3484821, 1641449435.373056, 1641449436.3976455, 1641449437.4470446, 1641449438.4715092, 1641449441.2563436, 1641449442.2821734, 1641449443.305841, 1641449444.3570743, 1641449445.378654, 1641449446.4014664, 1641449449.165049, 1641449450.185315, 1641449451.2362802, 1641449452.2627447, 1641449453.2850673, 1641449454.3087678, 1641449455.333988, 1641449458.1406276, 1641449459.167677, 1641449460.1977777, 1641449461.2302349, 1641449462.2594776, 1641449463.29334, 1641449464.3288898, 1641449467.2068453, 1641449468.242097, 1641449469.275299, 1641449470.311818, 1641449471.3458436, 1641449472.3815, 1641449475.1983757, 1641449476.228955, 1641449477.2593715, 1641449478.289536, 1641449479.321996, 1641449480.353176, 1641449481.3855479, 1641449485.3228242, 1641449486.3604937, 1641449487.399268, 1641449488.435011, 1641449489.4750247, 1641449490.5095794, 1641449491.5460963, 1641449495.8595493, 1641449496.8976655, 1641449497.9391644, 1641449498.9829931, 1641449500.0234222, 1641449501.0620742, 1641449505.1702018, 1641449506.2125592, 1641449507.2523787, 1641449508.2946768, 1641449509.3343146, 1641449510.3684928, 1641449511.408055, 1641449515.780842, 1641449516.8191204, 1641449517.8594396, 1641449518.9097228, 1641449519.965547, 1641449521.0188744, 1641449522.0716643, 1641449526.4017417, 1641449527.452216, 1641449528.5050359, 1641449529.5580652, 1641449530.6074848, 1641449531.660507, 1641449535.9910436, 1641449537.0457563, 1641449538.0993793, 1641449539.1515174, 1641449540.20071, 1641449541.277874, 1641449542.3309243, 1641449547.1089342, 1641449548.161966, 1641449549.2151017, 1641449550.2728763, 1641449551.338668, 1641449552.4054806, 1641449553.4716177, 1641449558.0752568, 1641449559.1422315, 1641449560.2087593, 1641449561.2758653, 1641449562.3410418, 1641449563.4087536, 1641449568.0711246, 1641449569.1347911, 1641449570.2247994, 1641449571.290794, 1641449572.356717, 1641449573.4247274, 1641449574.479388, 1641449579.601763, 1641449580.6659412, 1641449581.733072, 1641449582.7992465, 1641449583.8621736, 1641449584.928819, 1641449585.9921741, 1641449590.762483, 1641449591.829379, 1641449592.8961763, 1641449593.962766, 1641449595.0325813, 1641449596.099541, 1641449601.240207, 1641449602.3058815, 1641449603.373884, 1641449604.4368725, 1641449605.500288, 1641449606.5657587, 1641449607.6647959, 1641449612.8927622, 1641449613.9591358, 1641449615.0249367, 1641449616.090346, 1641449617.1524773, 1641449618.2194371, 1641449619.2835348, 1641449624.6787755, 1641449625.7428615, 1641449626.8054187, 1641449627.869958, 1641449628.9336524, 1641449630.003495, 1641449635.2650654, 1641449636.3272262, 1641449637.3901103, 1641449638.4536164, 1641449639.5108764, 1641449640.5500197, 1641449641.5895135, 1641449646.5716407, 1641449647.6158676, 1641449648.6565897, 1641449649.6958692, 1641449650.761703, 1641449651.8040075, 1641449652.8460844, 1641449658.0343952, 1641449659.076357, 1641449660.118159, 1641449661.1552973, 1641449662.1960924, 1641449663.2349012, 1641449668.4552727, 1641449669.4941788, 1641449670.5342503, 1641449671.5754845, 1641449672.6139915, 1641449673.6493528, 1641449674.6866553, 1641449679.837418, 1641449680.8734636, 1641449681.9103513, 1641449682.9503071, 1641449683.9887526, 1641449685.0232418, 1641449686.057855, 1641449691.1898816, 1641449692.2541142, 1641449693.2887902, 1641449694.32245, 1641449695.358995, 1641449696.3979788, 1641449701.7520852, 1641449702.787629, 1641449703.8488586, 1641449704.8827968, 1641449705.9182642, 1641449706.9541113, 1641449707.9893653, 1641449713.119738, 1641449714.1564143, 1641449715.191631, 1641449716.2272394, 1641449717.2636697, 1641449718.2980406, 1641449719.333147, 1641449724.6479826, 1641449725.7053015, 1641449726.7611136, 1641449727.8130918, 1641449728.8613796, 1641449729.9086251, 1641449735.0324214, 1641449736.0850244, 1641449737.1565669, 1641449738.2078326, 1641449739.2611973, 1641449740.3099105, 1641449741.363416, 1641449746.6125112, 1641449747.66333, 1641449748.7142997, 1641449749.7677386, 1641449750.8169863, 1641449751.8663414, 1641449752.9168015, 1641449758.053628, 1641449759.105415, 1641449760.1586359, 1641449761.235904, 1641449762.2826576, 1641449763.3379495, 1641449768.6938171, 1641449769.7469, 1641449770.8103118, 1641449771.871657, 1641449772.9328885, 1641449774.0230489, 1641449775.0850072, 1641449780.3442328, 1641449781.40565, 1641449782.4661324, 1641449783.528635, 1641449784.5898073, 1641449785.6393607, 1641449786.6879961, 1641449791.983423, 1641449793.0357292, 1641449794.084935, 1641449795.1352625, 1641449796.1793628, 1641449797.2257285, 1641449802.5022705, 1641449803.5510857, 1641449804.6002285, 1641449805.6529505, 1641449806.7062454, 1641449807.7551677, 1641449808.801298, 1641449814.1596687, 1641449815.2073853, 1641449816.2576845, 1641449817.3087268, 1641449818.357594, 1641449819.4099774, 1641449820.4601402, 1641449825.5803545, 1641449826.629669, 1641449827.6793947, 1641449828.732946, 1641449829.8126926, 1641449830.8656132, 1641449836.0613832, 1641449837.1134946, 1641449838.1621594, 1641449839.211973, 1641449840.2606459, 1641449841.3120215, 1641449842.3620536],