{"initial_reset_timestamp": 1641481760.5803075, "timestamps": [1641481760.9248097, 1641481761.1093497, 1641481761.314736, 1641481761.498205, 1641481761.678703, 1641481761.8614397, 1641481762.0443747, 1641481762.2276, 1641481762.4112203, 1641481762.5948787, 1641481765.9500434, 1641481766.1331863, 1641481766.3175871, 1641481766.4996915, 1641481766.6848, 1641481766.864582, 1641481767.048436, 1641481767.2310774, 1641481767.4469173, 1641481767.629612, 1641481771.0816905, 1641481771.2648609, 1641481771.4473298, 1641481771.6299574, 1641481771.8115597, 1641481772.0273597, 1641481772.2123044, 1641481772.394535, 1641481772.5803063, 1641481772.764061, 1641481781.4489045, 1641481781.6587791, 1641481781.8352842, 1641481782.011502, 1641481782.1889544, 1641481782.3670988, 1641481782.543637, 1641481782.721305, 1641481782.8962102, 1641481783.0716007, 1641481791.804399, 1641481791.9806776, 1641481792.1590557, 1641481792.3360145, 1641481792.5118318, 1641481792.6905937, 1641481792.8663568, 1641481793.0427139, 1641481793.253941, 1641481793.431523, 1641481802.256903, 1641481802.4353452, 1641481802.6155684, 1641481802.794012, 1641481802.9982402, 1641481803.1751776, 1641481803.3518002, 1641481803.5292432, 1641481803.7079859, 1641481803.8808556, 1641481812.5925565, 1641481812.769942, 1641481812.947014, 1641481813.1214979, 1641481813.2963989, 1641481813.4732301, 1641481813.650129, 1641481813.8252563, 1641481813.999684, 1641481814.1763804, 1641481822.8303607, 1641481823.006142, 1641481823.1829274, 1641481823.357849, 1641481823.5346394, 1641481823.7161856, 1641481823.8962605, 1641481824.105363, 1641481824.2840648, 1641481824.4612978, 1641481833.0688758, 1641481833.2438772, 1641481833.4205449, 1641481833.603351, 1641481833.8070445, 1641481833.982631, 1641481834.1585782, 1641481834.3355103, 1641481834.5136187, 1641481834.6921551, 1641481843.3531268, 1641481843.5309565, 1641481843.7080553, 1641481843.8832293, 1641481844.057536, 1641481844.2327378, 1641481844.4082644, 1641481844.5862916, 1641481844.759809, 1641481844.9345462, 1641481853.5686398, 1641481853.741739, 1641481853.9153984, 1641481854.0896542, 1641481854.2637322, 1641481854.4359238, 1641481854.6087675, 1641481854.8138955, 1641481854.9875236, 1641481855.1609273, 1641481863.7294214, 1641481863.9032753, 1641481864.0768642, 1641481864.251839, 1641481864.459174, 1641481864.6436112, 1641481864.8238797, 1641481864.9996693, 1641481865.174215, 1641481865.349496, 1641481873.9297245, 1641481874.1088784, 1641481874.2840269, 1641481874.4582675, 1641481874.6336482, 1641481874.8087304, 1641481874.987049, 1641481875.170911, 1641481875.3487532, 1641481875.5215762, 1641481884.093355, 1641481884.2678783, 1641481884.439845, 1641481884.6138532, 1641481884.7875495, 1641481884.9602902, 1641481885.1336143, 1641481885.3372576, 1641481885.5076325, 1641481885.6819756, 1641481894.199552, 1641481894.3809886, 1641481894.566229, 1641481894.7775276, 1641481894.956879, 1641481895.1355588, 1641481895.3221385, 1641481895.5024307, 1641481895.6806598, 1641481895.8613906, 1641481904.4173074, 1641481904.5984044, 1641481904.7713158, 1641481904.9493475, 1641481905.1298847, 1641481905.310551, 1641481905.4889665, 1641481905.6627557, 1641481905.8423674, 1641481906.0229094, 1641481914.5591197, 1641481914.7388873, 1641481914.917281, 1641481915.0970263, 1641481915.2778118, 1641481915.4581156, 1641481915.6386647, 1641481915.819926, 1641481916.0184991, 1641481916.19603, 1641481924.702276, 1641481924.8766716, 1641481925.0517013, 1641481925.2248752, 1641481925.3989732, 1641481925.5991604, 1641481925.772667, 1641481925.945894, 1641481926.1194217, 1641481926.2915268, 1641481934.8097725, 1641481935.024551, 1641481935.205631, 1641481935.3906024, 1641481935.5709891, 1641481935.755264, 1641481935.938309, 1641481936.122594, 1641481936.3055668, 1641481936.4856923, 1641481945.0295842, 1641481945.2085962, 1641481945.3905945, 1641481945.5701048, 1641481945.7505744, 1641481945.9296324, 1641481946.1073792, 1641481946.2902758, 1641481946.508582, 1641481946.6880512, 1641481955.2668505, 1641481955.4465237, 1641481955.6272893, 1641481955.807494, 1641481955.9874976, 1641481956.2048283, 1641481956.3867106, 1641481956.5683796, 1641481956.7523732, 1641481956.9309177, 1641481957.113184, 1641481965.7590327, 1641481965.9410782, 1641481966.1255946, 1641481966.3053658, 1641481966.4907267, 1641481966.6727986, 1641481966.8534758, 1641481967.033743, 1641481967.2142582, 1641481967.394573, 1641481976.0543058, 1641481976.2374275, 1641481976.419914, 1641481976.6003263, 1641481976.7822657, 1641481976.9650447, 1641481977.1491418, 1641481977.3631666, 1641481977.5434, 1641481977.7227802, 1641481986.3444784, 1641481986.5262847, 1641481986.706163, 1641481986.8853223, 1641481987.0998414, 1641481987.2804303, 1641481987.465641, 1641481987.6449096, 1641481987.8277416, 1641481988.0076869, 1641481996.6484902, 1641481996.8263812, 1641481997.0082436, 1641481997.186629, 1641481997.3671193, 1641481997.5449123, 1641481997.7239926, 1641481997.9066532, 1641481998.0868368, 1641481998.3048677, 1641481998.4846232, 1641482007.006784, 1641482007.1869104, 1641482007.368941, 1641482007.549578, 1641482007.7289808, 1641482007.90744, 1641482008.116328, 1641482008.295359, 1641482008.474143, 1641482008.6516378, 1641482017.1408064, 1641482017.3212953, 1641482017.5339596, 1641482017.7131195, 1641482017.8926528, 1641482018.0747805, 1641482018.2538104, 1641482018.4338143, 1641482018.6144085, 1641482018.7949564, 1641482027.343174, 1641482027.5224829, 1641482027.7031763, 1641482027.8827658, 1641482028.0617566, 1641482028.2430508, 1641482028.4205244, 1641482028.5992932, 1641482028.77822, 1641482028.9950101, 1641482037.4962509, 1641482037.6749432, 1641482037.8566897, 1641482038.0367627, 1641482038.2149596, 1641482038.3953369, 1641482038.6091225, 1641482038.7866957, 1641482038.9662228, 1641482039.145949, 1641482047.6148717, 1641482047.7934935, 1641482048.0077817, 1641482048.1872494, 1641482048.3707411, 1641482048.5513315, 1641482048.7302222, 1641482048.9110255, 1641482049.0927577, 1641482049.2769206, 1641482057.8894403, 1641482058.0712233, 1641482058.2517328, 1641482058.433279, 1641482058.613612, 1641482058.7947893, 1641482058.9813643, 1641482059.163313, 1641482059.3434675, 1641482059.5645425, 1641482068.1591117, 1641482068.3411644, 1641482068.522982, 1641482068.7049584, 1641482068.8867857, 1641482069.1036234, 1641482069.2836432, 1641482069.4695232, 1641482069.649676, 1641482069.8304508, 1641482078.392809, 1641482078.5724978, 1641482078.789443, 1641482078.9695032, 1641482079.1511219, 1641482079.3311923, 1641482079.5112617, 1641482079.6923964, 1641482079.8762994, 1641482080.0561676, 1641482088.5914402, 1641482088.772861, 1641482088.9555016, 1641482089.1365857, 1641482089.3168294, 1641482089.496359, 1641482089.6766164, 1641482089.8578956, 1641482090.039434, 1641482090.2561705, 1641482098.7720587, 1641482098.952196, 1641482099.1333938, 1641482099.3212223, 1641482099.502858, 1641482099.7167141, 1641482099.8963678, 1641482100.0781405, 1641482100.2591472, 1641482100.4396682, 1641482108.956468, 1641482109.1369393, 1641482109.352497, 1641482109.5324075, 1641482109.7123318, 1641482109.893148, 1641482110.0747426, 1641482110.2564957, 1641482110.4367414, 1641482110.61986, 1641482119.173778, 1641482119.3552194, 1641482119.5355864, 1641482119.7154803, 1641482119.8954425, 1641482120.076819, 1641482120.2567818, 1641482120.4397082, 1641482120.6202028, 1641482120.8364787, 1641482129.3496923, 1641482129.5317397, 1641482129.711066, 1641482129.8928702, 1641482130.0737045, 1641482130.2847612, 1641482130.4660645, 1641482130.6468904, 1641482130.8293147, 1641482131.0092306, 1641482139.5289292, 1641482139.713812, 1641482139.9297576, 1641482140.1117406, 1641482140.2918794, 1641482140.4728174, 1641482140.6539083, 1641482140.8333995, 1641482141.0144112, 1641482141.1952748, 1641482149.7535934, 1641482149.9338453, 1641482150.113419, 1641482150.297146, 1641482150.478842, 1641482150.6569178, 1641482150.8357737, 1641482151.0180073, 1641482151.1977284, 1641482151.4142923, 