{"initial_reset_timestamp": 1641481758.7098393, "timestamps": [1641481762.6449854, 1641481762.8136606, 1641481763.0591083, 1641481763.3849206, 1641481763.6648514, 1641481763.9394941, 1641481764.2106273, 1641481764.4779491, 1641481764.7427902, 1641481765.0088108, 1641481767.7774034, 1641481768.0429168, 1641481768.305779, 1641481768.5688646, 1641481768.8308957, 1641481769.0932193, 1641481769.3575814, 1641481769.6164706, 1641481769.8774896, 1641481770.173986, 1641481773.4186647, 1641481774.2048738, 1641481774.9899187, 1641481775.7729423, 1641481776.5576377, 1641481777.3443556, 1641481778.169399, 1641481778.952424, 1641481779.738716, 1641481780.5285625, 1641481783.7313504, 1641481784.5142636, 1641481785.3382754, 1641481786.1253378, 1641481786.9119413, 1641481787.7078474, 1641481788.497501, 1641481789.2915244, 1641481790.0798893, 1641481790.8656063, 1641481794.0936253, 1641481794.8877628, 1641481795.678713, 1641481796.4673984, 1641481797.0487707, 1641481797.8023627, 1641481798.1453247, 1641481798.9252396, 1641481799.7093728, 1641481800.5365589, 1641481801.3291824, 1641481804.5189955, 1641481805.3103657, 1641481806.0998745, 1641481806.8856335, 1641481807.675451, 1641481808.5010924, 1641481809.288532, 1641481810.070697, 1641481810.8524208, 1641481811.6328812, 1641481814.8075655, 1641481815.6236749, 1641481816.4028146, 1641481817.1814892, 1641481817.9586115, 1641481818.7366924, 1641481819.5161278, 1641481820.2961314, 1641481821.073879, 1641481821.855691, 1641481825.094426, 1641481825.8732655, 1641481826.6523466, 1641481827.4323015, 1641481828.2097034, 1641481828.985285, 1641481829.762134, 1641481830.5402353, 1641481831.3554847, 1641481832.1339242, 1641481835.3189166, 1641481836.0965202, 1641481836.8753557, 1641481837.6520166, 1641481838.4305522, 1641481839.2535706, 1641481840.0370564, 1641481840.8194444, 1641481841.60189, 1641481842.3897684, 1641481845.5679767, 1641481846.391054, 1641481847.1793675, 1641481847.9630728, 1641481848.744692, 1641481849.5254724, 1641481850.3000035, 1641481851.07292, 1641481851.8428245, 1641481852.613236, 1641481855.791437, 1641481856.5647902, 1641481857.3367696, 1641481858.1105623, 1641481858.885568, 1641481859.6601653, 1641481860.4364355, 1641481861.2089095, 1641481862.0199575, 1641481862.7924545, 1641481865.9756875, 1641481866.7540793, 1641481867.5210228, 1641481868.2944381, 1641481869.0652971, 1641481869.8783913, 1641481870.6524827, 1641481871.422406, 1641481872.1951792, 1641481872.9633145, 1641481876.1459808, 1641481876.9551504, 1641481877.7276316, 1641481878.5018964, 1641481879.2724776, 1641481880.0432482, 1641481880.8148139, 1641481881.5841198, 1641481882.3541195, 1641481883.1254406, 1641481886.3067124, 1641481886.8045056, 1641481887.576951, 1641481888.3457503, 1641481889.113465, 1641481889.8812265, 1641481890.648445, 1641481891.4168985, 1641481892.2255013, 1641481892.9974926, 1641481896.2101347, 1641481896.9806209, 1641481897.748734, 1641481898.5189548, 1641481899.2909663, 1641481900.10159, 1641481900.871048, 1641481901.6405544, 1641481902.412387, 1641481903.184242, 1641481906.3689537, 1641481907.1710122, 1641481907.9426038, 1641481908.7141647, 1641481909.485969, 1641481910.2525084, 1641481911.0207016, 1641481911.7918456, 1641481912.5606627, 1641481913.3295486, 1641481916.5464823, 1641481917.3157945, 1641481918.084062, 1641481918.8513749, 1641481919.6188846, 1641481920.3873699, 1641481921.1554677, 1641481921.9257412, 1641481922.6959085, 1641481923.5044866, 1641481926.6427958, 1641481927.4128041, 1641481928.1828742, 1641481928.9553864, 1641481929.7273092, 1641481930.4953783, 1641481931.3045087, 1641481932.074772, 1641481932.8444746, 1641481933.6112964, 1641481936.8357568, 1641481937.6048906, 1641481938.4101024, 1641481939.1785424, 1641481939.9508495, 1641481940.720097, 1641481941.4897966, 1641481942.2620199, 1641481943.0290163, 1641481943.8012788, 1641481946.9596803, 1641481947.73194, 1641481948.504379, 1641481949.275822, 1641481950.0456247, 1641481950.8165903, 1641481951.595938, 1641481952.3801892, 1641481953.1603436, 1641481953.9784036, 1641481957.3877604, 1641481958.1640844, 1641481958.9427369, 1641481959.7182553, 1641481960.4982843, 1641481961.313084, 1641481962.0983539, 1641481962.8780622, 1641481963.6552362, 1641481964.4350004, 1641481967.668173, 1641481968.483928, 1641481969.2637434, 1641481970.0440197, 1641481970.8255837, 1641481971.6063929, 1641481972.3886945, 1641481973.1696243, 1641481973.9486318, 1641481974.7266924, 1641481977.9449735, 1641481978.7232127, 1641481979.5082963, 1641481980.2911997, 1641481981.0710285, 1641481981.8503919, 1641481982.6484594, 1641481983.3368385, 1641481984.1538649, 1641481984.9324362, 1641481988.1339376, 1641481988.9000523, 1641481989.6661427, 1641481990.4337802, 1641481991.1986742, 1641481991.9981017, 1641481992.4514952, 1641481993.220578, 1641481993.985375, 1641481994.7508233, 1641481995.5192664, 1641481998.9475713, 1641481999.7187755, 1641482000.48848, 1641482001.2569911, 1641482002.0259814, 1641482002.7947488, 1641482003.574607, 1641482004.3452897, 1641482005.112622, 1641482005.9182262, 1641482009.111047, 1641482009.8822048, 1641482010.6489315, 1641482011.416947, 1641482012.184605, 1641482012.9534996, 1641482013.7198935, 1641482014.5226824, 1641482015.2888923, 1641482016.0553186, 1641482019.257242, 1641482020.0253873, 1641482020.792645, 1641482021.6012626, 1641482022.3719382, 1641482023.1401856, 1641482023.9070961, 1641482024.674227, 1641482025.4436572, 1641482026.218067, 1641482029.4514701, 1641482030.2235749, 1641482030.9939547, 1641482031.7600436, 1641482032.5275817, 1641482033.2954206, 1641482034.0628195, 1641482034.8311217, 1641482035.5992813, 1641482036.367977, 1641482039.60081, 1641482040.3644142, 1641482041.1282518, 1641482041.8935828, 1641482042.6569176, 1641482043.4226902, 1641482044.1887405, 1641482044.9942381, 1641482045.7576036, 1641482046.523425, 1641482049.7311158, 1641482050.496056, 1641482051.2720108, 1641482052.087592, 1641482052.864491, 1641482053.6393328, 1641482054.423578, 1641482055.2011013, 1641482055.9780307, 1641482056.757232, 1641482060.030992, 1641482060.809119, 1641482061.586391, 1641482062.364466, 1641482063.1437442, 1641482063.9218307, 1641482064.7004282, 1641482065.4786234, 1641482066.2560167, 1641482067.0306716, 1641482070.2953417, 1641482071.0760074, 1641482071.8511276, 1641482072.6298878, 1641482073.408596, 1641482074.185596, 1641482075.0026212, 1641482075.76883, 1641482076.5396318, 1641482077.3079994, 1641482080.5149505, 1641482081.2812982, 1641482082.049281, 1641482082.852285, 1641482083.6212614, 1641482084.389834, 1641482085.1603622, 1641482085.929288, 1641482086.6996112, 1641482087.469596, 1641482090.7149606, 1641482091.4845083, 1641482092.2533066, 1641482093.0242047, 1641482093.7932498, 1641482094.5649152, 1641482095.3359208, 1641482096.1041923, 1641482096.8760376, 1641482097.6470113, 1641482100.8973498, 1641482101.666877, 1641482102.435814, 1641482103.203383, 1641482103.976596, 1641482104.7446558, 1641482105.5555184, 1641482106.3248549, 1641482107.0932448, 1641482107.8616228, 1641482111.0794497, 1641482111.851865, 1641482112.6220038, 1641482113.4287033, 1641482114.197833, 1641482114.967352, 1641482115.737643, 1641482116.5143394, 1641482117.2831562, 1641482118.0527484, 1641482121.2960603, 1641482122.0675428, 1641482122.8374028, 1641482123.607736, 1641482124.3770785, 1641482125.150773, 1641482125.9202046, 1641482126.6902142, 1641482127.4576273, 1641482128.2242422, 1641482131.4666617, 1641482132.2338164, 1641482133.005115, 1641482133.7771416, 1641482134.5468407, 1641482135.322013, 1641482136.0910041, 1641482136.8979406, 1641482137.667168, 1641482138.4365091, 1641482141.653403, 1641482142.423304, 1641482143.190191, 1641482144.0008707, 1641482144.7735806, 1641482145.542501, 1641482146.3144119, 1641482147.0880268, 1641482147.856722, 1641482148.6233554, 1641482151.874499, 1641482152.6413023, 1641482153.4139433, 1641482154.1912572, 1641482154.9662242, 1641482155.7539139, 1641482156.5409307, 1641482157.3280337, 1641482158.1164072, 