{"initial_reset_timestamp": 1641462045.4627326, "timestamps": [1641462048.6831262, 1641462048.895449, 1641462049.214162, 1641462049.5108287, 1641462049.7973921, 1641462050.084837, 1641462050.260569, 1641462052.2916365, 1641462052.577046, 1641462052.855367, 1641462053.1345055, 1641462053.3643143, 1641462053.6433413, 1641462053.9226973, 1641462056.646323, 1641462057.7141454, 1641462058.7752223, 1641462059.844248, 1641462060.906196, 1641462061.9695683, 1641462064.8720522, 1641462065.9466155, 1641462067.014008, 1641462068.0915916, 1641462069.1554399, 1641462070.2281024, 1641462071.299733, 1641462074.1903126, 1641462075.2667058, 1641462076.3385596, 1641462077.4118595, 1641462078.4851491, 1641462079.5607305, 1641462080.6374707, 1641462083.5221293, 1641462084.5970864, 1641462085.6691732, 1641462086.739574, 1641462087.8101227, 1641462088.8873222, 1641462091.7662618, 1641462092.8411524, 1641462093.913051, 1641462094.9864357, 1641462096.0560458, 1641462097.1261444, 1641462098.1973002, 1641462101.0757122, 1641462102.147765, 1641462103.2170854, 1641462104.2886434, 1641462105.3600292, 1641462106.0689685, 1641462107.1401846, 1641462110.018404, 1641462111.090456, 1641462112.1605008, 1641462113.2333205, 1641462114.3088663, 1641462115.3828287, 1641462116.4539044, 1641462119.3365893, 1641462120.3938622, 1641462121.449676, 1641462122.5220513, 1641462123.5943792, 1641462124.6686077, 1641462127.5789957, 1641462128.65462, 1641462129.7298148, 1641462130.8011541, 1641462131.8760781, 1641462132.951779, 1641462134.0555625, 1641462136.928686, 1641462138.0040305, 1641462139.0782053, 1641462140.146491, 1641462141.2430494, 1641462142.314288, 1641462143.3860984, 1641462146.2609887, 1641462147.3316803, 1641462148.4019682, 1641462149.5009894, 1641462150.570099, 1641462151.6400008, 1641462154.3717291, 1641462155.4409597, 1641462156.5114362, 1641462157.6075969, 1641462158.679927, 1641462159.753848, 1641462160.8290892, 1641462163.7999399, 1641462164.8720906, 1641462165.946569, 1641462166.4803796, 1641462167.5572915, 1641462168.6311123, 1641462169.7035773, 1641462172.5303323, 1641462173.603394, 1641462174.6751208, 1641462175.7428966, 1641462176.8136625, 1641462177.8853383, 1641462178.9568303, 1641462182.031394, 1641462183.1045964, 1641462184.175547, 1641462185.2450407, 1641462186.313763, 1641462187.3832083, 1641462188.4537523, 1641462191.4075258, 1641462192.4802983, 1641462193.5502918, 1641462194.6184003, 1641462195.6939075, 1641462196.7641764, 1641462199.8456204, 1641462200.9143066, 1641462201.9843163, 1641462203.0541465, 1641462204.1267152, 1641462205.195978, 1641462206.2898047, 1641462209.7079878, 1641462210.7780669, 1641462211.8492653, 1641462212.92257, 1641462213.995226, 1641462215.0668395, 1641462216.139592, 1641462220.0342739, 1641462221.12918, 1641462222.1967144, 1641462223.2602525, 1641462224.3272474, 1641462225.3938398, 1641462229.3247378, 1641462230.3909187, 1641462231.457733, 1641462232.5205886, 1641462233.609968, 1641462234.6706667, 1641462235.7350082, 1641462239.5734282, 1641462240.6384501, 1641462241.7033887, 1641462242.7687242, 1641462243.8321795, 1641462244.8945432, 1641462245.9581368, 1641462249.8724256, 1641462250.9382122, 1641462252.0013747, 1641462253.0664148, 1641462254.1325588, 1641462255.1966562, 1641462259.2142072, 1641462260.2803848, 1641462261.3493521, 1641462262.4145348, 1641462263.478829, 1641462264.5459828, 1641462265.6097112, 1641462269.7100816, 1641462270.7728114, 1641462271.8356004, 1641462272.9008248, 1641462273.9647262, 1641462275.0289192, 1641462276.0941758, 1641462280.1024926, 1641462281.1682935, 1641462282.2322764, 1641462283.297533, 1641462284.3644936, 1641462285.429641, 1641462289.2055209, 1641462290.273275, 1641462291.3360467, 1641462292.4302325, 1641462293.497965, 1641462294.5663152, 1641462295.6340134, 1641462299.0291626, 1641462300.0963764, 1641462301.1609733, 1641462302.2284114, 1641462303.292755, 1641462304.3569345, 1641462305.421844, 1641462308.6050406, 1641462309.6698012, 1641462310.7350686, 1641462311.8009753, 1641462312.8672972, 1641462313.9329774, 1641462317.1190135, 1641462318.2144706, 1641462319.2874908, 1641462320.3609805, 1641462321.4328752, 1641462322.5052094, 1641462323.5794768, 1641462327.1349514, 1641462328.2043607, 1641462329.2690735, 1641462330.337332, 1641462331.4019535, 1641462332.468015, 1641462333.5353034, 1641462336.6009698, 1641462337.666448, 1641462338.7303889, 1641462339.7948089, 1641462340.8929543, 1641462341.9581733, 1641462344.9464183, 1641462346.0114439, 1641462347.1021786, 1641462348.1654077, 1641462349.230576, 1641462350.2975988, 1641462351.364175, 1641462354.355659, 1641462355.4215276, 1641462356.4838996, 1641462357.5501854, 1641462358.6150584, 1641462359.6773555, 1641462360.748446, 1641462363.9441452, 1641462365.0097947, 1641462366.07887, 1641462367.1431546, 1641462368.2074773, 1641462369.2737083, 1641462372.1698112, 1641462373.233814, 1641462374.3023565, 1641462375.3660078, 1641462376.4317877, 1641462377.4968894, 1641462378.5609412, 1641462381.4734588, 1641462382.5397189, 1641462383.6073413, 1641462384.673841, 1641462385.741859, 1641462386.8098865, 1641462387.8747065, 1641462390.7769191, 1641462391.850262, 1641462392.9240885, 1641462393.9940221, 1641462395.0686326, 1641462396.1377614, 1641462399.0073023, 1641462400.0676076, 1641462401.1288862, 1641462402.1902297, 1641462403.2499602, 1641462404.3108423, 1641462405.3676937, 1641462408.3437252, 1641462409.403725, 1641462410.4681568, 1641462411.5295033, 1641462412.5863476, 1641462413.6410756, 1641462414.6852884, 1641462416.8825674, 1641462417.9269323, 1641462418.9706063, 1641462420.006222, 1641462421.0745163, 1641462422.1106532, 1641462423.150419, 1641462426.0479803, 1641462427.085966, 1641462428.1507397, 1641462429.1916654, 1641462430.2218173, 1641462431.230914, 1641462432.2405221, 1641462435.1132696, 1641462436.1227582, 1641462437.1289668, 1641462438.1365573, 1641462439.145065, 1641462440.1545131, 1641462442.9663997, 1641462444.0046558, 1641462445.0434375, 1641462446.0786808, 1641462447.1158476, 1641462448.1499794, 1641462449.1891825, 1641462452.2615864, 1641462453.2963815, 1641462454.3329906, 1641462455.3718026, 1641462456.4126446, 1641462457.4530876, 1641462458.4927373, 1641462461.6155493, 1641462462.6531372, 1641462463.6880035, 1641462464.7272892, 1641462465.7669644, 1641462466.8013673, 1641462470.2754078, 1641462471.3160965, 1641462472.3535836, 1641462473.392502, 1641462474.430642, 1641462475.465823, 1641462476.5069091, 1641462479.9784336, 1641462481.0217934, 1641462482.064652, 1641462483.1068459, 1641462484.1476486, 1641462485.1889439, 1641462486.2300055, 1641462489.8351, 1641462490.876097, 1641462491.917746, 1641462492.9606936, 1641462494.0058532, 1641462495.0498228],