{"initial_reset_timestamp": 1641481243.544088, "timestamps": [1641481243.8857503, 1641481244.0661383, 1641481244.2683477, 1641481244.4459467, 1641481244.6225376, 1641481244.799412, 1641481244.9773884, 1641481245.1577995, 1641481245.3372428, 1641481245.5157776, 1641481248.7760181, 1641481248.9538567, 1641481249.1336691, 1641481249.3102212, 1641481249.490586, 1641481249.6671064, 1641481249.8437812, 1641481250.0217812, 1641481250.2338994, 1641481250.4110787, 1641481253.7789297, 1641481253.9572415, 1641481254.1349893, 1641481254.3134925, 1641481254.4911268, 1641481254.7024026, 1641481254.881159, 1641481255.0579953, 1641481255.239126, 1641481255.4170766, 1641481264.0069861, 1641481264.2260017, 1641481264.4115384, 1641481264.5972705, 1641481264.7834148, 1641481264.968935, 1641481265.1544857, 1641481265.3394856, 1641481265.5245657, 1641481265.7061934, 1641481274.355254, 1641481274.5391603, 1641481274.723922, 1641481274.9056702, 1641481275.0902524, 1641481275.2779107, 1641481275.4638886, 1641481275.6447651, 1641481275.8615437, 1641481276.0459626, 1641481284.9049063, 1641481285.089548, 1641481285.2726562, 1641481285.4921224, 1641481285.6769807, 1641481285.855188, 1641481286.04045, 1641481286.2239115, 1641481286.4093778, 1641481286.5952048, 1641481295.4696198, 1641481295.6483438, 1641481295.8308573, 1641481296.0128877, 1641481296.1967514, 1641481296.3822505, 1641481296.5669346, 1641481296.7760904, 1641481296.9533844, 1641481297.1385663, 1641481305.8839917, 1641481306.0672257, 1641481306.2453218, 1641481306.463594, 1641481306.639479, 1641481306.81829, 1641481306.9999223, 1641481307.1837213, 1641481307.3652914, 1641481307.5523233, 1641481316.4195528, 1641481316.5981252, 1641481316.7745032, 1641481316.951391, 1641481317.1278486, 1641481317.30451, 1641481317.4821515, 1641481317.6936643, 1641481317.8711133, 1641481318.0480573, 1641481327.191893, 1641481327.3767745, 1641481327.5626707, 1641481327.7469296, 1641481327.9297123, 1641481328.1143494, 1641481328.3005266, 1641481328.4862099, 1641481328.670365, 1641481328.8537195, 1641481337.5433452, 1641481337.721206, 1641481337.9040408, 1641481338.0794897, 1641481338.260658, 1641481338.4426801, 1641481338.6544573, 1641481338.8373833, 1641481339.021407, 1641481339.2041903, 1641481347.8815153, 1641481348.0975568, 1641481348.2766993, 1641481348.4589026, 1641481348.6421416, 1641481348.822349, 1641481349.0042164, 1641481349.185738, 1641481349.3716383, 1641481349.5541267, 1641481358.016119, 1641481358.198294, 1641481358.3830597, 1641481358.5656784, 1641481358.7465413, 1641481358.929041, 1641481359.1121013, 1641481359.298783, 1641481359.5152798, 1641481359.6981826, 1641481368.1865568, 1641481368.3698123, 1641481368.5482445, 1641481368.7310784, 1641481368.9456336, 1641481369.1303577, 1641481369.3130312, 1641481369.494998, 1641481369.6749227, 1641481369.8556683, 1641481378.3089912, 1641481378.5275211, 1641481378.709794, 1641481378.8927343, 1641481379.0762346, 1641481379.262322, 1641481379.44462, 1641481379.627734, 1641481379.809758, 1641481379.9920042, 1641481388.5325203, 1641481388.7205496, 1641481388.9080427, 1641481389.096271, 1641481389.2839942, 1641481389.4736373, 1641481389.6618621, 1641481389.8503962, 1641481390.0733378, 1641481390.260942, 1641481398.9303281, 1641481399.1141872, 1641481399.296222, 1641481399.474571, 1641481399.685243, 1641481399.8651924, 1641481400.0485742, 1641481400.2293622, 1641481400.4107225, 1641481400.593524, 1641481409.2454543, 1641481409.4660988, 1641481409.6518784, 1641481409.8398213, 1641481410.0265687, 1641481410.2124207, 1641481410.3988037, 1641481410.5853624, 1641481410.7717617, 1641481410.9569995, 1641481419.5201046, 1641481419.7028844, 1641481419.8870873, 1641481420.069561, 1641481420.251973, 1641481420.4370122, 1641481420.6203618, 1641481420.8365486, 1641481421.0198421, 1641481421.2020457, 1641481429.868723, 1641481430.0496757, 1641481430.2630978, 1641481430.4453115, 1641481430.6272779, 1641481430.8092022, 1641481430.9908822, 1641481431.1730149, 1641481431.3557281, 1641481431.5369654, 1641481440.255836, 1641481440.4380457, 1641481440.6203732, 1641481440.7997427, 1641481440.9801178, 1641481441.1613407, 1641481441.3394296, 1641481441.5594966, 1641481441.7411015, 1641481441.922769, 1641481450.4154217, 1641481450.5992856, 1641481450.783245, 1641481450.9994411, 1641481451.1824775, 1641481451.3655336, 1641481451.5470502, 1641481451.730869, 1641481451.9148307, 1641481452.0982585, 1641481460.601615, 1641481460.7737668, 1641481460.9449446, 1641481461.1152759, 1641481461.2866118, 1641481461.4584944, 1641481461.6298025, 1641481461.7998776, 1641481461.9701743, 1641481462.1412225, 1641481470.639022, 1641481470.8222067, 1641481471.004009, 1641481471.1872995, 1641481471.370128, 1641481471.5526555, 1641481471.7582896, 1641481471.9412405, 1641481472.123976, 1641481472.3063622, 1641481480.8891494, 1641481481.0627303, 1641481481.2367146, 1641481481.4462469, 1641481481.6210122, 1641481481.7957747, 1641481481.968211, 1641481482.1406786, 1641481482.3141518, 1641481482.4899602, 1641481491.1643808, 1641481491.3535602, 1641481491.5414243, 1641481491.729121, 1641481491.9062572, 1641481492.089102, 1641481492.275373, 1641481492.461979, 1641481492.6410978, 1641481492.865417, 1641481501.5146089, 1641481501.7034554, 1641481501.879466, 1641481502.051729, 1641481502.2333653, 1641481502.4098454, 1641481502.6304774, 1641481502.8197663, 1641481503.0075915, 1641481503.1978297, 1641481511.84402, 1641481512.028478, 1641481512.245036, 1641481512.4326155, 1641481512.6079352, 1641481512.7796764, 1641481512.9609478, 1641481513.1339908, 1641481513.3141105, 1641481513.5012047, 1641481522.1852047, 1641481522.3600545, 1641481522.5354946, 1641481522.710738, 1641481522.8860228, 1641481523.060173, 1641481523.2333817, 1641481523.4084692, 1641481523.5844295, 1641481523.7986465, 1641481532.5522518, 1641481532.73447, 1641481532.92224, 1641481533.1055636, 1641481533.2879887, 1641481533.5039613, 1641481533.6858387, 1641481533.8718212, 1641481534.0511117, 1641481534.2373152, 1641481542.90094, 1641481543.1228483, 1641481543.3120866, 1641481543.5016336, 1641481543.6894064, 1641481543.8787694, 1641481544.0663996, 1641481544.2546246, 1641481544.4426775, 1641481544.6303027, 1641481553.4379811, 1641481553.6232665, 1641481553.8106885, 1641481553.99802, 1641481554.183554, 1641481554.3692124, 1641481554.55702, 1641481554.7814822, 1641481554.9694164, 1641481555.1571987, 1641481563.8076317, 1641481563.995495, 1641481564.1823096, 1641481564.4035902, 1641481564.5915716, 1641481564.7784567, 1641481564.9663284, 1641481565.1538925, 1641481565.3411489, 1641481565.5293403, 1641481574.2315526, 1641481574.4104009, 1641481574.592506, 1641481574.7725768, 1641481574.9599204, 1641481575.1420636, 1641481575.3213203, 1641481575.5040958, 1641481575.689627, 1641481575.8683205, 1641481584.5949204, 1641481584.783062, 1641481584.9720585, 1641481585.160516, 1641481585.348218, 1641481585.5362568, 1641481585.7590845, 1641481585.9474604, 1641481586.1371317, 1641481586.3251917, 1641481595.0895581, 1641481595.256087, 1641481595.463208, 1641481595.6224027, 1641481595.7729383, 1641481595.9346313, 1641481596.0806625, 1641481596.2296042, 1641481596.3854609, 1641481596.5381792, 1641481596.7080784, 1641481596.8558235, 1641481597.0484047, 1641481597.1938877, 1641481597.3543649, 1641481597.5085433, 1641481597.6654894, 1641481597.8094466, 1641481597.9803705, 1641481606.7429268, 1641481606.9171987, 1641481607.1038373, 1641481607.2912323, 1641481607.4794555, 1641481607.6678023, 1641481607.8556778, 1641481608.0450478, 1641481608.2334461, 1641481608.4236617, 1641481608.6487143, 1641481617.4558783, 1641481617.6450465, 1641481617.7872438, 1641481617.9629936, 1641481618.140152, 1641481618.3281877, 1641481618.517515, 1641481618.7050042, 1641481618.8653715, 1641481619.0531466, 1641481619.2030046, 1641481619.3680398, 1641481619.557867, 1641481619.709784, 1641481628.459865, 1641481628.6135163, 1641481628.8015327, 1641481628.9897847, 1641481629.1766136, 1641481629.323296, 1641481629.5113044, 