{"initial_reset_timestamp": 1641460614.3986814, "timestamps": [1641460617.6455634, 1641460617.8620439, 1641460618.183711, 1641460618.4873385, 1641460618.780632, 1641460619.0700116, 1641460621.1497712, 1641460621.4387305, 1641460621.7252758, 1641460622.009315, 1641460622.2930315, 1641460622.5735354, 1641460622.742572, 1641460624.8944316, 1641460625.9691367, 1641460627.042418, 1641460628.1092134, 1641460629.184773, 1641460630.2569125, 1641460631.3397777, 1641460634.2536829, 1641460635.3227458, 1641460636.3891563, 1641460637.45273, 1641460638.5315213, 1641460639.6101184, 1641460640.6888862, 1641460643.6099484, 1641460644.7005684, 1641460645.782287, 1641460646.8721843, 1641460647.9603903, 1641460649.0459073, 1641460651.9586282, 1641460653.0508974, 1641460654.1346736, 1641460655.2232993, 1641460656.3066123, 1641460657.3932493, 1641460658.4779599, 1641460661.3823678, 1641460662.4533455, 1641460663.5286624, 1641460664.609706, 1641460665.689621, 1641460666.7643142, 1641460667.866144, 1641460670.7890859, 1641460671.8694508, 1641460672.9690073, 1641460674.0474904, 1641460675.1266074, 1641460676.2024822, 1641460679.0461137, 1641460680.1221018, 1641460680.5815494, 1641460681.6596029, 1641460682.7413979, 1641460683.818579, 1641460684.900787, 1641460685.9806328, 1641460688.8908446, 1641460689.9805937, 1641460691.0623562, 1641460692.1451564, 1641460693.0646253, 1641460694.1550252, 1641460695.2401211, 1641460698.1832864, 1641460699.2664948, 1641460700.3475804, 1641460701.4309773, 1641460702.5106564, 1641460703.6176834, 1641460706.5299306, 1641460707.62271, 1641460708.698366, 1641460709.7794566, 1641460710.8529005, 1641460711.9580543, 1641460713.0328355, 1641460715.9474416, 1641460717.0224473, 1641460718.0928223, 1641460719.1974368, 1641460720.2702703, 1641460721.3454905, 1641460722.4216492, 1641460725.2306585, 1641460726.3309927, 1641460727.4052238, 1641460728.4793863, 1641460729.563074, 1641460730.6463716, 1641460733.474339, 1641460734.578558, 1641460735.6544268, 1641460736.7283447, 1641460737.8099084, 1641460738.8884544, 1641460739.9660552, 1641460742.8168726, 1641460743.8913836, 1641460744.964153, 1641460746.0385246, 1641460747.1145365, 1641460748.191785, 1641460749.2701905, 1641460752.1866536, 1641460753.2601078, 1641460754.3373318, 1641460755.4137368, 1641460756.4890394, 1641460757.5649393, 1641460760.4896674, 1641460761.5618486, 1641460762.6382785, 1641460763.7115607, 1641460764.7834141, 1641460765.8568633, 1641460766.9317658, 1641460769.961168, 1641460771.0337439, 1641460772.1074388, 1641460773.1821382, 1641460774.255142, 1641460775.330216, 1641460776.4053192, 1641460780.7352278, 1641460781.807146, 1641460782.880606, 1641460783.9526973, 1641460785.0224266, 1641460786.0962725, 1641460789.3303146, 1641460790.4047549, 1641460791.4801245, 1641460792.5525653, 1641460793.658216, 1641460794.7312763, 1641460795.8047643, 1641460798.9130573, 1641460800.0183063, 1641460801.0928063, 1641460802.1635106, 1641460803.2356257, 1641460804.308075, 1641460805.3811448, 1641460808.7718513, 1641460809.8425004, 1641460810.9152143, 1641460811.9876277, 1641460813.062816, 1641460814.1409194, 1641460817.1890173, 1641460818.2686927, 1641460819.3527853, 1641460820.431491, 1641460821.5105696, 1641460822.5911849, 1641460823.674126, 1641460826.7939959, 1641460827.8729103, 1641460828.9520261, 1641460830.0301387, 1641460831.1088643, 1641460832.1874132, 1641460833.2597826, 1641460836.23049, 1641460837.310975, 1641460838.3897884, 1641460839.466632, 1641460840.543786, 1641460841.6216574, 1641460844.6113029, 1641460845.6947343, 1641460846.7733572, 1641460847.8546634, 1641460848.9315648, 1641460850.0117936, 1641460851.117075, 1641460854.1070678, 1641460855.1868563, 1641460856.2652202, 1641460857.341615, 1641460858.4209611, 1641460859.531578, 1641460860.6110382, 1641460863.56938, 1641460864.501868, 1641460865.5783637, 1641460866.6875947, 1641460867.768916, 1641460868.8488293, 1641460871.8093126, 1641460872.8839993, 1641460873.9655735, 1641460875.083103, 1641460876.1602492, 1641460877.241207, 1641460878.3189685, 1641460881.293351, 1641460882.3985507, 1641460883.478455, 1641460884.5597236, 1641460885.6409254, 1641460886.7172587, 1641460887.7943168, 1641460890.75605, 1641460891.8449793, 1641460892.9324386, 1641460894.0241172, 1641460895.1093726, 1641460896.1864932, 1641460899.184418, 1641460900.2701006, 1641460901.3450797, 1641460902.4154325, 1641460903.4870026, 1641460904.5591714, 1641460905.6309135, 1641460908.557322, 1641460909.6246889, 1641460910.6963224, 1641460911.7651489, 1641460912.8328345, 1641460913.8998773, 1641460914.9696493, 1641460917.9042401, 1641460918.9595578, 1641460920.0144007, 1641460921.062353, 1641460922.1148362, 1641460923.166259, 1641460926.046317, 1641460927.0970151, 1641460928.1458857, 1641460929.1907585, 1641460930.2458594, 1641460931.2988536, 1641460932.3498337, 1641460935.227838, 1641460936.2778182, 1641460937.328054, 1641460938.3749204, 1641460939.424875, 1641460940.4835646, 1641460941.529977, 1641460944.406419, 1641460945.460802, 1641460946.520706, 1641460947.5745757, 1641460948.6286175, 1641460949.6833413, 1641460952.5586567, 1641460953.6085227, 1641460954.6631246, 1641460955.722608, 1641460956.7804513, 1641460957.8643386, 1641460958.920407, 1641460961.789951, 1641460962.8443038, 1641460963.9038699, 1641460964.9633927, 1641460966.025473, 1641460967.0889647, 1641460968.1498168, 1641460971.0333946, 1641460972.0845218, 1641460973.1554244, 1641460974.2143614, 1641460975.270929, 1641460976.326062, 1641460979.1934953, 1641460980.2511537, 1641460981.306807, 1641460982.3642006, 1641460983.4196718, 1641460984.4783466, 1641460985.279589, 1641460988.1416144, 1641460989.2003818, 1641460990.256397, 1641460991.3202055, 1641460992.0831108, 1641460993.1680226, 1641460994.2237055, 1641460997.1646392, 1641460998.2181363, 1641460999.302588, 1641461000.3545551, 1641461001.4090295, 1641461002.461901, 1641461003.5128992, 1641461007.526558, 1641461008.581584, 1641461009.6377816, 1641461010.7221863, 1641461011.7779176, 1641461012.8344438, 1641461013.8893185, 1641461017.1980505, 1641461018.2618482, 1641461019.3412843, 1641461020.4234562, 1641461021.5018914, 1641461022.5846295, 1641461027.034764, 1641461028.119511, 1641461029.2037685, 1641461030.2857034, 1641461031.3612115, 1641461032.4399323, 1641461033.516725, 1641461037.81369, 1641461038.8935542, 1641461039.975646, 1641461041.050551, 1641461042.127075, 1641461043.2076254, 1641461044.2806299, 1641461048.8867354, 1641461049.9662516, 1641461051.041249, 1641461052.1168225, 1641461053.1868722, 1641461054.2928908, 1641461058.7593443, 1641461059.8368018, 1641461060.9413066, 1641461062.0167403, 1641461063.095651, 1641461064.1758401, 1641461065.2502842],