{"initial_reset_timestamp": 1641460616.2152772, "timestamps": [1641460616.5431516, 1641460616.7085714, 1641460616.8740935, 1641460617.0387797, 1641460617.2084403, 1641460617.3739517, 1641460617.5597565, 1641460620.0535536, 1641460620.2193518, 1641460620.3864112, 1641460620.5544276, 1641460620.7200058, 1641460620.9119334, 1641460621.0781946, 1641460623.761322, 1641460623.925861, 1641460624.0902915, 1641460624.2583044, 1641460624.4512, 1641460624.618244, 1641460624.783123, 1641460632.7380638, 1641460632.913099, 1641460633.1129794, 1641460633.287515, 1641460633.4597986, 1641460633.6374705, 1641460633.8115804, 1641460641.786584, 1641460641.958462, 1641460642.1319108, 1641460642.3047507, 1641460642.4780762, 1641460642.6523883, 1641460642.8250296, 1641460650.8087678, 1641460650.9802134, 1641460651.155497, 1641460651.3311396, 1641460651.5010667, 1641460651.674513, 1641460651.8467147, 1641460659.9039462, 1641460660.0743642, 1641460660.2468188, 1641460660.4185476, 1641460660.5914497, 1641460660.7651398, 1641460660.9360785, 1641460668.970555, 1641460669.1453648, 1641460669.3200552, 1641460669.4916797, 1641460669.6651998, 1641460669.8372715, 1641460670.0080214, 1641460677.952093, 1641460678.114862, 1641460678.2792945, 1641460678.443345, 1641460678.6079068, 1641460678.7726638, 1641460678.9347873, 1641460687.0326328, 1641460687.2042422, 1641460687.3759205, 1641460687.5466542, 1641460687.7180398, 1641460687.8879635, 1641460688.0587704, 1641460696.1334295, 1641460696.3077824, 1641460696.481437, 1641460696.6575089, 1641460696.8323772, 1641460697.0062187, 1641460697.1840107, 1641460705.1513784, 1641460705.325119, 1641460705.501851, 1641460705.6793401, 1641460705.8563592, 1641460706.0306334, 1641460706.2057962, 1641460714.231377, 1641460714.4068365, 1641460714.5817266, 1641460714.7588236, 1641460714.9355335, 1641460715.1130433, 1641460715.2896597, 1641460723.2521932, 1641460723.4165597, 1641460723.5844753, 1641460723.7534726, 1641460723.915712, 1641460724.077436, 1641460724.238005, 1641460732.1714113, 1641460732.3347852, 1641460732.4962482, 1641460732.6594675, 1641460732.8200967, 1641460732.9832933, 1641460733.149584, 1641460741.1509235, 1641460741.313113, 1641460741.474869, 1641460741.638133, 1641460741.8038952, 1641460741.996616, 1641460742.1580107, 1641460750.1268358, 1641460750.238107, 1641460750.4037526, 1641460750.567061, 1641460750.7596889, 1641460750.8689573, 1641460751.0319347, 1641460751.1946871, 1641460759.087443, 1641460759.2494998, 1641460759.4391954, 1641460759.6029153, 1641460759.70147, 1641460759.8635144, 1641460760.0038154, 1641460760.1652205, 1641460768.0944953, 1641460768.2158422, 1641460768.3690841, 1641460768.5341303, 1641460768.70143, 1641460768.8718395, 1641460769.030929, 1641460769.1367173, 1641460769.3030558, 1641460777.2137692, 1641460777.3124137, 1641460777.3973722, 1641460777.4895208, 1641460777.5808127, 1641460777.678037, 1641460777.77827, 1641460777.8884094, 1641460777.9837074, 1641460778.078188, 1641460778.1812718, 1641460778.284396, 1641460778.3771458, 1641460778.5037253, 1641460778.6061614, 1641460778.7423496, 1641460778.8511448, 1641460778.954062, 1641460779.0575078, 1641460779.1469543, 1641460779.2416482, 1641460779.3316424, 1641460779.4343705, 1641460779.5477803, 1641460779.63676, 1641460779.7450514, 1641460787.6653292, 1641460787.769927, 1641460787.9496837, 1641460788.0991292, 1641460788.2228549, 1641460788.3501701, 1641460788.5046396, 1641460788.6258304, 1641460788.743158, 1641460788.907581, 1641460789.0053508, 1641460796.9803045, 1641460797.142737, 1641460797.3276083, 1641460797.476602, 1641460797.6559548, 1641460797.8087058, 1641460797.9869156, 1641460798.1009068, 1641460798.2552958, 1641460806.1686876, 1641460806.3273137, 1641460806.5079644, 1641460806.618259, 1641460806.7148473, 1641460806.8568332, 1641460806.9535522, 1641460807.1085603, 1641460807.2339315, 1641460807.4132178, 1641460807.558126, 1641460807.648807, 1641460807.779515, 1641460815.7140265, 1641460815.894908, 1641460816.0386364, 1641460816.1850672, 1641460816.3656874, 1641460816.5468574, 1641460816.7273397, 1641460816.8640213, 1641460824.912159, 1641460825.0958776, 1641460825.2789617, 1641460825.463137, 1641460825.6462796, 1641460825.7650747, 1641460825.943177, 1641460826.1278083, 1641460834.151628, 1641460834.3359847, 1641460834.522761, 1641460834.7059882, 1641460834.8884974, 1641460835.0704067, 1641460835.2319772, 1641460843.1793919, 1641460843.3627832, 1641460843.5469146, 1641460843.7320192, 1641460843.9162717, 1641460844.099381, 1641460844.2837539, 1641460852.339801, 1641460852.5253654, 1641460852.7091506, 1641460852.8927627, 1641460853.0768967, 1641460853.259612, 1641460853.4431653, 1641460861.4819517, 1641460861.6625865, 1641460861.8444414, 1641460862.026373, 1641460862.2090256, 1641460862.3901546, 1641460862.5740864, 1641460870.5422769, 1641460870.7226615, 1641460870.9045732, 1641460871.0860677, 1641460871.266769, 1641460871.448622, 1641460871.6302361, 1641460879.683505, 1641460879.8665652, 1641460880.0510983, 1641460880.2338593, 1641460880.4156163, 1641460880.598949, 1641460880.7804086, 1641460888.8165894, 1641460888.9956894, 1641460889.1720839, 1641460889.3485723, 1641460889.5241284, 1641460889.728781, 1641460889.9089088, 1641460897.8927543, 1641460898.073778, 1641460898.2527976, 1641460898.438438, 1641460898.6195006, 1641460898.8250215, 1641460899.005961, 1641460906.9711485, 1641460907.1445563, 1641460907.3211207, 1641460907.5219302, 1641460907.6968634, 1641460907.8724108, 1641460908.048124, 1641460915.9858074, 1641460916.1608593, 1641460916.363019, 1641460916.5368414, 1641460916.7122416, 1641460916.8880765, 1641460917.061692, 1641460924.8150373, 1641460925.013633, 1641460925.183491, 1641460925.3555741, 1641460925.5277941, 1641460925.6998456, 1641460925.8721912, 1641460933.6943035, 1641460933.866187, 1641460934.0376923, 1641460934.2100358, 1641460934.3827698, 1641460934.5563498, 1641460934.7286735, 1641460942.5541222, 1641460942.726563, 1641460942.8975644, 1641460943.067723, 1641460943.2400115, 1641460943.4103594, 1641460943.5831933, 1641460951.3542168, 1641460951.528642, 1641460951.698412, 1641460951.8680096, 1641460952.0405931, 1641460952.2116058, 1641460952.3828235, 1641460960.2659268, 1641460960.4359303, 1641460960.60617, 1641460960.7766488, 1641460960.9470804, 1641460961.1162436, 1641460961.2863312, 1641460969.183048, 1641460969.354368, 1641460969.5245624, 1641460969.694951, 1641460969.8654013, 1641460970.0355728, 1641460970.2038195, 1641460977.998526, 1641460978.1678247, 1641460978.3388782, 1641460978.5101552, 1641460978.6793756, 1641460978.8491564, 1641460979.0173364, 1641460986.9331334, 1641460987.102516, 1641460987.272435, 1641460987.4420495, 1641460987.6128085, 1641460987.7815979, 1641460987.9526932, 1641460995.838339, 1641460995.9998026, 1641460996.176199, 1641460996.3499556, 1641460996.5239432, 1641460996.6296299, 1641460996.7690303, 1641460996.9445903, 1641461004.7291389, 1641461004.8584013, 1641461004.9516156, 1641461005.0554216, 1641461005.1718206, 1641461005.266777, 1641461005.3866398, 1641461005.4838653, 1641461005.5925682, 1641461005.6914153, 1641461005.78796, 1641461005.8947487, 1641461005.9837623, 1641461006.0869133, 1641461006.1780381, 1641461006.2788458, 1641461006.3917625, 1641461006.49625, 1641461006.5887744, 1641461006.6847217, 1641461006.7739048, 1641461006.8761926, 1641461006.982659, 1641461014.7631848, 1641461014.910379, 1641461015.0540805, 1641461015.1837907, 1641461015.2958794, 1641461015.3976574, 1641461015.5453446, 1641461015.6478848, 1641461015.850755, 1641461015.9977462, 1641461016.0989974, 1641461016.2136898, 1641461016.3275084, 1641461024.133214, 1641461024.2494836, 1641461024.3359225, 1641461024.4396493, 1641461024.5282652, 1641461024.615805, 1641461024.7074308, 1641461024.792085, 1641461024.8857338, 1641461024.9789033, 1641461025.0862901, 1641461025.1746302, 1641461025.2850924, 1641461025.3700042, 1641461025.4674735, 1641461025.563513, 1641461025.6540732, 1641461025.7670746, 1641461025.8575253, 1641461025.9631205, 