{"initial_reset_timestamp": 1641451322.6770098, "timestamps": [1641451322.999017, 1641451323.1640553, 1641451323.329819, 1641451323.493199, 1641451323.6593575, 1641451323.8220568, 1641451324.005371, 1641451326.4654849, 1641451326.630191, 1641451326.7939806, 1641451326.9576325, 1641451327.1208563, 1641451327.310403, 1641451327.473825, 1641451330.1341102, 1641451330.296035, 1641451330.4570143, 1641451330.6220443, 1641451330.811986, 1641451330.9764793, 1641451331.1393003, 1641451339.008959, 1641451339.162763, 1641451339.3391461, 1641451339.4899905, 1641451339.6416254, 1641451339.7916567, 1641451339.9400048, 1641451347.898976, 1641451348.0950065, 1641451348.266599, 1641451348.4360466, 1641451348.6080668, 1641451348.7791102, 1641451348.9488187, 1641451356.9234347, 1641451357.0934982, 1641451357.2671344, 1641451357.4375322, 1641451357.6066263, 1641451357.7767875, 1641451357.9477525, 1641451365.8455946, 1641451366.020933, 1641451366.197914, 1641451366.3763816, 1641451366.5527318, 1641451366.7259746, 1641451366.9034595, 1641451374.8183465, 1641451374.993051, 1641451375.16946, 1641451375.3443897, 1641451375.5184097, 1641451375.6925862, 1641451375.868074, 1641451383.8048487, 1641451383.97798, 1641451384.1510208, 1641451384.3248668, 1641451384.4970632, 1641451384.6685226, 1641451384.8411381, 1641451392.8319218, 1641451393.0047898, 1641451393.174413, 1641451393.344794, 1641451393.5160744, 1641451393.686106, 1641451393.85529, 1641451401.7451975, 1641451401.9171023, 1641451402.0914426, 1641451402.2668092, 1641451402.4378312, 1641451402.6085336, 1641451402.781095, 1641451410.6622982, 1641451410.8360336, 1641451411.0129497, 1641451411.1902351, 1641451411.3667533, 1641451411.541592, 1641451411.7162313, 1641451419.57967, 1641451419.754761, 1641451419.928618, 1641451420.1042998, 1641451420.2788184, 1641451420.4550292, 1641451420.6302202, 1641451428.4238436, 1641451428.5851624, 1641451428.7516034, 1641451428.9157484, 1641451429.0757456, 1641451429.2361321, 1641451429.3971956, 1641451437.2372737, 1641451437.3978283, 1641451437.5570352, 1641451437.7157226, 1641451437.8739655, 1641451438.0330715, 1641451438.223882, 1641451446.0327747, 1641451446.1924703, 1641451446.354507, 1641451446.5146837, 1641451446.7074993, 1641451446.8728204, 1641451447.036525, 1641451454.7816312, 1641451454.943941, 1641451455.1071017, 1641451455.2696853, 1641451455.4607582, 1641451455.6234906, 1641451455.7856457, 1641451463.5953028, 1641451463.7598686, 1641451463.9470615, 1641451464.1063378, 1641451464.2643855, 1641451464.4300265, 1641451464.591064, 1641451472.4224424, 1641451472.5845, 1641451472.7471375, 1641451472.9098442, 1641451473.074426, 1641451473.2396302, 1641451473.4052444, 1641451481.1568696, 1641451481.2768393, 1641451481.4419656, 1641451481.601298, 1641451481.7641737, 1641451481.926063, 1641451482.0344021, 1641451482.12941, 1641451482.28954, 1641451490.032798, 1641451490.1302295, 1641451490.3013158, 1641451490.3991923, 1641451490.5583615, 1641451490.6522174, 1641451490.8115368, 1641451490.8986998, 1641451491.0562105, 1641451491.1712444, 1641451491.3008852, 1641451491.3881378, 1641451491.4851077, 1641451499.3213706, 1641451499.4631202, 1641451499.639239, 1641451499.7387779, 1641451499.8784454, 1641451500.0221784, 1641451500.117083, 1641451500.2792144, 1641451500.4562714, 1641451500.555258, 1641451500.6723273, 1641451500.8009958, 1641451508.7110968, 1641451508.8906975, 1641451509.06791, 1641451509.2446291, 1641451509.4243567, 1641451509.6012335, 1641451509.6882975, 1641451509.8645253, 1641451517.6872568, 1641451517.7821786, 1641451517.9400635, 1641451518.0335288, 1641451518.208008, 1641451518.3124797, 1641451518.4590056, 1641451518.561215, 1641451518.6750357, 1641451518.7877376, 1641451518.9135885, 1641451519.0109634, 1641451519.1169746, 1641451519.2495892, 1641451527.1652489, 1641451527.343771, 1641451527.5226212, 1641451527.6993062, 1641451527.8758578, 1641451528.0499794, 1641451528.2261715, 1641451535.9916723, 1641451536.1486783, 1641451536.304431, 1641451536.4612505, 1641451536.6168706, 1641451536.775182, 1641451536.9340858, 1641451544.477837, 1641451544.637729, 1641451544.7968378, 1641451544.9527977, 1641451545.1073697, 1641451545.2658644, 1641451545.4511962, 1641451552.8628392, 1641451553.0227745, 1641451553.1880596, 1641451553.3431711, 1641451553.533684, 1641451553.6904867, 1641451553.8506293, 1641451561.2520893, 1641451561.41009, 1641451561.5704622, 1641451561.752715, 1641451561.9110932, 1641451562.0759757, 1641451562.240084, 1641451569.5737193, 1641451569.7359548, 1641451569.9199135, 1641451570.0779083, 1641451570.235205, 1641451570.3773377, 1641451570.533878, 1641451577.9389582, 1641451578.1262724, 1641451578.2826788, 1641451578.4377575, 1641451578.6008873, 1641451578.7595272, 1641451578.9216166, 1641451586.4142716, 1641451586.5811205, 1641451586.7404654, 1641451586.8988984, 1641451587.0573225, 1641451587.2186313, 1641451587.377919, 1641451594.9519362, 1641451595.1114902, 1641451595.269034, 1641451595.4257507, 1641451595.5853438, 1641451595.74518, 1641451595.90251, 1641451603.579915, 1641451603.7397928, 1641451603.897218, 1641451604.054656, 1641451604.216484, 1641451604.3789506, 1641451604.536472, 1641451612.1874795, 1641451612.3466225, 1641451612.5041623, 1641451612.659107, 1641451612.8162737, 1641451612.9760883, 1641451613.1345828, 1641451620.7011712, 1641451620.8581543, 1641451621.0167289, 1641451621.1759393, 1641451621.3326662, 1641451621.4913461, 1641451621.6493235, 1641451629.3051825, 1641451629.3893983, 1641451629.546813, 1641451629.704845, 1641451629.8638299, 1641451630.0213375, 1641451630.1724002, 1641451630.3313642, 1641451637.9750996, 1641451638.1329105, 1641451638.2893186, 1641451638.4462674, 1641451638.603817, 1641451638.7610073, 1641451638.9172611, 1641451646.492322, 1641451646.5920134, 1641451646.7480848, 1641451646.9080045, 1641451647.0665972, 1641451647.2221756, 1641451647.381143, 1641451647.5366118, 1641451655.1703732, 1641451655.3258536, 1641451655.482066, 1641451655.6404083, 1641451655.801015, 1641451655.9603643, 1641451656.1439106, 1641451663.7641203, 1641451663.9263859, 1641451664.038667, 1641451664.1973462, 1641451664.3565333, 1641451664.545307, 1641451664.70307, 1641451664.8606617, 1641451672.4256296, 1641451672.5362055, 1641451672.6931813, 1641451672.8805954, 1641451673.0411444, 1641451673.2023327, 1641451673.362442, 1641451673.4426827, 1641451673.600442, 1641451681.2676606, 1641451681.435281, 1641451681.6017241, 1641451681.7686205, 1641451681.9365828, 1641451682.1090815, 1641451682.2766378, 1641451689.9249008, 1641451690.0983212, 1641451690.2710173, 1641451690.4495397, 1641451690.6244018, 1641451690.7943969, 1641451690.969713, 1641451691.1423872, 1641451698.7584174, 1641451698.8739407, 1641451698.9793265, 1641451699.1254117, 1641451699.2542646, 1641451699.3614635, 1641451699.4941616, 1641451699.6376574, 1641451699.7716596, 1641451699.9195101, 1641451700.0239475, 1641451700.1381924, 1641451700.245311, 1641451700.347896, 1641451708.1551664, 1641451708.2636516, 1641451708.3721423, 1641451708.464583, 1641451708.6425955, 1641451708.774102, 1641451708.975001, 1641451709.1263604, 1641451709.2651243, 1641451709.4072924, 1641451709.5353394, 1641451717.3276641, 1641451717.464687, 1641451717.5902412, 1641451717.7583745, 1641451717.9310665, 1641451718.0711699, 1641451718.2426786, 1641451718.4216778, 1641451726.1485639, 1641451726.3199806, 1641451726.4928107, 1641451726.6668289, 1641451726.8403575, 1641451726.9628983, 1641451727.092937, 1641451727.264901, 1641451735.0427313, 1641451735.2145975, 1641451735.391604, 1641451735.5689986, 1641451735.74361, 1641451735.9222214, 1641451736.0327902, 1641451736.1406114, 1641451736.3140724, 1641451744.1086676, 1641451744.272566, 1641451744.3746214, 1641451744.5190349, 1641451744.6858692, 1641451744.8503983, 1641451745.0143297, 1641451745.181296],