{"initial_reset_timestamp": 1641451320.84399, "timestamps": [1641451324.0865443, 1641451324.3010883, 1641451324.6198435, 1641451324.9140532, 1641451325.2045045, 1641451325.4919643, 1641451327.5433192, 1641451327.8274395, 1641451328.1102638, 1641451328.3925893, 1641451328.6743186, 1641451328.9537108, 1641451329.236203, 1641451331.792736, 1641451332.8544996, 1641451333.9197628, 1641451334.9764798, 1641451336.0311952, 1641451337.1017628, 1641451338.1706927, 1641451340.3646803, 1641451341.4355426, 1641451342.505272, 1641451343.5799484, 1641451344.652307, 1641451345.7215912, 1641451346.799287, 1641451349.706453, 1641451350.7819204, 1641451351.6891236, 1641451352.7652287, 1641451353.8427775, 1641451354.9147012, 1641451355.983974, 1641451358.8738058, 1641451359.9521952, 1641451361.0264318, 1641451362.1009538, 1641451363.1734378, 1641451364.2438242, 1641451367.1589625, 1641451368.2182963, 1641451369.2813218, 1641451370.343834, 1641451371.4064744, 1641451372.470423, 1641451373.534164, 1641451376.4518468, 1641451377.515996, 1641451378.5902443, 1641451379.6603308, 1641451380.7222674, 1641451381.7886765, 1641451382.535183, 1641451385.323002, 1641451386.3941455, 1641451387.470403, 1641451388.542014, 1641451389.6184042, 1641451390.6936011, 1641451391.7631633, 1641451394.6731293, 1641451395.7415924, 1641451396.8112013, 1641451397.8820987, 1641451398.952597, 1641451400.0224936, 1641451402.9292598, 1641451403.9889543, 1641451405.047088, 1641451406.1058972, 1641451407.16865, 1641451408.224718, 1641451409.3072803, 1641451412.191287, 1641451413.2486992, 1641451414.3049903, 1641451415.3619816, 1641451416.4445207, 1641451417.5007246, 1641451418.5512917, 1641451421.4348042, 1641451422.4910653, 1641451423.5456789, 1641451424.6298845, 1641451425.6855345, 1641451426.744879, 1641451429.546084, 1641451430.5950887, 1641451431.674714, 1641451432.7276766, 1641451433.7885234, 1641451434.8435888, 1641451435.8974395, 1641451438.6998703, 1641451439.7517586, 1641451440.8047783, 1641451441.8537014, 1641451442.9082282, 1641451443.9619632, 1641451445.0164878, 1641451447.8410673, 1641451448.8922253, 1641451449.9437823, 1641451450.9961812, 1641451452.0514693, 1641451453.1065648, 1641451455.9335458, 1641451456.9862423, 1641451458.0371895, 1641451459.0885956, 1641451460.1429057, 1641451461.192076, 1641451462.246612, 1641451465.066296, 1641451466.117402, 1641451467.1697865, 1641451468.2221377, 1641451469.2769635, 1641451470.326093, 1641451471.3782163, 1641451474.2085235, 1641451475.2627203, 1641451476.3167627, 1641451477.3721216, 1641451478.4256017, 1641451479.4742484, 1641451482.4340305, 1641451483.4771805, 1641451484.5205271, 1641451485.5628617, 1641451486.609721, 1641451487.66628, 1641451488.7230215, 1641451491.9582016, 1641451493.0166888, 1641451494.0998933, 1641451494.9446485, 1641451496.0078404, 1641451497.0652204, 1641451498.123561, 1641451501.3987124, 1641451502.4621484, 1641451503.5232275, 1641451504.580792, 1641451505.6433566, 1641451506.7038174, 1641451507.7658682, 1641451510.7922165, 1641451511.856574, 1641451512.914437, 1641451513.9741933, 1641451515.0324934, 1641451516.0920792, 1641451519.5193603, 1641451520.5792649, 1641451521.6407316, 1641451522.7003753, 1641451523.7613993, 1641451524.8491824, 1641451525.9164128, 1641451528.8259861, 1641451529.8838706, 1641451530.9410973, 1641451532.016727, 1641451533.0440326, 1641451534.075098, 1641451535.1043203, 1641451537.8287241, 1641451538.8801672, 1641451539.903094, 1641451540.9257421, 1641451541.952423, 1641451542.979054, 1641451545.7017708, 1641451546.6973543, 1641451547.6923492, 1641451548.6844213, 1641451549.6785178, 1641451550.6758852, 1641451551.6705933, 1641451554.409942, 1641451555.4031148, 1641451556.396253, 1641451557.3874893, 1641451558.3812234, 1641451559.3760343, 1641451560.3673346, 1641451563.1091151, 1641451564.1026294, 1641451565.0985525, 1641451566.0909038, 1641451567.0863771, 1641451568.078927, 1641451570.7828753, 1641451571.7767982, 1641451572.7727091, 1641451573.767037, 1641451574.7587948, 1641451575.7532296, 1641451576.7484422, 1641451579.4834027, 1641451580.478903, 1641451581.474729, 1641451582.4703093, 1641451583.4625692, 1641451584.477363, 1641451585.5057273, 1641451588.2786984, 1641451589.3049705, 1641451590.330804, 1641451591.359717, 1641451592.3827732, 1641451593.411707, 1641451596.1636467, 1641451597.199922, 1641451598.2311068, 1641451599.259934, 1641451600.2892158, 1641451601.3175786, 1641451602.3460102, 1641451605.1152802, 1641451606.1443806, 1641451607.1708498, 1641451608.1991894, 1641451609.22334, 1641451610.249272, 1641451611.2730777, 1641451614.0314841, 1641451615.0565197, 1641451616.082214, 1641451617.1112874, 1641451618.1370163, 1641451619.1618793, 1641451621.9079275, 1641451622.9385135, 1641451623.964113, 1641451624.993412, 1641451626.020438, 1641451627.0444238, 1641451628.0712914, 1641451630.909656, 1641451631.9349046, 1641451632.9584756, 1641451633.9844234, 1641451635.009617, 1641451636.0628424, 1641451637.0915005, 1641451639.8178232, 1641451640.8434923, 1641451641.8689337, 1641451642.8939483, 1641451643.948913, 1641451644.9737895, 1641451647.7961946, 1641451648.820352, 1641451649.8722315, 1641451650.8962266, 1641451651.9201272, 1641451652.9450862, 1641451653.970723, 1641451656.7195923, 1641451657.746196, 1641451658.7729905, 1641451659.7998157, 1641451660.8283043, 1641451661.8563554, 1641451662.8825254, 1641451665.7569792, 1641451666.7882736, 1641451667.8161378, 1641451668.844425, 1641451669.8728664, 1641451670.9039707, 1641451673.8594687, 1641451674.890007, 1641451675.9189212, 1641451676.9505916, 1641451677.9799073, 1641451679.009948, 1641451680.039443, 1641451682.8543284, 1641451683.8861902, 1641451684.915597, 1641451685.9417863, 1641451686.9698572, 1641451687.9994855, 1641451689.0319097, 1641451692.0447998, 1641451693.0781264, 1641451694.1060297, 1641451695.1497319, 1641451696.197178, 1641451697.2408278, 1641451700.6121922, 1641451701.6584523, 1641451702.7351773, 1641451703.7822535, 1641451704.8284612, 1641451705.8766932, 1641451706.924364, 1641451710.126829, 1641451711.173187, 1641451712.223854, 1641451713.2710035, 1641451714.3152778, 1641451715.3610222, 1641451716.4082265, 1641451719.3369172, 1641451720.3824043, 1641451721.431545, 1641451722.4766793, 1641451723.523925, 1641451724.5725584, 1641451727.5297399, 1641451728.5755806, 1641451729.6213572, 1641451730.6912527, 1641451731.7384903, 1641451732.781569, 1641451733.823366, 1641451736.903311, 1641451737.951619, 1641451738.9981081, 1641451740.0446103, 1641451741.086966, 1641451742.136123, 1641451743.1786368, 1641451746.092698, 1641451747.1407893, 1641451748.1876009, 1641451749.2311676, 1641451750.3088372, 1641451751.3516576],