{"initial_reset_timestamp": 1641459242.9498394, "timestamps": [1641459246.1729183, 1641459246.388569, 1641459246.7049918, 1641459247.002483, 1641459247.2957723, 1641459247.58244, 1641459249.6372943, 1641459249.924154, 1641459250.160429, 1641459250.440763, 1641459250.7215025, 1641459251.0033875, 1641459251.2846227, 1641459253.6779692, 1641459254.753691, 1641459255.824442, 1641459256.8982217, 1641459257.9762938, 1641459259.055562, 1641459260.13245, 1641459263.0370786, 1641459264.1191027, 1641459265.1923752, 1641459266.270367, 1641459267.3452919, 1641459268.4219525, 1641459271.3086622, 1641459272.3890383, 1641459273.4635437, 1641459274.5435505, 1641459275.6196861, 1641459276.6957216, 1641459277.7711952, 1641459280.6638412, 1641459281.743975, 1641459282.8231382, 1641459283.9060557, 1641459284.9053063, 1641459285.9809268, 1641459287.0600445, 1641459289.9569883, 1641459291.0298374, 1641459292.1237483, 1641459293.2053924, 1641459294.2825584, 1641459295.353023, 1641459298.192448, 1641459299.2441418, 1641459300.2956083, 1641459301.3476377, 1641459302.400884, 1641459303.4510655, 1641459304.4999075, 1641459307.3341565, 1641459308.3832064, 1641459309.4304788, 1641459310.4806995, 1641459311.527165, 1641459312.5750933, 1641459313.6243875, 1641459316.4530551, 1641459317.501452, 1641459318.5459087, 1641459319.5943468, 1641459320.640065, 1641459321.6845398, 1641459324.4892247, 1641459325.5285888, 1641459326.5562084, 1641459327.585417, 1641459328.6156402, 1641459329.6467495, 1641459330.6754642, 1641459333.489338, 1641459334.5189488, 1641459335.5537539, 1641459336.5845358, 1641459337.6148036, 1641459338.6434605, 1641459339.6961722, 1641459342.4602299, 1641459343.4947975, 1641459344.530283, 1641459345.562081, 1641459346.5929682, 1641459347.6540277, 1641459350.4386463, 1641459351.467469, 1641459352.498958, 1641459353.5289905, 1641459354.590081, 1641459355.6192513, 1641459356.6528604, 1641459359.4269545, 1641459360.4563603, 1641459361.5133605, 1641459362.539412, 1641459363.568247, 1641459364.5982015, 1641459365.6292615, 1641459368.4379156, 1641459369.471066, 1641459370.4996617, 1641459371.5278847, 1641459372.5597103, 1641459373.590968, 1641459376.3988278, 1641459377.4291756, 1641459378.4604301, 1641459379.4949057, 1641459380.5258646, 1641459381.556244, 1641459382.587712, 1641459385.4045122, 1641459386.438734, 1641459387.485017, 1641459388.5381932, 1641459389.5884514, 1641459390.650838, 1641459391.7366807, 1641459394.7607589, 1641459395.8917336, 1641459396.9602149, 1641459398.0287087, 1641459399.0981467, 1641459400.1632776, 1641459403.336771, 1641459404.4027574, 1641459405.4679596, 1641459406.5354204, 1641459407.5979693, 1641459408.661651, 1641459409.725399, 1641459412.912952, 1641459413.9782877, 1641459415.0452895, 1641459416.1084933, 1641459417.169953, 1641459418.2612588, 1641459419.318558, 1641459422.305879, 1641459423.3685772, 1641459424.4285812, 1641459425.514804, 1641459426.5764802, 1641459427.6439152, 1641459430.7888741, 1641459431.8278875, 1641459432.8757036, 1641459433.9437628, 1641459435.0097642, 1641459436.0808322, 1641459437.1458204, 1641459440.1657343, 1641459441.2328026, 1641459442.2948887, 1641459443.3633897, 1641459444.42832, 1641459445.491646, 1641459446.5573876, 1641459449.6355166, 1641459450.7007976, 1641459451.7657423, 1641459452.8324945, 1641459453.9018788, 1641459454.9693432, 1641459458.1202047, 1641459459.1874835, 1641459460.2552493, 1641459461.32196, 1641459462.3880112, 1641459463.4541807, 1641459464.5218487, 1641459467.6852539, 1641459468.754091, 1641459469.8205032, 1641459470.9161763, 1641459471.9834347, 1641459473.0466137, 1641459474.1137695, 1641459477.4283268, 1641459478.4947927, 1641459479.5607708, 1641459480.6159365, 1641459481.6700344, 1641459482.724676, 1641459485.8071337, 1641459486.8643625, 1641459487.9149146, 1641459488.968569, 1641459490.021199, 1641459491.069213, 1641459492.1236694, 1641459495.1362774, 1641459496.1892638, 1641459497.2477424, 1641459498.3014758, 1641459499.3538299, 1641459500.408719, 1641459501.4828327, 1641459504.4483485, 1641459505.5049863, 1641459506.5619645, 1641459507.6144624, 1641459508.6685863, 1641459509.7203975, 1641459512.8024342, 1641459513.8397255, 1641459514.907531, 1641459515.972712, 1641459517.03896, 1641459518.1328723, 1641459519.2004895, 1641459522.158609, 1641459523.2188964, 1641459524.2747645, 1641459525.3595874, 1641459526.4143298, 1641459527.4733365, 1641459528.5461652, 1641459531.5963743, 1641459532.652597, 1641459533.7082224, 1641459534.7697365, 1641459535.8340104, 1641459536.8969774, 1641459540.1865554, 1641459541.2496858, 1641459542.3136852, 1641459543.3775005, 1641459544.4426703, 1641459545.5058055, 1641459546.5877368, 1641459549.733002, 1641459550.7937825, 1641459551.853444, 1641459552.9141996, 1641459553.974048, 1641459555.036416, 1641459556.0990028, 1641459559.2866018, 1641459560.348098, 1641459561.4056516, 1641459562.458247, 1641459563.5392277, 1641459564.597092, 1641459567.819641, 1641459568.8766077, 1641459569.9329329, 1641459570.9948392, 1641459572.051002, 1641459573.108483, 1641459574.1686208, 1641459577.321361, 1641459578.3790321, 1641459579.4389634, 1641459580.4963665, 1641459581.5565245, 1641459582.611706, 1641459583.6764371, 1641459586.8887095, 1641459587.9182599, 1641459588.9528525, 1641459589.9878168, 1641459591.017559, 1641459592.0498936, 1641459595.1404028, 1641459596.1687927, 1641459597.2022262, 1641459598.2661443, 1641459599.2972684, 1641459600.3262272, 1641459601.3582761, 1641459604.4223685, 1641459605.4505289, 1641459606.4882958, 1641459607.5211399, 1641459608.5510502, 1641459609.5848753, 1641459610.6244583, 1641459614.0974362, 1641459615.1336153, 1641459616.1657395, 1641459617.202128, 1641459618.236778, 1641459619.27208, 1641459622.7855568, 1641459623.8137279, 1641459624.847727, 1641459625.8825305, 1641459626.91232, 1641459627.9429176, 1641459628.981551, 1641459632.113323, 1641459633.1460748, 1641459634.1765726, 1641459635.213256, 1641459636.241365, 1641459637.2749665, 1641459638.3139973, 1641459641.5037193, 1641459642.5553055, 1641459643.6145952, 1641459644.6681585, 1641459645.720762, 1641459646.768794, 1641459649.8652403, 1641459650.9131103, 1641459651.9604614, 1641459653.0306337, 1641459654.075972, 1641459655.1296453, 1641459656.1800067, 1641459659.2743359, 1641459660.321284, 1641459661.3679607, 1641459662.4163036, 1641459663.4641237, 1641459664.5126162, 1641459665.5599768, 1641459668.66957, 1641459669.7284274, 1641459670.8172839, 1641459671.8683796, 1641459672.914858, 1641459673.9656293, 1641459676.996577, 1641459678.0454943, 1641459679.0939035, 1641459680.1443996, 1641459681.222924, 1641459682.302387, 1641459683.3467317],