{"initial_reset_timestamp": 1641459244.7728007, "timestamps": [1641459245.101943, 1641459245.2652302, 1641459245.431507, 1641459245.5947988, 1641459245.7573485, 1641459245.9181435, 1641459246.1012852, 1641459248.554842, 1641459248.7174022, 1641459248.8812816, 1641459249.0472724, 1641459249.2134178, 1641459249.403358, 1641459249.5676625, 1641459252.2395153, 1641459252.401573, 1641459252.565408, 1641459252.7280605, 1641459252.9177382, 1641459253.083958, 1641459253.2497575, 1641459261.21569, 1641459261.3850179, 1641459261.5827866, 1641459261.755456, 1641459261.9271533, 1641459262.0991933, 1641459262.2713623, 1641459270.1651309, 1641459270.3335564, 1641459270.5303135, 1641459270.7043774, 1641459270.8735833, 1641459271.0421112, 1641459271.2109647, 1641459279.2120595, 1641459279.3804328, 1641459279.55048, 1641459279.720445, 1641459279.8896055, 1641459280.0598269, 1641459280.2310772, 1641459288.2449884, 1641459288.4172258, 1641459288.5870557, 1641459288.7549696, 1641459288.9231894, 1641459289.09287, 1641459289.2617567, 1641459297.169735, 1641459297.3363917, 1641459297.503748, 1641459297.6706245, 1641459297.8363855, 1641459298.001621, 1641459298.1678758, 1641459305.989698, 1641459306.156545, 1641459306.3220267, 1641459306.4882033, 1641459306.6548345, 1641459306.8203912, 1641459306.984907, 1641459314.7850676, 1641459314.9508739, 1641459315.1170824, 1641459315.2823207, 1641459315.4485834, 1641459315.6134088, 1641459315.7787087, 1641459323.4927442, 1641459323.653769, 1641459323.8168151, 1641459323.9798872, 1641459324.1411424, 1641459324.304182, 1641459324.4660964, 1641459332.1563764, 1641459332.3225536, 1641459332.4859705, 1641459332.6500676, 1641459332.8166456, 1641459332.9819171, 1641459333.1470892, 1641459340.8134968, 1641459340.9764109, 1641459341.1405394, 1641459341.3055196, 1641459341.47061, 1641459341.633965, 1641459341.796444, 1641459349.4236374, 1641459349.5888174, 1641459349.7536829, 1641459349.9195955, 1641459350.0851521, 1641459350.249578, 1641459350.4154658, 1641459358.09667, 1641459358.2618146, 1641459358.4265957, 1641459358.5912697, 1641459358.7539804, 1641459358.916797, 1641459359.082046, 1641459366.7570648, 1641459366.9238126, 1641459367.0882308, 1641459367.252904, 1641459367.4176083, 1641459367.5811837, 1641459367.77489, 1641459375.3589933, 1641459375.522896, 1641459375.688228, 1641459375.8535225, 1641459376.0198324, 1641459376.2108781, 1641459376.375279, 1641459384.040129, 1641459384.2053916, 1641459384.3712242, 1641459384.5360975, 1641459384.727183, 1641459384.8918135, 1641459385.0585103, 1641459392.85281, 1641459393.028312, 1641459393.2343187, 1641459393.4111, 1641459393.5842144, 1641459393.7612135, 1641459393.9351516, 1641459394.072459, 1641459401.9955626, 1641459402.1511486, 1641459402.3282864, 1641459402.5060601, 1641459402.655308, 1641459402.7595618, 1641459402.8652627, 1641459403.0346074, 1641459403.1703064, 1641459403.3117542, 1641459411.2000813, 1641459411.3050249, 1641459411.4783275, 1641459411.621539, 1641459411.8009026, 1641459411.97884, 1641459412.0817013, 1641459412.2596962, 1641459412.3799248, 1641459412.5565543, 1641459420.4656389, 1641459420.642383, 1641459420.819837, 1641459420.9652011, 1641459421.1418862, 1641459421.3027596, 1641459421.4477832, 1641459421.6228526, 1641459429.4271019, 1641459429.5511944, 1641459429.7124617, 1641459429.8505683, 1641459429.977142, 1641459430.0773296, 1641459430.2486937, 1641459430.4223483, 1641459430.5917883, 1641459430.7652998, 1641459438.6391053, 1641459438.817585, 1641459438.9255042, 1641459439.129312, 1641459439.2680166, 1641459439.449293, 1641459439.6288598, 1641459439.8087134, 1641459447.7239604, 1641459447.9027667, 1641459448.0118198, 1641459448.1883392, 1641459448.3640082, 1641459448.545386, 1641459448.6425972, 1641459448.787527, 1641459448.95069, 1641459456.7421312, 1641459456.9207191, 1641459457.1015005, 1641459457.2296698, 1641459457.3561735, 1641459457.446728, 1641459457.622902, 1641459457.7404509, 1641459457.917377, 1641459458.0961142, 1641459466.0458548, 1641459466.1695306, 1641459466.3479996, 1641459466.4769318, 1641459466.5941966, 1641459466.6988523, 1641459466.8748028, 1641459467.039675, 1641459467.1852727, 1641459467.3289807, 1641459475.2090888, 1641459475.3850343, 1641459475.5378652, 1641459475.639265, 1641459475.751103, 1641459475.9275243, 1641459476.0292454, 1641459476.1727107, 1641459476.2870436, 1641459476.436509, 1641459476.5985513, 1641459476.7398136, 1641459484.5324373, 1641459484.6421885, 1641459484.7780244, 1641459484.9540348, 1641459485.1324155, 1641459485.3099446, 1641459485.458503, 1641459485.6160724, 1641459485.782761, 1641459493.6346333, 1641459493.811779, 1641459493.9944549, 1641459494.1707108, 1641459494.312064, 1641459494.48827, 1641459494.6581678, 1641459494.784671, 1641459502.6604838, 1641459502.8280501, 1641459503.0056312, 1641459503.1849725, 1641459503.3141696, 1641459503.4900894, 1641459503.6682818, 1641459503.7710936, 1641459511.5994291, 1641459511.711443, 1641459511.8400981, 1641459512.017183, 1641459512.1951954, 1641459512.372222, 1641459512.4786813, 1641459512.6038377, 1641459512.7791684, 1641459520.6586902, 1641459520.7863376, 1641459520.947986, 1641459521.128364, 1641459521.3077052, 1641459521.487751, 1641459521.6518817, 1641459521.8054662, 1641459529.677206, 1641459529.854362, 1641459529.9606073, 1641459530.0940452, 1641459530.2708576, 1641459530.4188821, 1641459530.5975502, 1641459530.7357187, 1641459530.9126027, 1641459538.7176716, 1641459538.8251438, 1641459538.94508, 1641459539.1241415, 1641459539.2782876, 1641459539.4803202, 1641459539.6168575, 1641459539.7362816, 1641459539.8367596, 1641459539.9817972, 1641459540.1626763, 1641459548.1097085, 1641459548.2291553, 1641459548.3749378, 1641459548.495115, 1641459548.6218476, 1641459548.7465234, 1641459548.8524532, 1641459549.0259614, 1641459549.2065063, 1641459549.3782277, 1641459557.2790556, 1641459557.3958132, 1641459557.5010276, 1641459557.6110463, 1641459557.7852938, 1641459557.9000938, 1641459558.005516, 1641459558.1540372, 1641459558.263277, 1641459558.4400108, 1641459558.6059315, 1641459566.4228997, 1641459566.5490344, 1641459566.712678, 1641459566.86852, 1641459567.0193615, 1641459567.1263123, 1641459567.2389102, 1641459567.338254, 1641459567.499818, 1641459567.6272945, 1641459567.7961986, 1641459575.6138697, 1641459575.7690222, 1641459575.891613, 1641459576.0480797, 1641459576.2539244, 1641459576.355393, 1641459576.4783325, 1641459576.656893, 1641459576.7922192, 1641459576.9710233, 1641459584.8453834, 1641459584.9559174, 1641459585.0642395, 1641459585.1623425, 1641459585.2770119, 1641459585.3759212, 1641459585.4830236, 1641459585.620867, 1641459585.7629516, 1641459585.9299347, 1641459586.103798, 1641459586.2236185, 1641459593.8222218, 1641459593.945636, 1641459594.0929267, 1641459594.2105653, 1641459594.3822176, 1641459594.513534, 1641459594.6553867, 1641459594.8273227, 1641459594.9474988, 1641459595.1170537, 1641459602.8230367, 1641459602.9688675, 1641459603.1418128, 1641459603.2921093, 1641459603.4214807, 1641459603.5384693, 1641459603.6359932, 1641459603.762426, 1641459603.906564, 1641459604.0796828, 1641459611.705021, 1641459611.8004994, 1641459611.903342, 1641459611.9954867, 1641459612.1862183, 1641459612.3106947, 1641459612.411124, 1641459612.5053034, 1641459612.627843, 1641459612.712955, 1641459612.8223877, 1641459612.9930925, 1641459613.1217873, 1641459613.2569876, 1641459613.432414, 1641459621.0498085, 1641459621.1894457, 1641459621.3632379, 1641459621.471421, 1641459621.5693877, 1641459621.6809168, 1641459621.781103, 1641459621.8793087, 1641459621.9877572, 1641459622.1106648, 1641459622.2226136, 1641459622.3155682, 1641459622.42095, 1641459622.5610433, 1641459622.7620559, 1641459630.3838606, 1641459630.4916673, 1641459630.6029108, 1641459630.7705128, 1641459630.8954084, 1641459631.0311027, 1641459631.1988292, 1641459631.3100522, 1641459631.472307, 1641459631.6477094, 1641459631.7674756, 1641459639.4361823, 1641459639.5784476, 1641459639.7187555, 1641459639.8385985, 