{"initial_reset_timestamp": 1641463974.5580192, "timestamps": [1641463977.775315, 1641463977.9644947, 1641463978.289014, 1641463978.589874, 1641463978.879496, 1641463979.1704054, 1641463981.2202866, 1641463981.503078, 1641463981.7856908, 1641463982.0691993, 1641463982.3490245, 1641463982.6302977, 1641463982.9077852, 1641463985.3768332, 1641463986.4442499, 1641463987.506126, 1641463988.5919292, 1641463989.654299, 1641463990.7198231, 1641463991.790096, 1641463994.6647308, 1641463995.729402, 1641463996.5889401, 1641463997.6535754, 1641463998.7161968, 1641463999.7818499, 1641464002.6342769, 1641464003.696268, 1641464004.752195, 1641464005.8035786, 1641464006.8529706, 1641464007.9034, 1641464008.958349, 1641464011.7717953, 1641464012.8216171, 1641464013.870199, 1641464014.9195662, 1641464015.9681885, 1641464017.0195708, 1641464018.0663488, 1641464020.873446, 1641464021.9210112, 1641464022.9665368, 1641464024.0183504, 1641464025.0692706, 1641464026.118523, 1641464028.9490917, 1641464029.9996052, 1641464031.0519285, 1641464032.107307, 1641464033.1555376, 1641464034.2064755, 1641464035.2583475, 1641464038.0875342, 1641464039.1378765, 1641464040.1929314, 1641464041.2516642, 1641464042.3036277, 1641464043.355101, 1641464044.4090974, 1641464047.9228861, 1641464048.975939, 1641464050.0252798, 1641464051.074863, 1641464052.1236944, 1641464053.1733587, 1641464056.8447707, 1641464057.8919342, 1641464058.9432974, 1641464059.990935, 1641464061.0286646, 1641464062.0819452, 1641464063.16386, 1641464067.191388, 1641464068.2495465, 1641464069.3039153, 1641464070.364955, 1641464071.4198797, 1641464072.478418, 1641464073.5528276, 1641464077.4407098, 1641464078.320913, 1641464079.3722658, 1641464080.4257195, 1641464081.486243, 1641464082.5436654, 1641464083.6014843, 1641464087.6276488, 1641464088.6855497, 1641464089.7403097, 1641464090.7135873, 1641464091.764446, 1641464092.815171, 1641464095.9286911, 1641464096.9742959, 1641464098.024811, 1641464099.0759854, 1641464100.1564748, 1641464101.2044125, 1641464102.2528071, 1641464105.31356, 1641464106.3501184, 1641464107.3852665, 1641464108.4238, 1641464109.4589286, 1641464110.4929953, 1641464111.525423, 1641464114.493287, 1641464115.525923, 1641464116.5612168, 1641464117.5949385, 1641464118.6284688, 1641464119.664788, 1641464122.464445, 1641464123.4992774, 1641464124.5338333, 1641464125.5681436, 1641464126.6029525, 1641464127.6394777, 1641464128.6751835, 1641464131.4202046, 1641464132.455755, 1641464133.4925385, 1641464134.5406263, 1641464135.6015658, 1641464136.6628714, 1641464137.7294736, 1641464140.5375717, 1641464141.5990758, 1641464142.6673434, 1641464143.7301404, 1641464144.7949314, 1641464145.8566656, 1641464148.663039, 1641464149.7288167, 1641464150.7923036, 1641464151.8569582, 1641464152.9203, 1641464153.9829693, 1641464155.0429428, 1641464157.9813478, 1641464159.0447247, 1641464159.9032445, 1641464160.966996, 1641464162.031273, 1641464163.0921738, 1641464164.1909788, 1641464166.9709299, 1641464168.0364356, 1641464169.1020052, 1641464170.1653812, 1641464171.2298121, 1641464172.3237479, 1641464173.3874748, 1641464176.1648657, 1641464177.2341807, 1641464178.3000076, 1641464179.3994236, 1641464180.4707584, 1641464181.5384676, 1641464184.3231833, 1641464185.3876264, 1641464186.4524403, 1641464187.5485694, 1641464188.6160777, 1641464189.6850636, 1641464190.7474144, 1641464193.686978, 1641464194.7515705, 1641464195.8181083, 1641464196.8829846, 1641464197.946999, 1641464199.0140696, 1641464200.0805821, 1641464202.9068127, 1641464203.9688203, 1641464205.0358143, 1641464206.1030695, 1641464207.1941261, 1641464208.2621176, 1641464211.4299326, 1641464212.496421, 1641464213.5650356, 1641464214.628645, 1641464215.6966834, 1641464216.7641673, 1641464217.8283658, 1641464222.3797226, 1641464223.442776, 1641464224.5091662, 1641464225.572687, 1641464226.635796, 1641464227.7007375, 1641464228.7661512, 1641464233.480717, 1641464234.5516186, 1641464235.6163323, 1641464236.6803901, 1641464237.7463596, 1641464238.8151846, 1641464243.0565543, 1641464244.1205044, 1641464245.185304, 1641464246.254092, 1641464247.3158667, 1641464248.3812869, 1641464249.4502594, 1641464254.337814, 1641464255.4064107, 1641464256.470411, 1641464257.5367908, 1641464258.6038148, 1641464259.6688187, 1641464260.734012, 1641464266.1505413, 1641464267.2158978, 1641464268.2837648, 1641464269.34982, 1641464270.4171572, 1641464271.4814446, 1641464276.8250146, 1641464277.889833, 1641464278.9589763, 1641464280.0260096, 1641464281.0911102, 1641464282.1576545, 1641464283.2219644, 1641464287.7451544, 1641464288.8126812, 1641464289.8810112, 1641464290.9394968, 1641464291.9955645, 1641464293.0499985, 1641464294.1039217, 1641464299.6798904, 1641464300.739211, 1641464301.7959936, 1641464302.848579, 1641464303.9055004, 1641464304.962772, 1641464309.7608018, 1641464310.814227, 1641464311.8730526, 1641464312.9326456, 1641464313.9894438, 1641464315.0466976, 1641464316.107545, 1641464320.5380945, 1641464321.5962725, 1641464322.6547394, 1641464323.7159946, 1641464324.7773154, 1641464325.8348255, 1641464326.8927782, 1641464331.5114148, 1641464332.5751443, 1641464333.6334627, 1641464334.69351, 1641464335.7514715, 1641464336.809442, 1641464341.742948, 1641464342.8038516, 1641464343.8655066, 1641464344.925296, 1641464345.9859087, 1641464347.045268, 1641464348.105755, 1641464352.9577837, 1641464354.0148916, 1641464355.0754874, 1641464356.1300488, 1641464357.1754766, 1641464358.2515035, 1641464359.3008006, 1641464363.5624793, 1641464364.6076584, 1641464365.6807258, 1641464366.7269144, 1641464367.7658844, 1641464368.8103237, 1641464373.3821735, 1641464374.4313343, 1641464375.4748688, 1641464376.503708, 1641464377.5622094, 1641464378.6306467, 1641464379.6961462, 1641464384.4686878, 1641464385.535533, 1641464386.596166, 1641464387.657765, 1641464388.724717, 1641464389.8130627, 1641464390.8768091, 1641464395.867593, 1641464396.9371262, 1641464397.999798, 1641464399.0686994, 1641464400.1342492, 1641464401.1983466, 1641464406.3541105, 1641464407.417852, 1641464408.4811804, 1641464409.5469694, 1641464410.6102183, 1641464411.6769729, 1641464412.7432487, 1641464417.7222872, 1641464418.7702157, 1641464419.8189733, 1641464420.8655205, 1641464421.9135604, 1641464422.988734, 1641464424.030229, 1641464429.0599167, 1641464430.1075628, 1641464431.1575305, 1641464432.2030926, 1641464433.245285, 1641464434.292406, 1641464439.3634422, 1641464440.411114, 1641464441.4532156, 1641464442.5005758, 1641464443.5454233, 1641464444.589146, 1641464445.6380217, 1641464450.5996466, 1641464451.6476185, 1641464452.6941411, 1641464453.7641237, 1641464454.8097818, 1641464455.8515248, 1641464456.8952355],