{"initial_reset_timestamp": 1641462496.9581165, "timestamps": [1641462500.1187592, 1641462500.2440784, 1641462500.5873165, 1641462500.8861825, 1641462501.176463, 1641462501.461989, 1641462503.444659, 1641462503.732714, 1641462504.0187068, 1641462504.3023727, 1641462504.586182, 1641462504.8643923, 1641462505.1450527, 1641462507.426555, 1641462508.5148685, 1641462509.6134262, 1641462510.7008684, 1641462511.7917073, 1641462512.8855548, 1641462513.7961159, 1641462516.7286634, 1641462517.8269243, 1641462518.9183335, 1641462520.0181706, 1641462521.109291, 1641462522.2143464, 1641462523.3127859, 1641462526.1539483, 1641462527.2599614, 1641462528.360336, 1641462529.4652169, 1641462530.569334, 1641462531.6924183, 1641462534.5292363, 1641462534.9505227, 1641462536.04632, 1641462537.1524472, 1641462538.2547987, 1641462539.3583353, 1641462539.8539548, 1641462540.9564512, 1641462541.4459658, 1641462544.0922024, 1641462545.1969397, 1641462546.1859186, 1641462547.286129, 1641462547.998228, 1641462549.099112, 1641462550.2044764, 1641462553.0557103, 1641462554.1577306, 1641462554.620063, 1641462555.5736706, 1641462556.6692514, 1641462557.7322342, 1641462558.833571, 1641462559.935045, 1641462562.8227677, 1641462563.9245844, 1641462564.2169173, 1641462565.315398, 1641462565.7024403, 1641462566.8332474, 1641462567.2013636, 1641462568.3023481, 1641462571.0963979, 1641462572.2018046, 1641462572.7877905, 1641462573.9059927, 1641462575.0000143, 1641462576.0872295, 1641462577.0949028, 1641462578.1869707, 1641462581.7649057, 1641462582.7160156, 1641462583.2140267, 1641462583.3841984, 1641462584.0308638, 1641462584.530175, 1641462585.227241, 1641462585.8214571, 1641462586.9085143, 1641462587.3750978, 1641462588.452959, 1641462592.401329, 1641462593.0479596, 1641462593.6243477, 1641462594.0529683, 1641462595.1348987, 1641462595.68085, 1641462596.7678401, 1641462597.1876318, 1641462597.8637404, 1641462598.5396261, 1641462599.034937, 1641462603.2915876, 1641462603.7091255, 1641462604.1903834, 1641462604.626428, 1641462604.8647888, 1641462605.2454011, 1641462605.7215962, 1641462606.8098435, 1641462607.7346919, 1641462608.066066, 1641462608.925258, 1641462610.0164564, 1641462614.1494915, 1641462615.2411656, 1641462616.3209221, 1641462617.4021335, 1641462617.9547234, 1641462619.04183, 1641462619.886925, 1641462623.993045, 1641462625.0843484, 1641462626.1749322, 1641462627.2628272, 1641462628.3565433, 1641462629.445826, 1641462630.530383, 1641462634.7166924, 1641462635.8055298, 1641462636.89309, 1641462637.9802384, 1641462639.071627, 1641462640.1558037, 1641462643.7884092, 1641462644.8755336, 1641462645.958167, 1641462647.046741, 1641462648.1333365, 1641462649.221774, 1641462650.3126671, 1641462654.3499937, 1641462655.4733396, 1641462656.5722857, 1641462657.6747727, 1641462658.7750533, 1641462659.8799427, 1641462660.9755597, 1641462665.304849, 1641462666.399812, 1641462667.501891, 1641462668.6000175, 1641462669.698116, 1641462670.797356, 1641462675.5642126, 1641462676.6626396, 1641462677.7621706, 1641462678.8626778, 1641462679.9645212, 1641462681.06057, 1641462682.1541934, 1641462686.6187558, 1641462687.7234519, 1641462688.8205686, 1641462689.922568, 1641462691.0219285, 1641462692.1081092, 1641462693.1959693, 1641462697.7040348, 1641462698.789089, 1641462699.8753877, 1641462700.945266, 1641462702.015937, 1641462703.1091576, 1641462707.730097, 1641462708.7994394, 1641462709.863014, 1641462710.932524, 1641462712.0018728, 1641462713.0693803, 1641462714.1366332, 1641462718.7113402, 1641462719.7794714, 1641462720.8521256, 1641462721.9222343, 1641462722.990351, 1641462724.06061, 1641462725.1329257, 1641462729.9163632, 1641462730.9905095, 1641462732.0852525, 1641462733.1553247, 1641462734.226964, 1641462735.2961278, 1641462740.0777543, 1641462741.1488676, 1641462742.217379, 1641462743.291319, 1641462744.3621633, 1641462745.4302804, 1641462746.5013132, 1641462751.2891612, 1641462752.3584235, 1641462753.426752, 1641462754.4951282, 1641462755.591677, 1641462756.6649175, 1641462757.7339597, 1641462762.5800323, 1641462763.6551156, 1641462764.7317407, 1641462765.8023186, 1641462766.8769944, 1641462767.9522843, 1641462773.039825, 1641462774.111327, 1641462775.1910622, 1641462776.2641368, 1641462777.3371382, 1641462778.4108117, 1641462779.4837599, 1641462784.4785848, 1641462785.5487316, 1641462786.6244314, 1641462787.6961339, 1641462788.771124, 1641462789.842841, 1641462790.9165182, 1641462796.1458392, 1641462797.218392, 1641462798.2886868, 1641462799.3611717, 1641462800.4321816, 1641462801.507697, 1641462806.7437637, 1641462807.8211265, 1641462808.8963628, 1641462809.9728174, 1641462811.048897, 1641462812.1223543, 1641462813.1915543, 1641462818.2479365, 1641462819.3239045, 1641462820.4001384, 1641462821.47214, 1641462822.5797527, 1641462823.6534004, 1641462824.727965, 1641462829.7336926, 1641462830.806091, 1641462831.882374, 1641462832.95472, 1641462834.0265815, 1641462835.0999599, 1641462840.185035, 1641462841.2552931, 1641462842.3267899, 1641462843.402495, 1641462844.4769804, 1641462845.551827, 1641462846.6253943, 1641462851.8372, 1641462852.911711, 1641462853.9822314, 1641462855.0866776, 1641462856.16151, 1641462857.233843, 1641462858.3064463, 1641462863.3746696, 1641462864.4505322, 1641462865.5251596, 1641462866.5982413, 1641462867.6729004, 1641462868.7470968, 1641462873.975015, 1641462875.041007, 1641462876.115002, 1641462877.187667, 1641462878.258053, 1641462879.330114, 1641462880.403383, 1641462885.4692667, 1641462886.5659654, 1641462887.6321774, 1641462888.7046626, 1641462889.7735288, 1641462890.8453465, 1641462891.9159741, 1641462896.8528564, 1641462897.9230502, 1641462898.9940546, 1641462900.0681636, 1641462901.134703, 1641462902.2075622, 1641462907.5010495, 1641462908.5757074, 1641462909.6490784, 1641462910.7196944, 1641462911.7931964, 1641462912.8637273, 1641462913.9369814, 1641462919.2236276, 1641462920.2976284, 1641462921.3718505, 1641462922.4418862, 1641462923.5170069, 1641462924.5902603, 1641462925.6613162, 1641462930.657281, 1641462931.728943, 1641462932.803501, 1641462933.8772142, 1641462934.9754472, 1641462936.0490322, 1641462940.818687, 1641462941.8927581, 1641462942.9646554, 1641462944.0389016, 1641462945.1120894, 1641462946.1891603, 1641462947.2610261, 1641462952.5615377, 1641462953.6333563, 1641462954.710842, 1641462955.7799923, 1641462956.8547583, 1641462957.924848, 1641462958.9987998, 1641462964.231163, 1641462965.3009527, 1641462966.4023454, 1641462967.4746156, 1641462968.5478766, 1641462969.6214633, 1641462974.7439008, 1641462975.8165913, 1641462976.8906898, 1641462977.9608183, 1641462979.0321298, 1641462980.1051111, 1641462981.1770806, 1641462986.3245323, 1641462987.3969393, 1641462988.474122, 1641462989.5485604, 1641462990.6234667, 1641462991.6970363, 1641462992.7709606, 1641462997.993082, 1641462999.0717998, 1641463000.1462233, 1641463001.2195325, 1641463002.2905347, 1641463003.362075, 1641463008.5621214, 1641463009.6300578, 1641463010.7136302, 1641463011.8394494, 1641463012.9640594, 1641463014.0684934, 1641463015.1676252],