{"initial_reset_timestamp": 1641453142.0441916, "timestamps": [1641453145.3296852, 1641453145.5426376, 1641453145.86176, 1641453146.1612558, 1641453146.451421, 1641453146.7389624, 1641453148.87066, 1641453149.156954, 1641453149.3508217, 1641453149.630035, 1641453149.9087548, 1641453150.1587443, 1641453150.4372456, 1641453152.6476245, 1641453153.7452815, 1641453154.8302321, 1641453155.9145043, 1641453156.999818, 1641453158.0860753, 1641453159.177326, 1641453162.0433757, 1641453163.138421, 1641453164.2375314, 1641453165.338602, 1641453166.4385073, 1641453167.5340028, 1641453168.633871, 1641453171.4631143, 1641453172.5703664, 1641453173.6694617, 1641453174.7691035, 1641453175.8643699, 1641453176.971338, 1641453179.7996862, 1641453180.8994505, 1641453181.9975927, 1641453183.0996175, 1641453184.1947448, 1641453185.297242, 1641453186.3958263, 1641453189.2210164, 1641453190.3182063, 1641453191.418949, 1641453192.5210574, 1641453193.6219704, 1641453194.7176082, 1641453195.81621, 1641453198.6605053, 1641453199.7585092, 1641453200.8531806, 1641453201.948353, 1641453203.036494, 1641453204.136173, 1641453207.0008514, 1641453208.1003644, 1641453209.2041068, 1641453210.3031216, 1641453211.400464, 1641453212.49991, 1641453213.6002085, 1641453216.4497514, 1641453217.5536094, 1641453218.6537097, 1641453219.7566617, 1641453220.8577971, 1641453221.9590516, 1641453223.0550802, 1641453225.8719974, 1641453226.957658, 1641453228.0460596, 1641453229.1382046, 1641453230.2320673, 1641453231.3256636, 1641453234.204036, 1641453235.300903, 1641453236.397079, 1641453237.4945135, 1641453238.590346, 1641453239.6803966, 1641453240.8002625, 1641453243.8865323, 1641453244.9815648, 1641453246.070756, 1641453247.1895914, 1641453248.2781358, 1641453249.3681672, 1641453250.461027, 1641453253.3118067, 1641453254.430734, 1641453255.5234194, 1641453256.619479, 1641453257.7108073, 1641453258.8056364, 1641453263.07783, 1641453264.168252, 1641453265.2602587, 1641453266.3499372, 1641453267.440354, 1641453268.53017, 1641453269.6213248, 1641453272.739338, 1641453273.82595, 1641453274.915334, 1641453276.006016, 1641453277.0929515, 1641453278.1825626, 1641453279.2713602, 1641453283.2146814, 1641453284.3053484, 1641453285.3924499, 1641453286.4805846, 1641453287.5724978, 1641453288.664072, 1641453292.7189915, 1641453293.805422, 1641453294.9160194, 1641453296.0079222, 1641453297.0998728, 1641453298.189876, 1641453299.2849262, 1641453303.5419462, 1641453304.6573389, 1641453305.746806, 1641453306.839138, 1641453307.9297376, 1641453309.023228, 1641453310.116972, 1641453314.3959463, 1641453315.4905922, 1641453316.580347, 1641453317.6751075, 1641453318.764808, 1641453319.8592257, 1641453323.9857194, 1641453325.1079602, 1641453326.1969976, 1641453327.2913194, 1641453328.38408, 1641453329.4766538, 1641453330.5650668, 1641453334.6937408, 1641453335.783332, 1641453336.9020176, 1641453337.9898314, 1641453339.0831943, 1641453340.1752183, 1641453341.263828, 1641453345.6246796, 1641453346.714519, 1641453347.8017259, 1641453348.8962462, 1641453349.9894478, 1641453351.0769765, 1641453355.241735, 1641453356.331297, 1641453357.423202, 1641453358.5101883, 1641453359.6004908, 1641453360.693927, 1641453361.7888932, 1641453366.2265384, 1641453367.318336, 1641453368.4068494, 1641453369.4979029, 1641453370.5922337, 1641453371.683631, 1641453372.7749505, 1641453377.422727, 1641453378.5161633, 1641453379.6040037, 1641453380.6962438, 1641453381.7890916, 1641453382.8815453, 1641453387.3509748, 1641453388.439875, 1641453389.5318987, 1641453390.6227305, 1641453391.7169003, 1641453392.806757, 1641453393.89458, 1641453398.255337, 1641453399.3511078, 1641453400.4418175, 1641453401.5342743, 1641453402.6237612, 1641453403.743889, 1641453404.8360543, 1641453409.195941, 1641453410.283483, 1641453411.4025776, 1641453412.492344, 1641453413.5849128, 1641453414.6771207, 1641453419.2683146, 1641453420.35987, 1641453421.4541414, 1641453422.5531945, 1641453423.6509504, 1641453424.7477844, 1641453425.850095, 1641453430.511899, 1641453431.6083698, 1641453432.7065756, 1641453433.8009467, 1641453434.8873096, 1641453435.9708805, 1641453437.0612683, 1641453441.571928, 1641453442.6574507, 1641453443.747729, 1641453444.8473308, 1641453445.9377398, 1641453447.0532393, 1641453451.6118925, 1641453452.7289495, 1641453453.820442, 1641453454.9093828, 1641453456.000524, 1641453457.0902958, 1641453458.1821427, 1641453462.576594, 1641453463.6688244, 1641453464.7591283, 1641453465.8471854, 1641453466.9384398, 1641453468.028511, 1641453469.1211715, 1641453473.9255257, 1641453475.0133939, 1641453476.1013536, 1641453477.1930807, 1641453478.2853022, 1641453479.3745604, 1641453484.0271525, 1641453485.1162052, 1641453486.2091634, 1641453487.2992613, 1641453488.4173572, 1641453489.5058954, 1641453490.5972471, 1641453494.9976628, 1641453496.1222987, 1641453497.2132852, 1641453498.3025157, 1641453499.3928943, 1641453500.484613, 1641453501.5749283, 1641453506.4466052, 1641453507.5391212, 1641453508.6296263, 1641453509.7212934, 1641453510.814296, 1641453511.9026537, 1641453516.4805872, 1641453517.573314, 1641453518.6640575, 1641453519.7547617, 1641453520.844155, 1641453521.938687, 1641453523.06295, 1641453527.477741, 1641453528.5760925, 1641453529.6739297, 1641453530.7944126, 1641453531.893838, 1641453532.9946592, 1641453534.090625, 1641453538.5326636, 1641453539.6318533, 1641453540.7308362, 1641453541.8237877, 1641453542.9120514, 1641453544.003474, 1641453548.4848475, 1641453549.5756173, 1641453550.6633582, 1641453551.7535112, 1641453552.846544, 1641453553.939166, 1641453555.0315022, 1641453559.403214, 1641453560.4961913, 1641453561.5883315, 1641453562.6806917, 1641453563.770695, 1641453564.8613183, 1641453565.9516187, 1641453570.6010432, 1641453571.6896513, 1641453572.779258, 1641453573.8691406, 1641453574.95303, 1641453576.0454879, 1641453580.699027, 1641453581.788508, 1641453582.9063427, 1641453583.9960856, 1641453585.0843565, 1641453586.1739476, 1641453587.2633212, 1641453591.611288, 1641453592.699251, 1641453593.7658296, 1641453594.830866, 1641453595.8991046, 1641453596.9617307, 1641453598.0266097, 1641453602.5019891, 1641453603.57175, 1641453604.6405756, 1641453605.7107818, 1641453606.779464, 1641453607.8501298, 1641453612.544518, 1641453613.6167696, 1641453614.683855, 1641453615.7547083, 1641453616.823585, 1641453617.8954978, 1641453618.989841, 1641453623.631598, 1641453624.7049448, 1641453625.7719166, 1641453626.8444412, 1641453627.9169805, 1641453628.9867551, 1641453630.054468, 1641453635.0809233, 1641453636.1509478, 1641453637.2244582, 1641453638.291996, 1641453639.3600843, 1641453640.4561634],