{"initial_reset_timestamp": 1641470336.081757, "timestamps": [1641470339.204347, 1641470339.3374915, 1641470339.682041, 1641470339.9826179, 1641470340.2747295, 1641470340.5641446, 1641470342.5365899, 1641470342.818649, 1641470343.097235, 1641470343.380639, 1641470343.6597323, 1641470343.9425218, 1641470344.2234135, 1641470346.4965982, 1641470347.5792732, 1641470348.6508405, 1641470349.7182586, 1641470350.7793665, 1641470351.8446622, 1641470352.9210272, 1641470355.6748898, 1641470356.7520463, 1641470357.8262756, 1641470358.9004488, 1641470359.974409, 1641470361.0510232, 1641470363.815934, 1641470364.8903959, 1641470365.970037, 1641470367.0464194, 1641470368.1281452, 1641470369.2064054, 1641470370.284079, 1641470373.067238, 1641470374.1457171, 1641470375.221467, 1641470376.302381, 1641470377.3851504, 1641470378.4627554, 1641470379.5389621, 1641470382.3233826, 1641470383.3999953, 1641470384.4757, 1641470385.5542634, 1641470386.63394, 1641470387.7105167, 1641470390.4844868, 1641470391.5601997, 1641470392.6370683, 1641470393.716538, 1641470394.790617, 1641470395.8664172, 1641470396.9405177, 1641470399.726468, 1641470400.8022404, 1641470401.879957, 1641470402.9625876, 1641470404.0412047, 1641470405.1226602, 1641470406.1999843, 1641470408.9885929, 1641470410.0628746, 1641470411.115589, 1641470412.1711545, 1641470413.218778, 1641470414.2703648, 1641470416.98627, 1641470418.0381846, 1641470419.0872755, 1641470420.137524, 1641470421.1917627, 1641470422.241402, 1641470423.2918465, 1641470426.0074923, 1641470427.0610168, 1641470428.1108713, 1641470429.1625395, 1641470430.2121344, 1641470431.2852986, 1641470432.3360274, 1641470435.1267464, 1641470436.1769114, 1641470437.2260447, 1641470438.2715838, 1641470439.3484175, 1641470440.3949003, 1641470443.0986388, 1641470444.1437166, 1641470445.1901693, 1641470446.264159, 1641470447.316021, 1641470448.367618, 1641470449.415324, 1641470452.2274513, 1641470453.2781298, 1641470454.253584, 1641470455.305781, 1641470456.3598087, 1641470457.408394, 1641470458.4592223, 1641470461.1432178, 1641470462.2205224, 1641470463.271603, 1641470464.3220234, 1641470465.3727252, 1641470466.4196622, 1641470467.4668717, 1641470470.3348193, 1641470471.3870707, 1641470472.4360216, 1641470473.4848049, 1641470474.5394733, 1641470475.5881186, 1641470478.4653494, 1641470479.5145347, 1641470480.5679417, 1641470481.6184807, 1641470482.509586, 1641470483.560727, 1641470484.6133745, 1641470487.4626274, 1641470488.5138516, 1641470489.5654552, 1641470490.6121974, 1641470491.6604154, 1641470492.7117825, 1641470493.7566628, 1641470496.607884, 1641470497.6540833, 1641470498.7015247, 1641470499.7525032, 1641470500.7967048, 1641470501.8429008, 1641470502.890512, 1641470505.7235904, 1641470506.7723665, 1641470507.8192973, 1641470508.8645396, 1641470509.914055, 1641470510.9577088, 1641470513.766478, 1641470514.8118656, 1641470515.8806462, 1641470516.928146, 1641470517.971721, 1641470519.0211399, 1641470520.0702095, 1641470522.9516509, 1641470523.9990113, 1641470525.0477266, 1641470526.0046358, 1641470527.0525448, 1641470528.1013184, 1641470529.1489959, 1641470531.982789, 1641470533.0286815, 1641470534.078405, 1641470535.1252234, 1641470536.1744163, 1641470537.2256415, 1641470540.0621269, 1641470541.1100752, 1641470542.1640477, 1641470543.2139125, 1641470544.2582157, 1641470545.3072033, 1641470546.3527699, 1641470549.215932, 1641470550.26522, 1641470551.3131304, 1641470552.3634002, 1641470553.4154773, 1641470554.4654405, 1641470555.509978, 1641470558.3639982, 1641470559.3924463, 1641470560.4098668, 1641470561.423727, 1641470562.4409695, 1641470563.4995348, 1641470566.328684, 1641470567.3789308, 1641470568.4255633, 1641470569.4746518, 1641470570.5232887, 1641470571.59544, 1641470572.6484413, 1641470575.4482694, 1641470576.499015, 1641470577.5523136, 1641470578.6274002, 1641470579.6767757, 1641470580.7317085, 1641470581.7843587, 1641470584.6192975, 1641470585.6726801, 1641470586.7600856, 1641470587.5386524, 1641470588.5928617, 1641470589.6477664, 1641470590.7005374, 1641470593.5051072, 1641470594.235333, 1641470595.2881281, 1641470596.3412926, 1641470597.3950593, 1641470598.450374, 1641470599.5036542, 1641470602.326769, 1641470603.3748097, 1641470604.425992, 1641470605.4753342, 1641470606.5253005, 1641470607.4636035, 1641470610.319248, 1641470611.3693495, 1641470612.4217403, 1641470613.4718213, 1641470614.5212073, 1641470615.57362, 1641470616.6239436, 1641470619.1869123, 1641470620.2374287, 1641470621.2914405, 1641470622.3447688, 1641470623.3986037, 1641470624.4528103, 1641470625.5040367, 1641470628.3646028, 1641470629.4201632, 1641470630.4733548, 1641470631.5302508, 1641470632.5850496, 1641470633.6422892, 1641470634.6982787, 1641470637.5580373, 1641470638.6127188, 1641470639.667414, 1641470640.716485, 1641470641.7671404, 1641470642.8197768, 1641470645.6841555, 1641470646.7347898, 1641470647.6098156, 1641470648.6650794, 1641470649.7167733, 1641470650.7692983, 1641470651.8208194, 1641470654.6809645, 1641470655.7340748, 1641470656.7886548, 1641470657.8409312, 1641470658.8944879, 1641470659.9465635, 1641470660.9979954, 1641470663.8463953, 1641470664.8995192, 1641470665.9512317, 1641470667.006193, 1641470668.0589812, 1641470669.1117117, 1641470671.8473337, 1641470672.8996773, 1641470673.954214, 1641470675.006572, 1641470676.0607212, 1641470677.1111028, 1641470678.1636186, 1641470681.0193264, 1641470682.069207, 1641470683.1196265, 1641470684.1702087, 1641470685.2222998, 1641470686.2235615, 1641470687.2391846, 1641470690.0902433, 1641470691.140152, 1641470692.1931865, 1641470693.2493918, 1641470694.299753, 1641470695.3636289, 1641470696.4174647, 1641470699.2559998, 1641470700.307615, 1641470701.358147, 1641470702.4411263, 1641470703.4941132, 1641470704.5446413, 1641470707.363239, 1641470708.419347, 1641470709.4716156, 1641470710.5495956, 1641470711.604822, 1641470712.6595533, 1641470713.7100608, 1641470716.535828, 1641470717.61453, 1641470718.6690276, 1641470719.7204723, 1641470720.773901, 1641470721.8236747, 1641470722.876345, 1641470725.714219, 1641470726.767838, 1641470727.7174976, 1641470728.7712185, 1641470729.8226597, 1641470730.8743992, 1641470733.7186556, 1641470734.7689269, 1641470735.821146, 1641470736.8705828, 1641470737.9216793, 1641470738.9793677, 1641470740.032986, 1641470742.8960102, 1641470743.9460247, 1641470744.9981065, 1641470746.0535483, 1641470747.1050262, 1641470748.16031, 1641470749.2137182, 1641470752.069235, 1641470753.1207008, 1641470754.177, 1641470755.2276137, 1641470756.2793121, 1641470757.3322687, 1641470760.2085881, 1641470761.261624, 1641470762.3112042, 1641470763.3650067, 1641470764.4191334, 1641470765.471601, 1641470766.5222785],