{"initial_reset_timestamp": 1641470337.8987467, "timestamps": [1641470338.2151287, 1641470338.3661566, 1641470338.5174172, 1641470338.6650493, 1641470338.8163655, 1641470338.9667792, 1641470339.1388779, 1641470341.5893602, 1641470341.73982, 1641470341.8898885, 1641470342.042617, 1641470342.1940935, 1641470342.3710122, 1641470342.5205622, 1641470345.1621766, 1641470345.3129933, 1641470345.464884, 1641470345.6134722, 1641470345.7895346, 1641470345.9415622, 1641470346.0940807, 1641470354.0073125, 1641470354.1596537, 1641470354.337871, 1641470354.4884124, 1641470354.638783, 1641470354.7886424, 1641470354.9426706, 1641470362.8155637, 1641470362.966696, 1641470363.1451862, 1641470363.2972941, 1641470363.4500751, 1641470363.6007118, 1641470363.7528718, 1641470371.7514782, 1641470371.9049392, 1641470372.057686, 1641470372.2100842, 1641470372.3623593, 1641470372.5150104, 1641470372.6683319, 1641470380.6733508, 1641470380.8242304, 1641470380.9755943, 1641470381.1287065, 1641470381.28091, 1641470381.4347916, 1641470381.5892868, 1641470389.5025208, 1641470389.6552908, 1641470389.8089504, 1641470389.9621081, 1641470390.115004, 1641470390.2669568, 1641470390.4192705, 1641470398.4080353, 1641470398.5605524, 1641470398.714741, 1641470398.8667395, 1641470399.0226576, 1641470399.175827, 1641470399.3278189, 1641470407.3335414, 1641470407.4865868, 1641470407.64037, 1641470407.792833, 1641470407.9462364, 1641470408.1002026, 1641470408.254636, 1641470416.0312145, 1641470416.1795473, 1641470416.3280199, 1641470416.4782596, 1641470416.6290329, 1641470416.7764235, 1641470416.9241574, 1641470424.7235296, 1641470424.872912, 1641470425.0211363, 1641470425.1695344, 1641470425.3207912, 1641470425.4705381, 1641470425.6175337, 1641470433.4237628, 1641470433.5934238, 1641470433.7639496, 1641470433.934116, 1641470434.089629, 1641470434.257994, 1641470434.4101605, 1641470442.1284213, 1641470442.2907965, 1641470442.4398272, 1641470442.5877335, 1641470442.7367625, 1641470442.8859367, 1641470443.0357082, 1641470450.825308, 1641470450.9933767, 1641470451.1626077, 1641470451.3317735, 1641470451.5003686, 1641470451.6691773, 1641470451.8373506, 1641470459.6531582, 1641470459.827841, 1641470460.0016878, 1641470460.1738918, 1641470460.3456957, 1641470460.518656, 1641470460.6895268, 1641470468.495149, 1641470468.6690872, 1641470468.842597, 1641470469.0182977, 1641470469.1895337, 1641470469.3859406, 1641470469.556742, 1641470477.2862518, 1641470477.4561205, 1641470477.626344, 1641470477.7969866, 1641470477.9678707, 1641470478.1666005, 1641470478.3364763, 1641470486.1260204, 1641470486.296718, 1641470486.4611905, 1641470486.6589885, 1641470486.828557, 1641470486.9974205, 1641470487.164311, 1641470494.9354596, 1641470495.1326945, 1641470495.3028462, 1641470495.4723103, 1641470495.6422858, 1641470495.8143477, 1641470495.9844866, 1641470503.769446, 1641470503.9370074, 1641470504.1055577, 1641470504.2732532, 1641470504.4410014, 1641470504.6104999, 1641470504.777998, 1641470512.486107, 1641470512.6511774, 1641470512.8142467, 1641470512.9796119, 1641470513.142881, 1641470513.306494, 1641470513.469448, 1641470521.3029552, 1641470521.4692948, 1641470521.6398904, 1641470521.8115506, 1641470521.9840574, 1641470522.156984, 1641470522.329058, 1641470530.1199327, 1641470530.2900097, 1641470530.4529593, 1641470530.6183722, 1641470530.788348, 1641470530.95631, 1641470531.1243353, 1641470538.8527348, 1641470539.0213556, 1641470539.1820009, 1641470539.3522778, 1641470539.5194745, 1641470539.6863947, 1641470539.8551023, 1641470547.6587217, 1641470547.8293376, 1641470548.0020893, 1641470548.1736329, 1641470548.342318, 1641470548.5113223, 1641470548.684627, 1641470556.4878416, 1641470556.6592238, 1641470556.8287125, 1641470556.9986901, 1641470557.1691167, 1641470557.3390102, 1641470557.5084453, 1641470565.0983636, 1641470565.271373, 1641470565.4407647, 1641470565.6088288, 1641470565.780257, 1641470565.9481416, 1641470566.121562, 1641470573.9239373, 1641470574.0874035, 1641470574.2525728, 1641470574.4199567, 1641470574.583991, 1641470574.7492437, 1641470574.913752, 1641470582.740162, 1641470582.9105895, 1641470583.0807078, 1641470583.250203, 1641470583.4200563, 1641470583.5893602, 1641470583.7590199, 1641470591.585901, 1641470591.750498, 1641470591.9128711, 1641470592.0724006, 1641470592.2399719, 1641470592.4019039, 1641470592.5914514, 1641470600.3865423, 1641470600.5548913, 1641470600.719579, 1641470600.882522, 1641470601.0422213, 1641470601.236771, 1641470601.4102871, 1641470609.1200657, 1641470609.2902014, 1641470609.456173, 1641470609.6272197, 1641470609.8241987, 1641470609.9941297, 1641470610.164216, 1641470617.9549136, 1641470618.1050248, 1641470618.282335, 1641470618.4298806, 1641470618.5777638, 1641470618.7458885, 1641470618.895929, 1641470626.724474, 1641470626.8897164, 1641470627.062362, 1641470627.232484, 1641470627.4056354, 1641470627.5763092, 1641470627.746709, 1641470635.587873, 1641470635.758422, 1641470635.9268622, 1641470636.0937464, 1641470636.267254, 1641470636.4369032, 1641470636.611023, 1641470644.3751895, 1641470644.5436656, 1641470644.7142296, 1641470644.8816173, 1641470645.0473065, 1641470645.217058, 1641470645.3900013, 1641470653.2168643, 1641470653.3870604, 1641470653.556523, 1641470653.7275233, 1641470653.8964527, 1641470654.0686584, 1641470654.2381928, 1641470662.060663, 1641470662.2321615, 1641470662.400194, 1641470662.5670068, 1641470662.7371564, 1641470662.9080667, 1641470663.0782628, 1641470670.8124173, 1641470670.9609704, 1641470671.1259942, 1641470671.2751071, 1641470671.435121, 1641470671.5824158, 1641470671.731462, 1641470679.554073, 1641470679.7243223, 1641470679.894472, 1641470680.0641446, 1641470680.235162, 1641470680.4054806, 1641470680.5748916, 1641470688.4058893, 1641470688.5821207, 1641470688.7545793, 1641470688.926159, 1641470689.0937147, 1641470689.264698, 1641470689.4379418, 1641470697.279028, 1641470697.4468222, 1641470697.61676, 1641470697.785625, 1641470697.9554656, 1641470698.124953, 1641470698.2967484, 1641470706.0405679, 1641470706.2109036, 1641470706.3767369, 1641470706.5518684, 1641470706.7201674, 1641470706.8898952, 1641470707.0565312, 1641470714.8840218, 1641470715.0590644, 1641470715.2317924, 1641470715.3980792, 1641470715.566477, 1641470715.734996, 1641470715.9026606, 1641470723.7296107, 1641470723.8940525, 1641470724.0652444, 1641470724.226151, 1641470724.393971, 1641470724.5899029, 1641470724.752248, 1641470732.4802163, 1641470732.64946, 1641470732.817509, 1641470732.9859226, 1641470733.154557, 1641470733.3531604, 1641470733.5184212, 1641470741.3186474, 1641470741.490576, 1641470741.6641002, 1641470741.858332, 1641470742.0296671, 1641470742.199109, 1641470742.3670359, 1641470750.1663277, 1641470750.3368382, 1641470750.5357852, 1641470750.705211, 1641470750.8747005, 1641470751.0432549, 1641470751.2145882, 1641470758.9525895, 1641470759.1519778, 1641470759.324544, 1641470759.496388, 1641470759.6652412, 1641470759.8361623, 1641470760.0081835],