{"initial_reset_timestamp": 1641457926.3826926, "timestamps": [1641457929.612158, 1641457929.8282795, 1641457930.149406, 1641457930.4479465, 1641457930.7368824, 1641457931.022362, 1641457933.060454, 1641457933.3430953, 1641457933.6246197, 1641457933.9061413, 1641457934.1849787, 1641457934.4639416, 1641457934.7435617, 1641457937.2913451, 1641457938.358434, 1641457939.4181929, 1641457940.4782956, 1641457941.5378816, 1641457942.6037836, 1641457943.6678994, 1641457946.406487, 1641457947.4754965, 1641457948.5483878, 1641457949.62645, 1641457950.7006598, 1641457951.774286, 1641457954.5144548, 1641457955.5888805, 1641457956.6632752, 1641457957.7392633, 1641457958.8127975, 1641457959.8831358, 1641457960.9560251, 1641457963.57333, 1641457964.6505084, 1641457965.727156, 1641457966.8051693, 1641457967.8815405, 1641457968.958661, 1641457970.0367184, 1641457972.7999115, 1641457973.8768356, 1641457974.954527, 1641457976.0289161, 1641457977.1036313, 1641457978.1761644, 1641457980.9529264, 1641457982.023972, 1641457983.099673, 1641457984.1712701, 1641457985.2419243, 1641457986.3158226, 1641457987.3835833, 1641457990.1232157, 1641457991.1834862, 1641457992.2486446, 1641457993.310169, 1641457994.3753288, 1641457995.438137, 1641457996.5000334, 1641457999.2287548, 1641458000.29156, 1641458001.3552413, 1641458002.4177492, 1641458003.4795918, 1641458004.5433784, 1641458007.2761462, 1641458008.340031, 1641458009.4021795, 1641458010.464299, 1641458011.5302103, 1641458012.5914605, 1641458013.6847758, 1641458016.3960855, 1641458017.4637625, 1641458018.5254369, 1641458019.5893662, 1641458020.6519818, 1641458021.7433784, 1641458022.8047962, 1641458025.525106, 1641458026.5896246, 1641458027.64953, 1641458028.7440033, 1641458029.8086443, 1641458030.8707297, 1641458033.5729663, 1641458034.6365116, 1641458035.698811, 1641458036.7901773, 1641458037.8542778, 1641458038.9176257, 1641458039.9835217, 1641458042.6729803, 1641458043.7638388, 1641458044.8282845, 1641458045.891219, 1641458046.9539626, 1641458048.0212903, 1641458049.0853658, 1641458051.7670498, 1641458052.8150015, 1641458053.8628926, 1641458054.9114444, 1641458055.9577882, 1641458057.0085187, 1641458059.705947, 1641458060.7550771, 1641458061.8077245, 1641458062.8574421, 1641458063.9073896, 1641458064.9588628, 1641458066.0166552, 1641458068.7233276, 1641458069.7752802, 1641458070.8204956, 1641458071.8734736, 1641458072.9214633, 1641458073.9680288, 1641458075.019902, 1641458077.7151375, 1641458078.764793, 1641458079.8155951, 1641458080.8691843, 1641458081.9192903, 1641458082.9770052, 1641458085.6781855, 1641458086.7270696, 1641458087.7759955, 1641458088.8233137, 1641458089.87094, 1641458090.9215655, 1641458091.9735405, 1641458094.7056592, 1641458095.7550526, 1641458096.8061745, 1641458097.8568444, 1641458098.9163768, 1641458099.9655173, 1641458101.0148475, 1641458103.715661, 1641458104.7741191, 1641458105.8231652, 1641458106.871638, 1641458107.9226856, 1641458108.978556, 1641458111.7200856, 1641458112.7946193, 1641458113.8685262, 1641458114.9422693, 1641458116.0118122, 1641458117.0781817, 1641458118.152989, 1641458120.9084206, 1641458121.9828665, 1641458123.0566418, 1641458124.129505, 1641458125.2027898, 1641458126.2746432, 1641458127.3489633, 1641458130.0950508, 1641458131.1677794, 1641458132.2436924, 1641458133.3155634, 1641458134.3893447, 1641458135.461349, 1641458138.2045712, 1641458139.2697694, 1641458140.3336258, 1641458141.3949013, 1641458142.4579432, 1641458143.521999, 1641458144.584563, 1641458147.3156383, 1641458148.3808606, 1641458149.4447532, 1641458150.5034728, 1641458151.562879, 1641458152.6254992, 1641458153.7162323, 1641458156.4235065, 1641458157.4885812, 1641458158.5489106, 1641458159.6130261, 1641458160.676087, 1641458161.7677152, 1641458164.4702935, 1641458165.5362318, 1641458166.6048872, 1641458167.6715102, 1641458168.76364, 1641458169.8317199, 1641458170.8994532, 1641458173.608345, 1641458174.6784627, 1641458175.7742407, 1641458176.8420293, 1641458177.9086933, 1641458178.973944, 1641458180.0445185, 1641458182.747637, 1641458183.8422625, 1641458184.9090009, 1641458185.976191, 1641458187.0444665, 1641458188.1230927, 1641458190.8775382, 1641458191.949111, 1641458193.0252364, 1641458194.0986469, 1641458195.172769, 1641458196.2497034, 1641458197.3250546, 1641458200.0968785, 1641458201.1719162, 1641458202.2508843, 1641458203.3260593, 1641458204.4015005, 1641458205.4782395, 1641458206.5551748, 1641458209.3303752, 1641458210.407392, 1641458211.4839704, 1641458212.5571632, 1641458213.6310725, 1641458214.346285, 1641458215.4163547, 1641458218.1839368, 1641458219.2572281, 1641458220.3331106, 1641458221.406534, 1641458222.4860926, 1641458223.563852, 1641458226.324939, 1641458227.398504, 1641458228.4755614, 1641458229.538333, 1641458230.6049767, 1641458231.6802282, 1641458232.7485216, 1641458235.4955423, 1641458236.5682914, 1641458237.638999, 1641458238.71217, 1641458239.7841418, 1641458240.8548148, 1641458241.9258482, 1641458244.666341, 1641458245.7368765, 1641458246.812365, 1641458247.8784103, 1641458248.9486825, 1641458250.0196896, 1641458252.7671268, 1641458253.8380237, 1641458254.9084446, 1641458255.980111, 1641458257.0471714, 1641458258.117147, 1641458259.187284, 1641458261.9338942, 1641458263.0055466, 1641458264.0783691, 1641458265.1521425, 1641458266.2257924, 1641458267.2964194, 1641458268.3645282, 1641458271.11634, 1641458272.1855278, 1641458273.2540948, 1641458274.3272932, 1641458275.3953667, 1641458276.4664688, 1641458279.2225783, 1641458280.286772, 1641458281.3368835, 1641458282.3855708, 1641458283.4343996, 1641458284.481718, 1641458285.5609252, 1641458288.2248905, 1641458288.6358232, 1641458289.6830127, 1641458290.7374709, 1641458291.7862766, 1641458292.8647413, 1641458293.9138446, 1641458296.573763, 1641458297.6225462, 1641458298.674163, 1641458299.7551634, 1641458300.8042269, 1641458301.854804, 1641458302.9023879, 1641458305.5627224, 1641458306.6422505, 1641458307.6939754, 1641458308.7511957, 1641458309.802034, 1641458310.8538146, 1641458311.9030647, 1641458314.5927606, 1641458315.641341, 1641458316.6918108, 1641458317.745984, 1641458318.7704773, 1641458319.78581, 1641458322.4502687, 1641458323.4714797, 1641458324.4923007, 1641458325.5071099, 1641458326.5223844, 1641458327.5332615, 1641458328.5727327, 1641458331.2660723, 1641458332.319537, 1641458333.3709106, 1641458334.4268715, 1641458335.4832451, 1641458336.5385296, 1641458337.592805, 1641458340.290309, 1641458341.342129, 1641458342.3918626, 1641458343.449336, 1641458344.5002053, 1641458345.5529974, 1641458348.245212, 1641458349.3004012, 1641458350.3576105, 1641458351.4132826, 1641458352.4733026, 1641458353.5349748, 1641458354.5943866],