{"initial_reset_timestamp": 1641457928.20713, "timestamps": [1641457928.5322216, 1641457928.6936958, 1641457928.8560202, 1641457929.0180337, 1641457929.1829145, 1641457929.3440154, 1641457929.5263479, 1641457931.9907649, 1641457932.1514704, 1641457932.3142729, 1641457932.4766984, 1641457932.6378314, 1641457932.8271356, 1641457932.9902503, 1641457935.6393642, 1641457935.799953, 1641457935.960324, 1641457936.123478, 1641457936.3119357, 1641457936.4741397, 1641457936.6346502, 1641457944.4910672, 1641457944.6414754, 1641457944.816948, 1641457944.966554, 1641457945.1171832, 1641457945.2668612, 1641457945.4166696, 1641457953.2621777, 1641457953.4120116, 1641457953.5886898, 1641457953.738909, 1641457953.890971, 1641457954.0422332, 1641457954.1916912, 1641457962.1307123, 1641457962.2801979, 1641457962.4317327, 1641457962.583197, 1641457962.731848, 1641457962.883137, 1641457963.033577, 1641457971.0138965, 1641457971.1666176, 1641457971.318732, 1641457971.4688203, 1641457971.6229393, 1641457971.7754018, 1641457971.9271772, 1641457979.832926, 1641457979.9877741, 1641457980.1399527, 1641457980.2926502, 1641457980.4457116, 1641457980.5974884, 1641457980.7477646, 1641457988.6870785, 1641457988.8370106, 1641457988.9881222, 1641457989.1402469, 1641457989.2904618, 1641457989.4397051, 1641457989.5901768, 1641457997.4708078, 1641457997.6226788, 1641457997.7688932, 1641457997.9171948, 1641457998.0680544, 1641457998.215371, 1641457998.3616464, 1641458006.1818433, 1641458006.3296359, 1641458006.4789395, 1641458006.6283524, 1641458006.7762377, 1641458006.9245455, 1641458007.0739994, 1641458014.9614615, 1641458015.1101813, 1641458015.261545, 1641458015.412183, 1641458015.562637, 1641458015.712157, 1641458015.8620584, 1641458023.7626472, 1641458023.9142964, 1641458024.0633588, 1641458024.2125628, 1641458024.3606179, 1641458024.5096512, 1641458024.660742, 1641458032.4707854, 1641458032.6181042, 1641458032.7675745, 1641458032.919941, 1641458033.0699556, 1641458033.2187543, 1641458033.3699703, 1641458041.2458906, 1641458041.3943403, 1641458041.5443072, 1641458041.6920795, 1641458041.8422866, 1641458041.9917936, 1641458042.1403074, 1641458050.0088546, 1641458050.154581, 1641458050.3023365, 1641458050.4471118, 1641458050.595091, 1641458050.7418146, 1641458050.9137185, 1641458058.5982175, 1641458058.7446756, 1641458058.89312, 1641458059.0412867, 1641458059.1869848, 1641458059.358109, 1641458059.5064907, 1641458067.279091, 1641458067.428106, 1641458067.5755796, 1641458067.7225838, 1641458067.8984745, 1641458068.0474906, 1641458068.1963127, 1641458075.9454975, 1641458076.0956268, 1641458076.2701292, 1641458076.4173281, 1641458076.565887, 1641458076.713914, 1641458076.8605726, 1641458084.5636888, 1641458084.711224, 1641458084.8856883, 1641458085.0342805, 1641458085.180411, 1641458085.328883, 1641458085.4779465, 1641458093.2918456, 1641458093.439038, 1641458093.5878983, 1641458093.735752, 1641458093.884839, 1641458094.0335808, 1641458094.1789198, 1641458101.9804752, 1641458102.127158, 1641458102.2741408, 1641458102.4200013, 1641458102.5682359, 1641458102.7151437, 1641458102.863865, 1641458110.6089964, 1641458110.759727, 1641458110.9117959, 1641458111.0656545, 1641458111.215486, 1641458111.365916, 1641458111.5160494, 1641458119.462942, 1641458119.6135502, 1641458119.7649996, 1641458119.9176574, 1641458120.0674636, 1641458120.2183688, 1641458120.3694718, 1641458128.3204856, 1641458128.4715366, 1641458128.6217144, 1641458128.7722764, 1641458128.9240043, 1641458129.0747952, 1641458129.2237022, 1641458137.1081183, 1641458137.2558722, 1641458137.4050846, 1641458137.555584, 1641458137.7056549, 1641458137.8548505, 1641458138.003362, 1641458145.891035, 1641458146.0392215, 1641458146.1881726, 1641458146.33531, 1641458146.4847815, 1641458146.6339629, 1641458146.7830365, 1641458154.664355, 1641458154.811707, 1641458154.9601448, 1641458155.1081567, 1641458155.25905, 1641458155.409255, 1641458155.5579789, 1641458163.3752866, 1641458163.5251539, 1641458163.6735833, 1641458163.8216202, 1641458163.9687247, 1641458164.1180909, 1641458164.2679963, 1641458172.177208, 1641458172.3252077, 1641458172.4727244, 1641458172.6222599, 1641458172.7717125, 1641458172.9219112, 1641458173.0749655, 1641458180.987186, 1641458181.1335468, 1641458181.2835445, 1641458181.4329894, 1641458181.583395, 1641458181.7316816, 1641458181.8808823, 1641458189.7411633, 1641458189.8927252, 1641458190.0434065, 1641458190.1924746, 1641458190.3425403, 1641458190.4920096, 1641458190.6727262, 1641458198.6160617, 1641458198.768038, 1641458198.9210575, 1641458199.0759535, 1641458199.2287233, 1641458199.4068165, 1641458199.5553331, 1641458207.5171416, 1641458207.668621, 1641458207.8212035, 1641458207.9999466, 1641458208.1530929, 1641458208.3051357, 1641458208.4569745, 1641458216.395965, 1641458216.5748994, 1641458216.7271495, 1641458216.878674, 1641458217.0321913, 1641458217.1854527, 1641458217.3380296, 1641458225.2093768, 1641458225.3888829, 1641458225.540354, 1641458225.6914153, 1641458225.8427312, 1641458225.9941986, 1641458226.146577, 1641458234.077708, 1641458234.2291658, 1641458234.377695, 1641458234.5293632, 1641458234.6827588, 1641458234.8336234, 1641458234.9837122, 1641458242.9259973, 1641458243.0755556, 1641458243.22491, 1641458243.374003, 1641458243.5225904, 1641458243.6731968, 1641458243.8246255, 1641458251.6805406, 1641458251.833666, 1641458251.983274, 1641458252.1350281, 1641458252.2871416, 1641458252.4363036, 1641458252.5875225, 1641458260.515305, 1641458260.66692, 1641458260.821016, 1641458260.9706755, 1641458261.1208482, 1641458261.2719727, 1641458261.42275, 1641458269.3634658, 1641458269.5157723, 1641458269.6664624, 1641458269.8206553, 1641458269.9724612, 1641458270.1237714, 1641458270.2708397, 1641458278.1364245, 1641458278.2874978, 1641458278.4395115, 1641458278.5912802, 1641458278.744248, 1641458278.8969688, 1641458279.0444834, 1641458286.8417566, 1641458286.988578, 1641458287.1360602, 1641458287.282728, 1641458287.430766, 1641458287.5768318, 1641458287.7254624, 1641458295.5063992, 1641458295.6540287, 1641458295.8007183, 1641458295.9472592, 1641458296.0957296, 1641458296.244254, 1641458296.3898826, 1641458304.167169, 1641458304.3141766, 1641458304.461291, 1641458304.6072285, 1641458304.7545528, 1641458304.9018216, 1641458305.0487478, 1641458312.8425698, 1641458312.989037, 1641458313.1374052, 1641458313.2817392, 1641458313.4302664, 1641458313.6052318, 1641458313.7535634, 1641458321.3638527, 1641458321.5107613, 1641458321.6581001, 1641458321.804807, 1641458321.949833, 1641458322.1242604, 1641458322.268998, 1641458329.840869, 1641458329.9874136, 1641458330.1346388, 1641458330.3104684, 1641458330.457594, 1641458330.6042275, 1641458330.7505858, 1641458338.5369, 1641458338.6820145, 1641458338.854229, 1641458339.0027883, 1641458339.1503086, 1641458339.296947, 1641458339.4443855, 1641458347.1441827, 1641458347.3191178, 1641458347.4658425, 1641458347.6139972, 1641458347.7619188, 1641458347.9080753, 1641458348.0567822],