{"initial_reset_timestamp": 1641448829.5544426, "timestamps": [1641448832.7808402, 1641448832.9968648, 1641448833.3152845, 1641448833.6141639, 1641448833.8112721, 1641448834.0987625, 1641448834.379869, 1641448836.433275, 1641448836.7154918, 1641448837.0008528, 1641448837.2827804, 1641448837.5583754, 1641448837.8384345, 1641448840.0495825, 1641448841.124076, 1641448842.1902156, 1641448843.252932, 1641448844.3355775, 1641448845.1456246, 1641448846.2165012, 1641448849.1144876, 1641448849.5966415, 1641448850.672094, 1641448851.7083836, 1641448852.7554274, 1641448853.6148772, 1641448854.666048, 1641448855.719828, 1641448858.5470123, 1641448859.6038852, 1641448860.6525762, 1641448861.7012587, 1641448862.6052, 1641448863.6526926, 1641448864.7004561, 1641448867.49913, 1641448868.5490024, 1641448869.6013982, 1641448870.646654, 1641448871.6943307, 1641448872.7444909, 1641448875.5690877, 1641448876.5122278, 1641448877.370812, 1641448878.4207952, 1641448879.4673762, 1641448880.5020196, 1641448881.543128, 1641448884.379148, 1641448885.412624, 1641448886.44719, 1641448887.4850216, 1641448888.524588, 1641448889.5726948, 1641448890.6208746, 1641448893.4567254, 1641448894.4976046, 1641448895.54267, 1641448896.5887291, 1641448897.6421304, 1641448898.6950483, 1641448901.523592, 1641448902.5813212, 1641448903.637256, 1641448904.6937163, 1641448905.7481432, 1641448906.8030403, 1641448907.8814847, 1641448910.7242916, 1641448911.777966, 1641448912.8294494, 1641448913.8771544, 1641448914.9555848, 1641448916.007978, 1641448917.0591683, 1641448921.731423, 1641448922.7822597, 1641448923.8322897, 1641448924.8816488, 1641448925.9340172, 1641448926.9884458, 1641448931.0993736, 1641448932.1509624, 1641448933.202519, 1641448934.2512715, 1641448935.301822, 1641448936.3529809, 1641448937.4020042, 1641448941.9864566, 1641448943.0346534, 1641448944.087444, 1641448945.13769, 1641448946.1859074, 1641448947.2346756, 1641448948.2849393, 1641448952.795983, 1641448953.8673337, 1641448954.9172819, 1641448955.9697187, 1641448957.0187182, 1641448958.0708408, 1641448962.5341196, 1641448963.589745, 1641448964.6455526, 1641448965.0525563, 1641448966.1044328, 1641448967.1613114, 1641448968.2191522, 1641448969.2756472, 1641448973.6650732, 1641448974.7229073, 1641448975.7786922, 1641448976.8362045, 1641448977.8978226, 1641448978.9497252, 1641448983.6191697, 1641448984.666757, 1641448985.7211592, 1641448986.7723227, 1641448987.8488371, 1641448988.8980896, 1641448989.950361, 1641448994.347961, 1641448995.394929, 1641448996.4410207, 1641448997.4918392, 1641448998.5425987, 1641448999.5913746, 1641449000.6396682, 1641449005.1857917, 1641449006.2327592, 1641449007.2831721, 1641449008.3326857, 1641449009.3818557, 1641449010.430291, 1641449014.8984473, 1641449015.947628, 1641449016.9957783, 1641449018.043778, 1641449019.090814, 1641449020.1423795, 1641449021.190631, 1641449025.7753952, 1641449026.8494549, 1641449027.8973558, 1641449028.94759, 1641449029.9992146, 1641449031.045694, 1641449032.0959866, 1641449036.9831526, 1641449038.0329406, 1641449039.0837317, 1641449040.1339047, 1641449041.179259, 1641449042.2278297, 1641449046.7661786, 1641449047.8196099, 1641449048.8673673, 1641449049.9422991, 1641449050.9904413, 1641449052.03781, 1641449053.0842948, 1641449057.7620795, 1641449058.782743, 1641449059.7986612, 1641449060.8120506, 1641449061.826293, 1641449062.861815, 1641449063.9096444, 1641449068.7225614, 1641449069.768027, 1641449070.8128588, 1641449071.8881447, 1641449072.9329426, 1641449073.983695, 1641449078.7845795, 1641449079.8333557, 1641449080.8766005, 1641449081.9215167, 1641449082.9685924, 1641449084.0141356, 1641449085.062027, 1641449090.0927846, 1641449091.1372254, 1641449092.1802287, 1641449093.2263732, 1641449094.26812, 1641449095.3160195, 1641449096.3622053, 1641449101.390642, 1641449102.4356623, 1641449103.482191, 1641449104.5246677, 1641449105.5687928, 1641449106.613299, 1641449111.4660294, 1641449112.511941, 1641449113.554722, 1641449114.6006799, 1641449115.6436238, 1641449116.6903365, 1641449117.736174, 1641449122.554045, 1641449123.599344, 1641449124.6440115, 1641449125.691974, 1641449126.7378767, 1641449127.812205, 1641449128.8577757, 1641449133.6617088, 1641449134.7050688, 1641449135.7523894, 1641449136.7956455, 1641449137.8400114, 1641449138.8913813, 1641449143.7628121, 1641449144.8096652, 1641449145.858138, 1641449146.9026566, 1641449147.980033, 1641449149.045152, 1641449150.1142807, 1641449155.0337095, 1641449156.1022296, 1641449157.1716685, 1641449158.2379231, 1641449159.3049407, 1641449160.3714058, 1641449161.4347706, 1641449166.2232976, 1641449167.2783575, 1641449168.334303, 1641449169.422097, 1641449170.4695148, 1641449171.510435, 1641449176.4514394, 1641449177.4910703, 1641449178.5315423, 1641449179.5758853, 1641449180.6144562, 1641449181.659665, 1641449182.6996896, 1641449187.7991023, 1641449188.8482885, 1641449189.9009504, 1641449190.9515796, 1641449192.0050516, 1641449193.0577726, 1641449194.1122537, 1641449199.440462, 1641449200.491735, 1641449201.5425608, 1641449202.5908606, 1641449203.6413898, 1641449204.6916773, 1641449209.9873524, 1641449211.0646162, 1641449212.1133873, 1641449213.162894, 1641449214.2094464, 1641449215.2601733, 1641449216.310009, 1641449221.523175, 1641449222.5726464, 1641449223.6221747, 1641449224.6711874, 1641449225.7485626, 1641449226.8046439, 1641449227.8531337, 1641449233.358794, 1641449234.4108255, 1641449235.4867382, 1641449236.536629, 1641449237.5839474, 1641449238.6286705, 1641449243.9033701, 1641449244.945965, 1641449245.994108, 1641449247.0344307, 1641449248.0742416, 1641449249.1405158, 1641449250.1820447, 1641449255.4064107, 1641449256.4507024, 1641449257.4941409, 1641449258.541334, 1641449259.5868459, 1641449260.6291614, 1641449261.6758132, 1641449266.9986682, 1641449268.0446403, 1641449269.0950813, 1641449270.1429899, 1641449271.1943464, 1641449272.245328, 1641449277.7927947, 1641449278.8442538, 1641449279.8953526, 1641449280.9418547, 1641449281.9903815, 1641449283.0392046, 1641449284.0900013, 1641449289.4893548, 1641449290.5382416, 1641449291.5905588, 1641449292.6387053, 1641449293.6904829, 1641449294.7411063, 1641449295.7867303, 1641449301.3965626, 1641449302.4471161, 1641449303.4971635, 1641449304.547121, 1641449305.5961828, 1641449306.647957, 1641449311.981971, 1641449313.033376, 1641449314.083051, 1641449315.1342974, 1641449316.1845388, 1641449317.2329228, 1641449318.2820811, 1641449323.5336587, 1641449324.5831087, 1641449325.636706, 1641449326.6962767, 1641449327.7559843, 1641449328.816492, 1641449329.8763452, 1641449335.4317396, 1641449336.4941807, 1641449337.5554924, 1641449338.634248, 1641449339.693236, 1641449340.751365],