{"initial_reset_timestamp": 1641457495.313354, "timestamps": [1641457495.630441, 1641457495.7823844, 1641457495.9349318, 1641457496.084485, 1641457496.2370574, 1641457496.389179, 1641457496.5618389, 1641457499.0415115, 1641457499.19359, 1641457499.3454368, 1641457499.498501, 1641457499.6508753, 1641457499.8298745, 1641457499.9815109, 1641457502.642309, 1641457502.7934637, 1641457502.946821, 1641457503.1002169, 1641457503.2788792, 1641457503.4343753, 1641457503.5888398, 1641457511.4296958, 1641457511.5969734, 1641457511.79066, 1641457511.956564, 1641457512.1219013, 1641457512.2883184, 1641457512.4563415, 1641457520.4565277, 1641457520.6316457, 1641457520.8069298, 1641457520.9804509, 1641457521.157383, 1641457521.3354187, 1641457521.5129147, 1641457529.5384166, 1641457529.7006924, 1641457529.8622112, 1641457530.02401, 1641457530.1876302, 1641457530.3493266, 1641457530.5123549, 1641457538.315847, 1641457538.4773164, 1641457538.6375847, 1641457538.7992382, 1641457538.9616842, 1641457539.1254253, 1641457539.2863212, 1641457547.1690836, 1641457547.335558, 1641457547.5037642, 1641457547.670925, 1641457547.8363147, 1641457548.0038757, 1641457548.1706126, 1641457555.8698547, 1641457556.0359344, 1641457556.2047067, 1641457556.3701096, 1641457556.5364792, 1641457556.7029245, 1641457556.8684306, 1641457564.5524316, 1641457564.7216122, 1641457564.8924086, 1641457565.0617533, 1641457565.2329543, 1641457565.4043126, 1641457565.5751045, 1641457573.426275, 1641457573.5957353, 1641457573.766683, 1641457573.9376192, 1641457574.1090686, 1641457574.2795646, 1641457574.4495735, 1641457582.2715964, 1641457582.443026, 1641457582.612848, 1641457582.779316, 1641457582.9479609, 1641457583.1203015, 1641457583.2870355, 1641457591.0275862, 1641457591.1961927, 1641457591.366848, 1641457591.536766, 1641457591.7034247, 1641457591.8730452, 1641457592.0436535, 1641457599.850559, 1641457600.0196567, 1641457600.188402, 1641457600.3570902, 1641457600.529849, 1641457600.6969018, 1641457600.8648684, 1641457608.6846778, 1641457608.8534093, 1641457609.0261877, 1641457609.1971922, 1641457609.3679345, 1641457609.5405982, 1641457609.7111673, 1641457617.4449944, 1641457617.5668113, 1641457617.722518, 1641457617.8798795, 1641457618.041772, 1641457618.2140656, 1641457618.4063883, 1641457618.579409, 1641457626.3245473, 1641457626.486457, 1641457626.6473298, 1641457626.8097198, 1641457626.996324, 1641457627.1566782, 1641457627.3194585, 1641457635.076756, 1641457635.2402833, 1641457635.4261389, 1641457635.5832613, 1641457635.744066, 1641457635.9016132, 1641457636.0631077, 1641457643.748048, 1641457643.9036596, 1641457644.0917737, 1641457644.2508812, 1641457644.4154508, 1641457644.57834, 1641457644.7382796, 1641457652.5682092, 1641457652.726923, 1641457652.8824725, 1641457653.0417588, 1641457653.2041907, 1641457653.3659873, 1641457653.5286765, 1641457661.3549092, 1641457661.514644, 1641457661.6720636, 1641457661.8312523, 1641457661.9882581, 1641457662.1495047, 1641457662.3110948, 1641457670.0635018, 1641457670.225658, 1641457670.3866608, 1641457670.5476973, 1641457670.706276, 1641457670.8640523, 1641457671.0210948, 1641457678.8343585, 1641457678.9914622, 1641457679.151374, 1641457679.3101385, 1641457679.4686067, 1641457679.6278505, 1641457679.7849126, 1641457687.6337667, 1641457687.7967603, 1641457687.9613037, 1641457688.123699, 1641457688.2900915, 1641457688.4530773, 1641457688.6130078, 1641457696.3269782, 1641457696.4873977, 1641457696.6498702, 1641457696.8080285, 1641457696.9651394, 1641457697.122427, 1641457697.2804582, 1641457705.0605304, 1641457705.2177966, 1641457705.3766694, 1641457705.5356395, 1641457705.6941133, 1641457705.851354, 1641457706.0060902, 1641457713.789295, 1641457713.9444017, 1641457714.1047587, 1641457714.2645826, 1641457714.4255106, 1641457714.5825, 1641457714.7394657, 1641457722.4456713, 1641457722.6065924, 1641457722.7633288, 1641457722.9243677, 1641457723.0853934, 1641457723.2449603, 1641457723.399918, 1641457731.1818905, 1641457731.342668, 1641457731.504052, 1641457731.6627655, 1641457731.8194551, 1641457731.9771745, 1641457732.1363578, 1641457739.9229317, 1641457740.0814373, 1641457740.240819, 1641457740.3998547, 1641457740.561137, 1641457740.7189977, 1641457740.8747213, 1641457748.6145582, 1641457748.7760372, 1641457748.9348512, 1641457749.0913026, 1641457749.2528546, 1641457749.415113, 1641457749.6055832, 1641457757.3916903, 1641457757.5515726, 1641457757.713882, 1641457757.8721738, 1641457758.065143, 1641457758.2233322, 1641457758.3839982, 1641457766.245471, 1641457766.4030917, 1641457766.5901241, 1641457766.7507377, 1641457766.9137354, 1641457767.0767481, 1641457767.2357905, 1641457775.0431778, 1641457775.157836, 1641457775.3475082, 1641457775.50778, 1641457775.6680503, 1641457775.8325243, 1641457775.994198, 1641457776.153908, 1641457784.0770724, 1641457784.237966, 1641457784.401736, 1641457784.5612142, 1641457784.7304523, 1641457784.8907151, 1641457785.051173, 1641457792.9632382, 1641457793.1240468, 1641457793.2830613, 1641457793.4431148, 1641457793.607759, 1641457793.7719738, 1641457793.9342403, 1641457801.815972, 1641457801.9781692, 1641457802.142799, 1641457802.3094094, 1641457802.4745347, 1641457802.6375895, 1641457802.8017159, 1641457810.765498, 1641457810.9315233, 1641457811.098647, 1641457811.265387, 1641457811.4286973, 1641457811.5924895, 1641457811.755586, 1641457819.7454069, 1641457819.9115384, 1641457820.074261, 1641457820.239301, 1641457820.402231, 1641457820.5661242, 1641457820.7319844, 1641457828.612973, 1641457828.774357, 1641457828.9375534, 1641457829.104721, 1641457829.2649236, 1641457829.4253776, 1641457829.5876944, 1641457837.4769683, 1641457837.6359692, 1641457837.7974017, 1641457837.9593666, 1641457838.119295, 1641457838.2804623, 1641457838.412761, 1641457838.5739381, 1641457846.5077977, 1641457846.6673167, 1641457846.828297, 1641457846.9903822, 1641457847.1510603, 1641457847.3131642, 1641457847.4762833, 1641457855.3247178, 1641457855.4898574, 1641457855.651556, 1641457855.814336, 1641457855.9748604, 1641457856.1380475, 1641457856.3304305, 1641457864.2074425, 1641457864.370559, 1641457864.534105, 1641457864.6955767, 1641457864.8862147, 1641457865.0491536, 1641457865.2109802, 1641457873.0962758, 1641457873.2568054, 1641457873.4431357, 1641457873.606356, 1641457873.7690194, 1641457873.931385, 1641457874.0950737, 1641457881.91586, 1641457882.082288, 1641457882.269983, 1641457882.4335465, 1641457882.5954535, 1641457882.7598739, 1641457882.9242067, 1641457890.8134773, 1641457890.9738896, 1641457891.1340108, 1641457891.2913873, 1641457891.4531527, 1641457891.6097155, 1641457891.7703564, 1641457899.614634, 1641457899.773678, 1641457899.9334354, 1641457900.0938728, 1641457900.2531068, 1641457900.4111738, 1641457900.570148, 1641457908.3150218, 1641457908.4747133, 1641457908.6349058, 1641457908.7956347, 1641457908.9553876, 1641457909.1161354, 1641457909.276873, 1641457917.10145, 1641457917.2630124, 1641457917.422963, 1641457917.5663548, 1641457917.7253354, 1641457917.8862185, 1641457918.0304527, 1641457918.1901264],