{"initial_reset_timestamp": 1641457493.4952054, "timestamps": [1641457496.6467276, 1641457496.8633723, 1641457497.1894825, 1641457497.4897802, 1641457497.781839, 1641457498.069867, 1641457500.0530005, 1641457500.3385189, 1641457500.6217248, 1641457500.9055, 1641457501.1881802, 1641457501.4684675, 1641457501.7517014, 1641457504.2573571, 1641457505.331522, 1641457506.4044247, 1641457507.452111, 1641457508.4947398, 1641457509.5381455, 1641457510.5863333, 1641457513.422372, 1641457514.5009098, 1641457515.578989, 1641457516.4680243, 1641457517.5408857, 1641457518.618573, 1641457519.197636, 1641457522.1451254, 1641457523.2301471, 1641457524.308631, 1641457525.3943615, 1641457526.4729195, 1641457527.5545018, 1641457528.6366014, 1641457531.4640446, 1641457532.522438, 1641457533.5791125, 1641457534.6378143, 1641457535.701031, 1641457536.7607112, 1641457539.580496, 1641457540.6461005, 1641457541.7063377, 1641457542.7677648, 1641457543.8302498, 1641457544.8892624, 1641457545.9528768, 1641457548.7804568, 1641457549.816453, 1641457550.8508224, 1641457551.8864727, 1641457552.9194043, 1641457553.9531512, 1641457554.985694, 1641457557.7984831, 1641457558.8367708, 1641457559.874792, 1641457560.9120889, 1641457561.9532716, 1641457563.0008385, 1641457565.8662264, 1641457566.921502, 1641457567.974217, 1641457569.0282552, 1641457570.0821445, 1641457571.1324463, 1641457572.1861982, 1641457575.0701184, 1641457576.1224954, 1641457577.1728926, 1641457578.2216513, 1641457579.2742603, 1641457580.323442, 1641457581.4018106, 1641457584.234476, 1641457585.2827818, 1641457586.3340116, 1641457587.3848822, 1641457588.4338362, 1641457589.5073411, 1641457592.3350503, 1641457593.3875198, 1641457594.4362452, 1641457595.4840689, 1641457596.5551012, 1641457597.6058607, 1641457598.6582026, 1641457601.48234, 1641457602.5320313, 1641457603.5826461, 1641457604.665467, 1641457605.7130327, 1641457606.7652662, 1641457607.8122098, 1641457610.6583166, 1641457611.7365377, 1641457612.7842512, 1641457613.8339906, 1641457614.8848252, 1641457615.9376714, 1641457618.8677871, 1641457619.9179835, 1641457620.9648066, 1641457622.0092788, 1641457623.0580978, 1641457624.0990763, 1641457625.145833, 1641457627.9326077, 1641457628.9819925, 1641457630.0278735, 1641457631.0743768, 1641457632.120949, 1641457633.1658695, 1641457634.2141228, 1641457636.999034, 1641457638.0453541, 1641457639.0916688, 1641457640.1366694, 1641457641.1805022, 1641457642.2250216, 1641457645.029361, 1641457646.0856237, 1641457647.1354153, 1641457648.1871321, 1641457649.2400951, 1641457650.2931492, 1641457651.3447094, 1641457654.146578, 1641457655.201189, 1641457656.2519536, 1641457657.3052664, 1641457658.353156, 1641457659.4040205, 1641457660.4566634, 1641457663.259518, 1641457664.3074374, 1641457665.3561864, 1641457666.408552, 1641457667.4622092, 1641457668.5140615, 1641457671.3147182, 1641457672.366554, 1641457673.4205058, 1641457674.4703414, 1641457675.5230076, 1641457676.5716655, 1641457677.622353, 1641457680.399875, 1641457681.45122, 1641457682.4952104, 1641457683.5516021, 1641457684.6129065, 1641457685.6742144, 1641457686.7361572, 1641457689.5569193, 1641457690.603033, 1641457691.647595, 1641457692.693321, 1641457693.739057, 1641457694.7822535, 1641457697.5694878, 1641457698.616035, 1641457699.6641145, 1641457700.709744, 1641457701.753848, 1641457702.7990026, 1641457703.8444269, 1641457706.6210573, 1641457707.6698284, 1641457708.7178988, 1641457709.7635567, 1641457710.811545, 1641457711.8529503, 1641457712.9250844, 1641457715.6768944, 1641457716.72222, 1641457717.7666798, 1641457718.8101785, 1641457719.882861, 1641457720.9285357, 1641457723.6900954, 1641457724.7360678, 1641457725.7823713, 1641457726.8230803, 1641457727.8936355, 1641457728.9385023, 1641457729.9858143, 1641457732.7532916, 1641457733.8001788, 1641457734.872067, 1641457735.914351, 1641457736.9595518, 1641457738.007021, 1641457739.052827, 1641457741.8134418, 1641457742.8911, 1641457743.9384513, 1641457744.988948, 1641457746.0391755, 1641457747.0868378, 1641457749.8971198, 1641457750.943723, 1641457751.9918618, 1641457753.0429478, 1641457754.0926454, 1641457755.1437676, 1641457756.1924112, 1641457758.9981518, 1641457760.0600803, 1641457761.120302, 1641457762.1835973, 1641457763.2452738, 1641457764.308703, 1641457765.37182, 1641457768.1934276, 1641457769.2589555, 1641457770.3220408, 1641457771.3838704, 1641457772.4470315, 1641457773.5109377, 1641457776.4475522, 1641457777.512198, 1641457778.5745282, 1641457779.6397445, 1641457780.7036023, 1641457781.7682116, 1641457782.8315997, 1641457785.6795325, 1641457786.7419767, 1641457787.80404, 1641457788.867006, 1641457789.926098, 1641457790.988847, 1641457792.0503182, 1641457794.889741, 1641457795.9511368, 1641457797.011917, 1641457798.0864794, 1641457799.156706, 1641457800.2292833, 1641457803.0985427, 1641457804.1703346, 1641457805.2391222, 1641457806.3102505, 1641457807.3804028, 1641457808.4526577, 1641457809.5194705, 1641457812.3847904, 1641457813.455783, 1641457814.545234, 1641457815.6148367, 1641457816.6874332, 1641457817.7552347, 1641457818.8221166, 1641457821.6929607, 1641457822.7593403, 1641457823.828363, 1641457824.9008853, 1641457825.9709165, 1641457827.0348756, 1641457829.8800142, 1641457830.9381275, 1641457831.9963827, 1641457833.053095, 1641457834.1116037, 1641457835.2035103, 1641457836.2667246, 1641457839.1993034, 1641457840.2655945, 1641457841.3281157, 1641457842.4268825, 1641457843.4969513, 1641457844.5629926, 1641457845.6269488, 1641457848.4338212, 1641457849.5259674, 1641457850.5879066, 1641457851.6515725, 1641457852.7154825, 1641457853.7807403, 1641457856.624668, 1641457857.6893234, 1641457858.7536566, 1641457859.8164992, 1641457860.8822262, 1641457861.9457538, 1641457863.007671, 1641457865.83568, 1641457866.8982928, 1641457867.9607506, 1641457869.0247726, 1641457870.0882118, 1641457871.1523664, 1641457872.2138097, 1641457875.0496366, 1641457876.112662, 1641457877.1739194, 1641457878.2402122, 1641457879.3040214, 1641457880.3715754, 1641457883.2183204, 1641457884.2807171, 1641457885.3458207, 1641457886.407205, 1641457887.4690216, 1641457888.536094, 1641457889.5949163, 1641457892.388663, 1641457893.441329, 1641457894.4909372, 1641457895.541994, 1641457896.5937953, 1641457897.6421087, 1641457898.6916208, 1641457901.5132842, 1641457902.5621297, 1641457903.6135404, 1641457904.6664865, 1641457905.7181108, 1641457906.767152, 1641457909.5677242, 1641457910.620581, 1641457911.6704495, 1641457912.7208445, 1641457913.7727752, 1641457914.8233075, 1641457915.873369, 1641457918.8074646, 1641457919.8635807, 1641457920.9101324, 1641457921.9625993, 1641457923.011173, 1641457924.0603592, 1641457925.1111329],