{"initial_reset_timestamp": 1641460116.5367944, "timestamps": [1641460119.6648417, 1641460119.8796976, 1641460120.2004044, 1641460120.5010014, 1641460120.793, 1641460121.0779948, 1641460123.043672, 1641460123.2830768, 1641460123.566964, 1641460123.849822, 1641460124.1294403, 1641460124.4085202, 1641460124.688655, 1641460126.9853513, 1641460128.051666, 1641460129.114001, 1641460130.1744366, 1641460131.239587, 1641460132.3081396, 1641460133.3805578, 1641460136.3396895, 1641460137.4131837, 1641460138.490465, 1641460139.5662472, 1641460140.640828, 1641460141.715462, 1641460144.531562, 1641460145.6083882, 1641460146.6855474, 1641460147.7595918, 1641460148.8322601, 1641460149.914001, 1641460150.9921136, 1641460153.8849688, 1641460154.9612193, 1641460156.035899, 1641460157.1085799, 1641460158.1851885, 1641460159.2597892, 1641460160.3323672, 1641460163.2440162, 1641460164.3211432, 1641460165.3974752, 1641460166.4725132, 1641460167.5505, 1641460168.6275845, 1641460171.5534322, 1641460172.379879, 1641460173.4523242, 1641460174.3825233, 1641460175.45397, 1641460176.1203735, 1641460177.062077, 1641460177.3489869, 1641460178.4222472, 1641460181.1344752, 1641460182.209278, 1641460182.7981386, 1641460183.8785117, 1641460184.9556472, 1641460186.0242074, 1641460187.126697, 1641460189.5132298, 1641460190.591024, 1641460191.139601, 1641460192.2157884, 1641460193.2923882, 1641460194.1013696, 1641460194.8561306, 1641460195.8593435, 1641460199.7737098, 1641460200.839949, 1641460201.899722, 1641460202.9598682, 1641460204.016918, 1641460205.077253, 1641460206.1347518, 1641460209.98282, 1641460211.0473177, 1641460212.1072466, 1641460213.167459, 1641460214.228635, 1641460215.2873287, 1641460216.3503716, 1641460219.8481424, 1641460220.9046662, 1641460221.9953096, 1641460223.056829, 1641460224.1156263, 1641460225.1743114, 1641460228.6137002, 1641460229.6727724, 1641460230.733711, 1641460231.7932029, 1641460232.8538506, 1641460233.9127648, 1641460234.9733431, 1641460237.8800395, 1641460238.9398005, 1641460239.99798, 1641460241.0547714, 1641460242.1119204, 1641460243.173489, 1641460244.2346218, 1641460247.132846, 1641460248.1905394, 1641460249.250234, 1641460250.3119247, 1641460251.370897, 1641460252.4274855, 1641460255.3080587, 1641460256.3678517, 1641460257.4295726, 1641460258.4887445, 1641460259.5459313, 1641460260.6059554, 1641460261.6671805, 1641460264.5422606, 1641460265.6032708, 1641460266.6639867, 1641460267.729571, 1641460268.7899008, 1641460269.8514082, 1641460270.9471242, 1641460273.8381197, 1641460274.9043853, 1641460275.9649117, 1641460277.0219169, 1641460278.0673304, 1641460279.1454222, 1641460281.9268472, 1641460282.9718604, 1641460284.0192575, 1641460285.062145, 1641460286.1328719, 1641460287.1733906, 1641460288.219685, 1641460290.9562733, 1641460292.030952, 1641460293.1013272, 1641460294.179571, 1641460295.2271628, 1641460296.262303, 1641460297.2989404, 1641460300.0419655, 1641460301.1077917, 1641460302.1775875, 1641460303.235079, 1641460304.2773683, 1641460305.311716, 1641460308.0885139, 1641460309.1256812, 1641460310.1607857, 1641460311.195505, 1641460312.231925, 1641460313.2674096, 1641460314.3048935, 1641460317.0390832, 1641460318.0773141, 1641460319.1197872, 1641460320.1567667, 1641460321.191111, 1641460322.2325425, 1641460323.2700105, 1641460327.9288151, 1641460328.9934835, 1641460330.038662, 1641460331.0764427, 1641460332.112583, 1641460333.1541107, 1641460337.6632884, 1641460338.7024786, 1641460339.7431684, 1641460340.780503, 1641460341.8435273, 1641460342.8801963, 1641460343.919806, 1641460349.0602334, 1641460350.0990684, 1641460351.1378913, 1641460352.1709738, 1641460353.207409, 1641460354.244469, 1641460355.2821708, 1641460360.4589353, 1641460361.5020008, 1641460362.539645, 1641460363.5807173, 1641460364.620297, 1641460365.6582732, 1641460371.0308661, 1641460372.072326, 1641460373.1100776, 1641460374.1469948, 1641460375.1854331, 1641460376.2177057, 1641460377.2543142, 1641460382.6212654, 1641460383.6573424, 1641460384.695852, 1641460385.7318256, 1641460386.7692044, 1641460387.8036022, 1641460388.8378267, 1641460393.992702, 1641460395.024812, 1641460396.0589867, 1641460397.0949695, 1641460398.1293585, 1641460399.1652782, 1641460404.5110412, 1641460405.5756826, 1641460406.6127253, 1641460407.6485958, 1641460408.691605, 1641460409.7308524, 1641460410.7684321, 1641460416.1126986, 1641460417.150471, 1641460418.2154334, 1641460419.2619057, 1641460420.3037338, 1641460421.3607304, 1641460422.3987997, 1641460427.8784256, 1641460428.9451554, 1641460429.9812284, 1641460431.0136826, 1641460432.0495799, 1641460433.084223, 1641460438.4278128, 1641460439.4637487, 1641460440.5255058, 1641460441.560135, 1641460442.5959158, 1641460443.6281645, 1641460444.6654606, 1641460449.9365296, 1641460450.971305, 1641460452.0053735, 1641460453.0391343, 1641460454.0991716, 1641460455.1322906, 1641460456.162107, 1641460461.5794835, 1641460462.6148965, 1641460463.6477427, 1641460464.6815813, 1641460465.7450097, 1641460466.7792351, 1641460472.1253872, 1641460473.1606176, 1641460474.1966784, 1641460475.2317233, 1641460476.265068, 1641460477.2984345, 1641460478.357947, 1641460483.6299744, 1641460484.6662846, 1641460485.6964953, 1641460486.7299168, 1641460487.7650614, 1641460488.7991416, 1641460489.83615, 1641460495.29755, 1641460496.362703, 1641460497.42409, 1641460498.4833434, 1641460499.544711, 1641460500.6051464, 1641460505.8748038, 1641460506.9350674, 1641460507.9994314, 1641460509.0603385, 1641460510.0980127, 1641460511.129874, 1641460512.1658843, 1641460517.3951674, 1641460518.4294715, 1641460519.4622903, 1641460520.49602, 1641460521.5266984, 1641460522.5605905, 1641460523.595184, 1641460528.9582157, 1641460529.9925025, 1641460531.0295331, 1641460532.0639088, 1641460533.0982678, 1641460534.133769, 1641460539.4229286, 1641460540.4557712, 1641460541.4861767, 1641460542.5180225, 1641460543.5556982, 1641460544.5887375, 1641460545.6230147, 1641460550.9586787, 1641460552.0151289, 1641460553.0485625, 1641460554.0804305, 1641460555.1139853, 1641460556.1446214, 1641460557.1774633, 1641460562.3029413, 1641460563.3382537, 1641460564.3713639, 1641460565.404007, 1641460566.4363468, 1641460567.4993296, 1641460572.7619855, 1641460573.7960992, 1641460574.8289685, 1641460575.8604193, 1641460576.8925595, 1641460577.9244702, 1641460578.9554203, 1641460584.252581, 1641460585.2874665, 1641460586.3188512, 1641460587.3516655, 1641460588.3880308, 1641460589.4200613, 1641460590.4514675, 1641460595.895967, 1641460596.931274, 1641460597.9626436, 1641460598.9995248, 1641460600.0346224, 1641460601.0660563, 1641460606.4923024, 1641460607.5241663, 1641460608.5563056, 1641460609.591585, 1641460610.6252458, 1641460611.659678, 1641460612.6939774],