{"initial_reset_timestamp": 1641456567.1861548, "timestamps": [1641456570.431942, 1641456570.6500857, 1641456570.9695451, 1641456571.272853, 1641456571.5663402, 1641456571.8572922, 1641456573.9383478, 1641456574.2262673, 1641456574.512248, 1641456574.7985725, 1641456575.084979, 1641456575.3286264, 1641456575.6118865, 1641456578.0578306, 1641456579.1373706, 1641456580.2152703, 1641456581.2898352, 1641456582.3720007, 1641456583.4624171, 1641456584.551991, 1641456587.47523, 1641456588.5667958, 1641456589.6538515, 1641456590.743452, 1641456591.834707, 1641456592.9286566, 1641456595.8333554, 1641456596.9241974, 1641456598.0186803, 1641456599.1088657, 1641456600.2051067, 1641456601.298896, 1641456602.3898952, 1641456605.2533126, 1641456606.3350875, 1641456607.4119177, 1641456608.4912243, 1641456609.584456, 1641456610.6627553, 1641456611.7369165, 1641456614.5878372, 1641456615.6653183, 1641456616.7368279, 1641456617.816019, 1641456618.8935719, 1641456619.9661632, 1641456622.864924, 1641456623.9431968, 1641456625.0260684, 1641456626.101039, 1641456627.179451, 1641456628.255778, 1641456629.3319056, 1641456632.2387054, 1641456633.3188398, 1641456634.392525, 1641456635.4718692, 1641456636.5445843, 1641456637.6187575, 1641456638.6894991, 1641456641.5951056, 1641456642.6702368, 1641456643.7412093, 1641456644.8162067, 1641456645.9088805, 1641456646.9842048, 1641456649.854223, 1641456650.9103413, 1641456651.9654565, 1641456653.0185106, 1641456654.0712988, 1641456655.1221075, 1641456656.1759534, 1641456658.9835043, 1641456660.0352447, 1641456661.0851219, 1641456662.137182, 1641456663.1888874, 1641456664.237346, 1641456665.3076713, 1641456668.0808325, 1641456669.1306756, 1641456670.1811388, 1641456671.2302532, 1641456672.287838, 1641456673.3685963, 1641456676.290233, 1641456677.3700476, 1641456678.442164, 1641456679.5458503, 1641456680.6185758, 1641456681.68968, 1641456682.7620409, 1641456686.0436838, 1641456687.115866, 1641456688.1929147, 1641456689.267328, 1641456690.3404486, 1641456691.4156506, 1641456692.4863458, 1641456695.6675386, 1641456696.7411354, 1641456697.8142183, 1641456698.8877163, 1641456699.9599557, 1641456701.0375352, 1641456704.2666397, 1641456705.3409827, 1641456706.4128745, 1641456707.485107, 1641456708.5815918, 1641456709.6516953, 1641456710.7248437, 1641456713.904524, 1641456714.9751015, 1641456716.0469937, 1641456717.1189237, 1641456718.195682, 1641456719.2674994, 1641456720.343998, 1641456723.4989383, 1641456724.5809572, 1641456725.6629236, 1641456726.7433932, 1641456727.8275726, 1641456728.9094155, 1641456732.2394779, 1641456733.312405, 1641456734.3791382, 1641456735.4486961, 1641456736.5154371, 1641456737.5830622, 1641456738.6537952, 1641456741.8445337, 1641456742.9129598, 1641456743.9822998, 1641456745.0757284, 1641456746.128592, 1641456747.1801507, 1641456748.2333198, 1641456751.4746282, 1641456752.529725, 1641456753.5848134, 1641456754.6372168, 1641456755.6889508, 1641456756.743541, 1641456760.1202157, 1641456761.1782513, 1641456762.232065, 1641456763.2882488, 1641456764.3441217, 1641456765.4035933, 1641456766.466349, 1641456770.1843836, 1641456771.2474513, 1641456772.3062794, 1641456773.3696253, 1641456774.4316797, 1641456775.4928346, 1641456776.555411, 1641456780.4376214, 1641456781.499229, 1641456782.555468, 1641456783.6102428, 1641456784.6638124, 1641456785.7208672, 1641456789.6191294, 1641456790.6808283, 1641456791.7697337, 1641456792.8308063, 1641456793.8927448, 1641456794.9522932, 1641456796.0050879, 1641456799.7757814, 1641456800.8345597, 1641456801.89254, 1641456802.9481227, 1641456804.0039787, 1641456805.0573328, 1641456806.1137655, 1641456809.8338375, 1641456810.888605, 1641456811.9441552, 1641456812.9975135, 1641456814.0539427, 1641456815.1059244, 1641456818.399194, 1641456819.4551563, 1641456820.5080433, 1641456821.563953, 1641456822.6190631, 1641456823.6714575, 1641456824.7527592, 1641456827.8893862, 1641456828.9716525, 1641456830.0272126, 1641456831.0781207, 1641456832.1341288, 1641456833.1953626, 1641456834.252393, 1641456837.5461774, 1641456838.6045992, 1641456839.6641893, 1641456840.7209444, 1641456841.7762876, 1641456842.8329604, 1641456846.0442584, 1641456847.0980396, 1641456848.15225, 1641456849.2096417, 1641456850.2625172, 1641456851.3157537, 1641456852.3680866, 1641456855.2206714, 1641456856.277081, 1641456857.3379786, 1641456858.3977, 1641456859.4853218, 1641456860.5499964, 1641456861.6119254, 1641456864.3900242, 1641456865.45213, 1641456866.5096824, 1641456867.6036735, 1641456868.6640844, 1641456869.7260418, 1641456872.653251, 1641456873.7437077, 1641456874.8001091, 1641456875.8602483, 1641456876.923803, 1641456877.984298, 1641456879.0511687, 1641456882.0153084, 1641456883.078442, 1641456884.1384766, 1641456885.1977422, 1641456886.2506723, 1641456887.3038192, 1641456888.3589563, 1641456891.333535, 1641456892.3886847, 1641456893.4447672, 1641456894.5063367, 1641456895.5669985, 1641456896.6297488, 1641456899.5421355, 1641456900.6058261, 1641456901.6697166, 1641456902.7349794, 1641456903.8158941, 1641456904.9054596, 1641456905.9958606, 1641456908.9966958, 1641456910.0888212, 1641456911.1772876, 1641456912.2625508, 1641456913.3520522, 1641456914.4415202, 1641456915.5309489, 1641456918.5726104, 1641456919.6623979, 1641456920.748701, 1641456921.8313143, 1641456922.9118361, 1641456923.9878418, 1641456926.931774, 1641456928.0131774, 1641456929.0914586, 1641456930.1703901, 1641456931.2472548, 1641456932.3251758, 1641456933.4013696, 1641456936.3072362, 1641456937.3863568, 1641456938.4675865, 1641456939.547591, 1641456940.6251495, 1641456941.7037365, 1641456942.7812433, 1641456945.659506, 1641456946.739768, 1641456947.811486, 1641456948.8830183, 1641456949.95384, 1641456951.0513322, 1641456953.9505777, 1641456955.0230029, 1641456956.0960865, 1641456957.1688008, 1641456958.2385638, 1641456959.338656, 1641456960.4129472, 1641456963.3799336, 1641456964.4503162, 1641456965.5509014, 1641456966.621908, 1641456967.6951964, 1641456968.7701101, 1641456969.8271291, 1641456972.7949295, 1641456973.8480954, 1641456974.9012864, 1641456975.953702, 1641456977.00864, 1641456978.0627913, 1641456981.0290945, 1641456982.0815322, 1641456983.1352296, 1641456984.1893013, 1641456985.243085, 1641456986.2993886, 1641456987.3540618, 1641456990.3727002, 1641456991.4301436, 1641456992.4849696, 1641456993.5421138, 1641456994.5947354, 1641456995.6483648, 1641456996.7020113, 1641456999.6654873, 1641457000.7211978, 1641457001.777029, 1641457002.832664, 1641457003.8880007, 1641457004.9432793, 1641457007.9927807, 1641457009.043654, 1641457010.0958881, 1641457011.1476007, 1641457012.2026563, 1641457013.2532928, 1641457014.3044062],