{"initial_reset_timestamp": 1641456569.0101705, "timestamps": [1641456569.341246, 1641456569.5070443, 1641456569.675437, 1641456569.8414798, 1641456570.0072808, 1641456570.1720366, 1641456570.3585737, 1641456572.840277, 1641456573.0057528, 1641456573.1723473, 1641456573.3386757, 1641456573.5063367, 1641456573.7022219, 1641456573.8668873, 1641456576.5548267, 1641456576.7199976, 1641456576.8868036, 1641456577.053169, 1641456577.2443368, 1641456577.412525, 1641456577.578332, 1641456585.5874202, 1641456585.759458, 1641456585.9593916, 1641456586.132505, 1641456586.3055704, 1641456586.4792032, 1641456586.6526253, 1641456594.6455178, 1641456594.8146183, 1641456595.0126011, 1641456595.1839979, 1641456595.3535163, 1641456595.5238638, 1641456595.6921403, 1641456603.7836564, 1641456603.949208, 1641456604.114597, 1641456604.280438, 1641456604.4457808, 1641456604.6127958, 1641456604.7783897, 1641456612.7970226, 1641456612.959741, 1641456613.1241143, 1641456613.286262, 1641456613.4498093, 1641456613.6141622, 1641456613.7770472, 1641456621.6994042, 1641456621.871089, 1641456622.04468, 1641456622.215887, 1641456622.386102, 1641456622.557124, 1641456622.7272205, 1641456630.7343717, 1641456630.9069, 1641456631.0783849, 1641456631.25307, 1641456631.4255588, 1641456631.5974426, 1641456631.767084, 1641456639.7586265, 1641456639.9283288, 1641456640.1000314, 1641456640.2734134, 1641456640.446179, 1641456640.61702, 1641456640.7895386, 1641456648.71277, 1641456648.8795874, 1641456649.049209, 1641456649.217085, 1641456649.3820693, 1641456649.5486116, 1641456649.716288, 1641456657.5386558, 1641456657.7014453, 1641456657.8669915, 1641456658.0293362, 1641456658.1937385, 1641456658.3571954, 1641456658.5229938, 1641456666.3243487, 1641456666.4865863, 1641456666.6503627, 1641456666.8141193, 1641456666.9753096, 1641456667.1355932, 1641456667.2936435, 1641456675.053574, 1641456675.221487, 1641456675.3870018, 1641456675.5510645, 1641456675.7106, 1641456675.8172555, 1641456675.980027, 1641456676.148707, 1641456684.0758142, 1641456684.2011108, 1641456684.3435957, 1641456684.5086844, 1641456684.6257434, 1641456684.7439682, 1641456684.8499053, 1641456684.9887493, 1641456685.1333888, 1641456685.298525, 1641456685.4047687, 1641456685.572671, 1641456693.509754, 1641456693.670177, 1641456693.842063, 1641456694.0061567, 1641456694.1201417, 1641456694.2415824, 1641456694.414584, 1641456694.5197282, 1641456694.616871, 1641456694.7329707, 1641456694.863627, 1641456702.7162135, 1641456702.8256774, 1641456702.9297779, 1641456703.0935943, 1641456703.2295141, 1641456703.3622415, 1641456703.4821424, 1641456703.6275914, 1641456703.7397394, 1641456703.8523474, 1641456703.9672697, 1641456704.1290598, 1641456712.0423753, 1641456712.1615858, 1641456712.2987223, 1641456712.4477172, 1641456712.5837173, 1641456712.7068722, 1641456712.831194, 1641456712.9474652, 1641456713.0776367, 1641456713.2594724, 1641456713.436601, 1641456721.3934124, 1641456721.5708692, 1641456721.7371976, 1641456721.8787127, 1641456721.9867344, 1641456722.1104376, 1641456722.273324, 1641456722.3828619, 1641456722.5602558, 1641456722.6860049, 1641456730.6377192, 1641456730.7616477, 1641456730.8810978, 1641456731.0484154, 1641456731.1955812, 1641456731.3231277, 1641456731.4714417, 1641456731.5717058, 1641456731.7100294, 1641456731.828042, 1641456731.9628215, 1641456732.1035614, 1641456739.991373, 1641456740.100089, 1641456740.2759686, 1641456740.377767, 1641456740.4843037, 1641456740.6610608, 1641456740.8410504, 1641456740.9459133, 1641456741.1103737, 1641456741.240062, 1641456741.3775187, 1641456749.216498, 1641456749.33685, 1641456749.4401524, 1641456749.595702, 1641456749.7073145, 1641456749.8326056, 1641456749.9821374, 1641456750.1165085, 1641456750.2605846, 1641456750.4297862, 1641456750.5553555, 1641456750.6858675, 1641456758.4075875, 1641456758.512845, 1641456758.6439147, 1641456758.7497337, 1641456758.8642032, 1641456758.9794357, 1641456759.1329243, 1641456759.2647223, 1641456759.3683565, 1641456759.5089114, 1641456759.64549, 1641456759.7616978, 1641456759.8584847, 1641456759.9863532, 1641456767.8301935, 1641456767.9447963, 1641456768.0381136, 1641456768.160873, 1641456768.2855096, 1641456768.3777268, 1641456768.463593, 1641456768.5546427, 1641456768.6439013, 1641456768.7665737, 1641456768.90485, 1641456769.0194092, 1641456769.155492, 1641456769.2362761, 1641456769.3364954, 1641456769.4287274, 1641456769.5269365, 1641456769.6239731, 1641456769.7198977, 1641456777.527755, 1641456777.6626406, 1641456777.7527974, 1641456777.849865, 1641456777.9358883, 1641456778.028003, 1641456778.1989188, 1641456778.2936122, 1641456778.3903806, 1641456778.513107, 1641456778.6020565, 1641456778.7271533, 1641456778.809286, 1641456778.9021776, 1641456778.9893696, 1641456779.0963762, 1641456779.1928382, 1641456779.3044949, 1641456779.4256015, 1641456779.52307, 1641456779.643979, 1641456787.324012, 1641456787.4242146, 1641456787.5234833, 1641456787.6207826, 1641456787.74741, 1641456787.839586, 1641456787.9400175, 1641456788.0404055, 1641456788.1613808, 1641456788.2568254, 1641456788.3712027, 1641456788.473662, 1641456788.5727146, 1641456788.6765292, 1641456788.7958496, 1641456788.917602, 1641456789.017734, 1641456789.1094124, 1641456789.2134695, 1641456789.310856, 1641456789.4819694, 1641456797.2969456, 1641456797.410826, 1641456797.4954653, 1641456797.5919838, 1641456797.73346, 1641456797.8286405, 1641456797.926911, 1641456798.0533137, 1641456798.1926436, 1641456798.2986975, 1641456798.384291, 1641456798.477865, 1641456798.574215, 1641456798.6622648, 1641456798.7806604, 1641456798.8841188, 1641456799.0121365, 1641456799.1220088, 1641456799.2126553, 1641456799.3129191, 1641456807.0929847, 1641456807.2107882, 1641456807.3071997, 1641456807.4067461, 1641456807.5205016, 1641456807.6282115, 1641456807.7428324, 1641456807.8381462, 1641456807.967378, 1641456808.058531, 1641456808.2098782, 1641456808.3110704, 1641456808.430102, 1641456808.533459, 1641456808.6301734, 1641456808.7478182, 1641456808.8317168, 1641456808.9254699, 1641456809.043413, 1641456816.7271523, 1641456816.8667705, 1641456816.9933417, 1641456817.113508, 1641456817.2902, 1641456817.3897955, 1641456817.5084605, 1641456817.6127708, 1641456817.7248282, 1641456817.858314, 1641456818.004043, 1641456818.1369967, 1641456818.263761, 1641456826.020086, 1641456826.1747112, 1641456826.332723, 1641456826.463596, 1641456826.6397324, 1641456826.7858348, 1641456826.9359224, 1641456827.039034, 1641456827.1458635, 1641456827.2519667, 1641456827.4279141, 1641456835.235979, 1641456835.3549678, 1641456835.4599407, 1641456835.6076753, 1641456835.7130718, 1641456835.9109588, 1641456836.071704, 1641456836.2263765, 1641456836.3454792, 1641456836.4456017, 1641456836.5414078, 1641456836.654994, 1641456836.7548015, 1641456844.4918785, 1641456844.6628282, 1641456844.8260052, 1641456844.9288785, 1641456845.0504932, 1641456845.174017, 1641456845.277691, 1641456845.3626928, 1641456845.5348926, 1641456845.6507618, 1641456845.7655663, 1641456845.9089663, 1641456853.6841705, 1641456853.8462358, 1641456853.9559424, 1641456854.1152534, 1641456854.276701, 1641456854.437508, 1641456854.5979588, 1641456854.7583268, 1641456862.6328125, 1641456862.7931263, 1641456862.9541264, 1641456863.1135435, 1641456863.2725992, 1641456863.4345405, 1641456863.5953836, 1641456871.3988338, 1641456871.5635614, 1641456871.7260652, 1641456871.8957303, 1641456872.0647547, 1641456872.187312, 1641456872.3528705, 1641456872.516437, 1641456880.353396, 1641456880.5266123, 1641456880.7016845, 1641456880.876217, 1641456881.0007677, 1641456881.2002878, 1641456881.3748953, 1641456881.5513537, 1641456889.3010955, 1641456889.4711397, 1641456889.6442978, 1641456889.8441918, 1641456890.0174625, 1641456890.1930575, 1641456890.3699389, 1641456890.5461776, 1641456898.3165574, 1641456898.4935806, 1641456898.6976469, 1641456898.875517, 1641456899.050639, 1641456899.2284374, 1641456899.4056182, 1641456907.4072373, 1641456907.575246, 1641456907.7497482, 1641456907.925961,